OBJECTID,DESCRIPTION,ID,HSTE001,HSTE001_A,thematic_value,Shape__Area,Shape__Length,CreationDate,Creator,EditDate,Editor
1,"G0A (Sainte-Anne-De-Beaupre, QC)",G0A,4149372468.63,106992.22,106992.22,72760823790.5,3028971.212854449,1753809572619,Synapse54,1753809572619,Synapse54
2,"G0C (New Richmond, QC)",G0C,1784955993.08,77796.2,77796.2,22075337398.492188,967680.4043130332,1753809572619,Synapse54,1753809572619,Synapse54
3,"G0E (Grande-Vallee, QC)",G0E,170144325.77,70047.07,70047.07,17330251329.5,625766.1683453334,1753809572619,Synapse54,1753809572619,Synapse54
4,"G0G (Fermont, QC)",G0G,721064286.54,102876.91,102876.91,488246740388.7383,13452850.295035336,1753809572619,Synapse54,1753809572619,Synapse54
5,"G0H (Pessamit, QC)",G0H,415521612.75,86011.51,86011.51,123893631441.5,3217405.6747955983,1753809572619,Synapse54,1753809572619,Synapse54
6,"G0J (Causapscal, QC)",G0J,1012689712.7,72740.25,72740.25,30795263589.0,1187342.219615261,1753809572619,Synapse54,1753809572619,Synapse54
7,"G0K (Sainte-Luce, QC)",G0K,488301276.77,84088.39,84088.39,8964482448.5,530269.0600895187,1753809572619,Synapse54,1753809572619,Synapse54
8,"G0L (Trois-Pistoles, QC)",G0L,2306293008.13,82579.96,82579.96,23226305480.5,1017338.6635460304,1753809572619,Synapse54,1753809572619,Synapse54
9,"G0M (Saint-Prosper-De-Dorchester, QC)",G0M,1344964213.16,86426.18,86426.18,6354665678.5,678703.1375911924,1753809572619,Synapse54,1753809572619,Synapse54
10,"G0N (Disraeli, QC)",G0N,777637809.35,82394.34,82394.34,3579667597.5,610336.508657239,1753809572619,Synapse54,1753809572619,Synapse54
11,"G0P (Ham-Nord, QC)",G0P,255617928.57,83809.16,83809.16,1964344449.0,415202.1877963802,1753809572619,Synapse54,1753809572619,Synapse54
12,"G0R (La Pocatiere, QC)",G0R,3337813274.84,85644.25,85644.25,17275130739.5,769075.2097201231,1753809572619,Synapse54,1753809572619,Synapse54
13,"G0S (Saint-Apollinaire, QC)",G0S,3025804618.67,95007.68,95007.68,7546000235.5,718279.0049398947,1753809572619,Synapse54,1753809572619,Synapse54
14,"G0T (Forestville, QC)",G0T,521178671.04,80255.42,80255.42,20313438075.0,1270528.890385615,1753809572619,Synapse54,1753809572619,Synapse54
15,"G0V (Saint-Honore-De-Chicoutimi, QC)",G0V,857866504.53,100641.31,100641.31,24624561090.5,1237538.7672922572,1753809572619,Synapse54,1753809572619,Synapse54
16,"G0W (Saint-Bruno-Lac-Saint-Jean, QC)",G0W,1404675128.77,90008.66,90008.66,380327320475.0,4323366.579971259,1753809572619,Synapse54,1753809572619,Synapse54
17,"G0X (Notre-Dame-Du-Mont-Carmel, QC)",G0X,2371188105.0,85245.47,85245.47,39978887685.5,2171889.905015521,1753809572619,Synapse54,1753809572619,Synapse54
18,"G0Y (Lac-Drolet, QC)",G0Y,372461855.24,77969.83,77969.83,3810924397.5,557635.8571484805,1753809572619,Synapse54,1753809572619,Synapse54
19,"G0Z (Daveluyville, QC)",G0Z,342617981.03,84785.44,84785.44,1313913827.0,254093.22841298912,1753809572619,Synapse54,1753809572619,Synapse54
20,"G1A (Quebec, QC)",G1A,0.0,0.0,0.0,82312.0,1266.954133788689,1753809572619,Synapse54,1753809572619,Synapse54
21,"G1B (Quebec, QC)",G1B,853782385.4,119745.08,119745.08,87273797.0,41431.67400838665,1753809572619,Synapse54,1753809572619,Synapse54
22,"G1C (Quebec, QC)",G1C,1697125017.82,101752.2,101752.2,42832173.5,38990.399766328665,1753809572619,Synapse54,1753809572619,Synapse54
23,"G1E (Quebec, QC)",G1E,1171439045.62,80428.36,80428.36,21963715.5,24460.60804483201,1753809572619,Synapse54,1753809572619,Synapse54
24,"G1G (Quebec, QC)",G1G,1180306532.82,100665.8,100665.8,23261499.5,21244.010790424363,1753809572619,Synapse54,1753809572619,Synapse54
25,"G1H (Quebec, QC)",G1H,1245295545.62,80921.15,80921.15,17070653.5,16728.070206687444,1753809572619,Synapse54,1753809572619,Synapse54
26,"G1J (Quebec, QC)",G1J,914919595.04,67086.05,67086.05,15486417.5,18318.282612942763,1753809572619,Synapse54,1753809572619,Synapse54
27,"G1K (Quebec, QC)",G1K,816899925.5,69695.41,69695.41,9532326.5,27604.32226056824,1753809572619,Synapse54,1753809572619,Synapse54
28,"G1L (Quebec, QC)",G1L,896931441.54,66910.22,66910.22,8545974.0,13500.51656374446,1753809572619,Synapse54,1753809572619,Synapse54
29,"G1M (Quebec, QC)",G1M,883163070.42,81615.66,81615.66,17720734.5,19033.029965482125,1753809572619,Synapse54,1753809572619,Synapse54
30,"G1N (Quebec, QC)",G1N,371922529.68,64513.88,64513.88,13120575.0,20830.816804197915,1753809572619,Synapse54,1753809572619,Synapse54
31,"G1P (Quebec, QC)",G1P,670003248.56,82614.46,82614.46,23560383.5,22665.24353657779,1753809572619,Synapse54,1753809572619,Synapse54
32,"G1R (Quebec, QC)",G1R,867209233.85,82434.34,82434.34,6291861.0,12661.880571938687,1753809572619,Synapse54,1753809572619,Synapse54
33,"G1S (Quebec, QC)",G1S,1503441565.15,104116.45,104116.45,11216915.28125,15661.567182113036,1753809572619,Synapse54,1753809572619,Synapse54
34,"G1T (Quebec, QC)",G1T,521711570.99,179529.1,179529.1,7077771.5,17602.81541790566,1753809572619,Synapse54,1753809572619,Synapse54
35,"G1V (Quebec, QC)",G1V,995597469.54,75965.01,75965.01,15730102.0,17979.112647239195,1753809572619,Synapse54,1753809572619,Synapse54
36,"G1W (Quebec, QC)",G1W,1341028548.1,120422.82,120422.82,17198639.5,21801.94208985731,1753809572619,Synapse54,1753809572619,Synapse54
37,"G1X (Quebec, QC)",G1X,1442771061.26,105938.11,105938.11,27103326.0,27337.079999136095,1753809572619,Synapse54,1753809572619,Synapse54
38,"G1Y (Quebec, QC)",G1Y,815193348.27,141207.92,141207.92,14262450.5,17939.63034370007,1753809572619,Synapse54,1753809572619,Synapse54
39,"G2A (Quebec, QC)",G2A,882988372.13,104731.16,104731.16,47271562.5,46123.605864486206,1753809572619,Synapse54,1753809572619,Synapse54
40,"G2B (Quebec, QC)",G2B,1146134156.99,100520.45,100520.45,24328924.5,22475.77399457994,1753809572619,Synapse54,1753809572619,Synapse54
41,"G2C (Quebec, QC)",G2C,659633246.31,105880.14,105880.14,18432837.5,23131.360190110616,1753809572619,Synapse54,1753809572619,Synapse54
42,"G2E (Quebec, QC)",G2E,1055939924.41,109548.7,109548.7,27707972.5,23903.30796073271,1753809572619,Synapse54,1753809572619,Synapse54
43,"G2G (Quebec, QC)",G2G,549811194.58,113714.83,113714.83,101799470.5,45275.85044604026,1753809572619,Synapse54,1753809572619,Synapse54
44,"G2J (Quebec, QC)",G2J,157884031.99,89099.34,89099.34,5412144.5,9862.14108739791,1753809572619,Synapse54,1753809572619,Synapse54
45,"G2K (Quebec, QC)",G2K,786291991.26,108066.52,108066.52,30349819.5,31745.12588440936,1753809572619,Synapse54,1753809572619,Synapse54
46,"G2L (Quebec, QC)",G2L,762310376.77,111775.72,111775.72,25127554.5,22805.966601331882,1753809572619,Synapse54,1753809572619,Synapse54
47,"G2M (Quebec, QC)",G2M,327834330.71,132458.32,132458.32,44779584.0,34604.08492657024,1753809572619,Synapse54,1753809572619,Synapse54
48,"G2N (Quebec, QC)",G2N,411865070.38,113869.25,113869.25,31035228.5,31796.238354131285,1753809572619,Synapse54,1753809572619,Synapse54
49,"G3A (St-Augustin-De-Desmaures, QC)",G3A,1298082724.32,141882.47,141882.47,188876871.0,74472.4753726992,1753809572619,Synapse54,1753809572619,Synapse54
50,"G3B (Lac-Beauport, QC)",G3B,580291369.67,169527.13,169527.13,139197319.5,64423.23371099803,1753809572619,Synapse54,1753809572619,Synapse54
51,"G3C (Stoneham-Et-Tewkesbury, QC)",G3C,597695459.37,131679.99,131679.99,1330849498.5,175874.56931808186,1753809572619,Synapse54,1753809572619,Synapse54
52,"G3E (Quebec, QC)",G3E,781707037.33,123492.42,123492.42,18489209.0,20620.301807363456,1753809572619,Synapse54,1753809572619,Synapse54
53,"G3G (Quebec, QC)",G3G,475462191.4,110985.57,110985.57,83002473.0,53192.861834286385,1753809572619,Synapse54,1753809572619,Synapse54
54,"G3H (Pont-Rouge, QC)",G3H,483558042.05,105373.29,105373.29,279179695.0,100842.62742278028,1753809572619,Synapse54,1753809572619,Synapse54
55,"G3J (Quebec, QC)",G3J,504081086.62,107686.62,107686.62,85589532.0,54640.87343863765,1753809572619,Synapse54,1753809572619,Synapse54
56,"G3K (Quebec, QC)",G3K,1038647271.88,121195.71,121195.71,66926850.0,43417.9629367511,1753809572619,Synapse54,1753809572619,Synapse54
57,"G3L (Saint-Raymond, QC)",G3L,486719266.72,91471.39,91471.39,2499240685.5,293711.66523440205,1753809572619,Synapse54,1753809572619,Synapse54
58,"G3M (Donnacona, QC)",G3M,319646546.04,89336.65,89336.65,76895468.5,38932.06578942634,1753809572619,Synapse54,1753809572619,Synapse54
59,"G3N (Ste-Catherine-De-La-J-Cartier, QC)",G3N,599160004.95,129464.13,129464.13,179093818.5,91193.27748891739,1753809572619,Synapse54,1753809572619,Synapse54
60,"G3S (Quebec, QC)",G3S,384126825.37,144626.06,144626.06,162242772.5,88360.35793053103,1753809572619,Synapse54,1753809572619,Synapse54
61,"G3Z (Baie-Saint-Paul, QC)",G3Z,307708906.88,83074.76,83074.76,1221045873.0,165284.53951195258,1753809572619,Synapse54,1753809572619,Synapse54
62,"G4A (Clermont, QC)",G4A,131719372.45,85255.26,85255.26,1226794529.0,167560.43929327332,1753809572619,Synapse54,1753809572619,Synapse54
63,"G4R (Sept-Iles, QC)",G4R,922756553.17,100006.13,100006.13,1888740693.0195312,364416.3918226564,1753809572619,Synapse54,1753809572619,Synapse54
64,"G4S (Sept-Iles, QC)",G4S,231956427.24,107238.29,107238.29,13736729.5,31952.335224803264,1753809572619,Synapse54,1753809572619,Synapse54
65,"G4T (Les Iles-De-La-Madeleine, QC)",G4T,596748426.45,94993.38,94993.38,500054815.0,511013.5871236407,1753809572619,Synapse54,1753809572619,Synapse54
66,"G4V (Sainte-Anne-Des-Monts, QC)",G4V,235721963.37,72663.98,72663.98,780273522.0,168670.12216022852,1753809572619,Synapse54,1753809572619,Synapse54
67,"G4W (Matane, QC)",G4W,565687998.16,76064.0,76064.0,466220652.0,100520.51806568402,1753809572619,Synapse54,1753809572619,Synapse54
68,"G4X (Gaspe, QC)",G4X,630671706.02,87825.05,87825.05,2615126201.546875,406673.89112098655,1753809572619,Synapse54,1753809572619,Synapse54
69,"G4Z (Baie-Comeau, QC)",G4Z,431936636.67,98279.1,98279.1,1669244051.0,336717.80497552885,1753809572619,Synapse54,1753809572619,Synapse54
70,"G5A (La Malbaie, QC)",G5A,336078390.59,83851.89,83851.89,905867526.5,176911.55690727945,1753809572619,Synapse54,1753809572619,Synapse54
71,"G5B (Port-Cartier, QC)",G5B,293023779.95,105290.61,105290.61,742256392.5,203831.72178845698,1753809572619,Synapse54,1753809572619,Synapse54
72,"G5C (Baie-Comeau, QC)",G5C,490018605.26,93177.14,93177.14,78061848.0,48691.63220890317,1753809572619,Synapse54,1753809572619,Synapse54
73,"G5H (Mont-Joli, QC)",G5H,245174439.64,73142.73,73142.73,128376656.5,53923.191144203476,1753809572619,Synapse54,1753809572619,Synapse54
74,"G5J (Amqui, QC)",G5J,241054895.49,80271.36,80271.36,310530648.5,97437.56642828621,1753809572619,Synapse54,1753809572619,Synapse54
75,"G5L (Rimouski, QC)",G5L,1169541514.12,77473.6,77473.6,115966883.0,88926.49071239203,1753809572619,Synapse54,1753809572619,Synapse54
76,"G5M (Rimouski, QC)",G5M,426305343.96,104563.49,104563.49,66332097.0,52169.63739391678,1753809572619,Synapse54,1753809572619,Synapse54
77,"G5N (Rimouski, QC)",G5N,393064612.04,105747.81,105747.81,414167429.0,104413.83144964176,1753809572619,Synapse54,1753809572619,Synapse54
78,"G5R (Riviere-Du-Loup, QC)",G5R,861192697.62,86595.55,86595.55,182737573.0,77061.18159356514,1753809572619,Synapse54,1753809572619,Synapse54
79,"G5T (Degelis, QC)",G5T,106974078.23,75122.25,75122.25,1107888892.0,146757.59518407704,1753809572619,Synapse54,1753809572619,Synapse54
80,"G5V (Montmagny, QC)",G5V,438539155.01,76188.18,76188.18,282245095.0,82682.88684580137,1753809572619,Synapse54,1753809572619,Synapse54
81,"G5X (Beauceville, QC)",G5X,248040538.0,87708.82,87708.82,336857190.0,91090.00846556539,1753809572619,Synapse54,1753809572619,Synapse54
82,"G5Y (Saint-Georges, QC)",G5Y,973897359.86,81117.55,81117.55,169548327.0,148240.89990521545,1753809572619,Synapse54,1753809572619,Synapse54
83,"G5Z (Saint-Georges, QC)",G5Z,345485796.15,103007.09,103007.09,219710089.0,133870.3845435117,1753809572619,Synapse54,1753809572619,Synapse54
84,"G6A (Saint-Georges, QC)",G6A,98662655.28,113535.85,113535.85,12731588.0,28099.846637013223,1753809572619,Synapse54,1753809572619,Synapse54
85,"G6B (Lac-Megantic, QC)",G6B,322932082.74,76397.46,76397.46,525968305.0,147830.6226949515,1753809572619,Synapse54,1753809572619,Synapse54
86,"G6C (Pintendre, QC)",G6C,397244453.75,108774.49,108774.49,171728656.5,62758.50767570228,1753809572619,Synapse54,1753809572619,Synapse54
87,"G6E (Sainte-Marie, QC)",G6E,586543620.34,100401.17,100401.17,242749292.5,88129.38426536831,1753809572619,Synapse54,1753809572619,Synapse54
88,"G6G (Thetford Mines, QC)",G6G,771041293.43,76766.36,76766.36,432553661.5,137866.85051543516,1753809572619,Synapse54,1753809572619,Synapse54
89,"G6H (Thetford Mines, QC)",G6H,254481211.65,79874.83,79874.83,381525955.5,208711.52055490302,1753809572619,Synapse54,1753809572619,Synapse54
90,"G6J (Saint-Etienne-De-Lauzon, QC)",G6J,520962025.88,113846.6,113846.6,170941088.5,68005.84099520143,1753809572619,Synapse54,1753809572619,Synapse54
91,"G6K (Saint-Redempteur, QC)",G6K,435407892.92,131146.96,131146.96,8847420.0,13869.752401834681,1753809572619,Synapse54,1753809572619,Synapse54
92,"G6L (Plessisville, QC)",G6L,600576025.95,80603.41,80603.41,727703425.5,150480.86599396955,1753809572619,Synapse54,1753809572619,Synapse54
93,"G6P (Victoriaville, QC)",G6P,1136649842.13,74305.41,74305.41,43162857.0,67077.33804588739,1753809572619,Synapse54,1753809572619,Synapse54
94,"G6R (Victoriaville, QC)",G6R,209696238.84,112800.56,112800.56,111890007.5,67049.5189257073,1753809572619,Synapse54,1753809572619,Synapse54
95,"G6S (Victoriaville, QC)",G6S,231800957.6,98471.09,98471.09,93883157.5,65606.32420350032,1753809572619,Synapse54,1753809572619,Synapse54
96,"G6T (Victoriaville, QC)",G6T,530472938.93,108105.35,108105.35,97646146.0,79862.46403678902,1753809572619,Synapse54,1753809572619,Synapse54
97,"G6V (Levis, QC)",G6V,1454909610.67,86038.42,86038.42,51005706.5,85820.66591178898,1753809572619,Synapse54,1753809572619,Synapse54
98,"G6W (Levis, QC)",G6W,1258922669.97,99906.57,99906.57,54365583.5,57031.8227070878,1753809572619,Synapse54,1753809572619,Synapse54
99,"G6X (Levis, QC)",G6X,429825809.61,89921.72,89921.72,17532207.0,18566.178953389182,1753809572619,Synapse54,1753809572619,Synapse54
100,"G6Y (Levis, QC)",G6Y,401505829.91,117365.05,117365.05,48673784.5,36076.08982567784,1753809572619,Synapse54,1753809572619,Synapse54
101,"G6Z (Saint-Jean-Chrysostome, QC)",G6Z,1294764900.71,130929.81,130929.81,206313300.5,81637.94553350794,1753809572619,Synapse54,1753809572619,Synapse54
102,"G7A (Saint-Nicolas, QC)",G7A,1474999665.83,133823.23,133823.23,206385794.0,76585.07395132218,1753809572619,Synapse54,1753809572619,Synapse54
103,"G7B (La Baie, QC)",G7B,827079992.73,96497.49,96497.49,731098795.5,122236.04683671948,1753809572619,Synapse54,1753809572619,Synapse54
104,"G7G (Chicoutimi, QC)",G7G,793873360.22,104374.62,104374.62,83451590.0,72026.82978856695,1753809572619,Synapse54,1753809572619,Synapse54
105,"G7H (Chicoutimi, QC)",G7H,1402130161.25,93593.9,93593.9,335780132.5,155297.87503251838,1753809572619,Synapse54,1753809572619,Synapse54
106,"G7J (Chicoutimi, QC)",G7J,658848873.19,92379.26,92379.26,48516569.0,31553.718168111947,1753809572619,Synapse54,1753809572619,Synapse54
107,"G7K (Chicoutimi, QC)",G7K,40678085.25,112060.84,112060.84,13787400.5,25129.491914885974,1753809572619,Synapse54,1753809572619,Synapse54
108,"G7N (Laterriere, QC)",G7N,338230988.84,126915.94,126915.94,572266521.5,131134.86527943268,1753809572619,Synapse54,1753809572619,Synapse54
109,"G7P (Chicoutimi, QC)",G7P,353551978.66,106044.38,106044.38,535052258.5,133662.40227307807,1753809572619,Synapse54,1753809572619,Synapse54
110,"G7S (Jonquiere, QC)",G7S,1004504329.12,114538.69,114538.69,90965725.5,53543.07738017431,1753809572619,Synapse54,1753809572619,Synapse54
111,"G7T (Jonquiere, QC)",G7T,95245851.53,118317.83,118317.83,11024436.0,23113.794147733155,1753809572619,Synapse54,1753809572619,Synapse54
112,"G7X (Jonquiere, QC)",G7X,1120489056.14,84158.71,84158.71,675028246.5,279259.2165036962,1753809572619,Synapse54,1753809572619,Synapse54
113,"G7Y (Jonquiere, QC)",G7Y,31746199.11,106530.87,106530.87,28364189.0,37375.76013155794,1753809572619,Synapse54,1753809572619,Synapse54
114,"G7Z (Jonquiere, QC)",G7Z,133345789.07,121999.81,121999.81,16183341.0,21290.870310459137,1753809572619,Synapse54,1753809572619,Synapse54
115,"G8A (Jonquiere, QC)",G8A,267794519.73,92726.63,92726.63,52092756.5,55678.19403946566,1753809572619,Synapse54,1753809572619,Synapse54
116,"G8B (Alma, QC)",G8B,887171279.6,84969.95,84969.95,297457310.0,211237.01895446505,1753809572619,Synapse54,1753809572619,Synapse54
117,"G8C (Alma, QC)",G8C,259499682.39,113071.76,113071.76,47590945.0,51183.77436174367,1753809572619,Synapse54,1753809572619,Synapse54
118,"G8E (Alma, QC)",G8E,172939062.89,99619.28,99619.28,198550679.5,111351.61663855895,1753809572619,Synapse54,1753809572619,Synapse54
119,"G8G (Metabetchouan-Lac-A-La-Croix, QC)",G8G,172059549.77,89895.27,89895.27,435537293.5,100773.33142038128,1753809572619,Synapse54,1753809572619,Synapse54
120,"G8H (Roberval, QC)",G8H,421130080.38,84649.26,84649.26,543189787.1757812,135904.14248114204,1753809572619,Synapse54,1753809572619,Synapse54
121,"G8J (Chicoutimi, QC)",G8J,166987375.84,88073.51,88073.51,2344096837.0,302744.5493028244,1753809572619,Synapse54,1753809572619,Synapse54
122,"G8K (Saint-Felicien, QC)",G8K,436724759.7,87713.35,87713.35,860422895.5,186957.39961478047,1753809572619,Synapse54,1753809572619,Synapse54
123,"G8L (Dolbeau-Mistassini, QC)",G8L,554192116.74,82801.75,82801.75,3537542888.8203125,527284.6001355818,1753809572619,Synapse54,1753809572619,Synapse54
124,"G8M (Normandin, QC)",G8M,206947821.58,89394.31,89394.31,1017813603.5,185656.56193391615,1753809572619,Synapse54,1753809572619,Synapse54
125,"G8N (Hebertville, QC)",G8N,105681448.03,93358.17,93358.17,473865737.0,121456.61747790436,1753809572619,Synapse54,1753809572619,Synapse54
126,"G8P (Chibougamau, QC)",G8P,303009178.86,92606.72,92606.72,2435879767.5,197043.63571528325,1753809572619,Synapse54,1753809572619,Synapse54
127,"G8T (Trois-Rivieres, QC)",G8T,1030963387.05,72368.62,72368.62,53667241.0,76442.1934749919,1753809572619,Synapse54,1753809572619,Synapse54
128,"G8V (Trois-Rivieres, QC)",G8V,494795522.97,105522.61,105522.61,104632608.0,66015.1834431966,1753809572619,Synapse54,1753809572619,Synapse54
129,"G8W (Trois-Rivieres, QC)",G8W,501994112.65,98045.73,98045.73,128446737.0,76697.25349343411,1753809572619,Synapse54,1753809572619,Synapse54
130,"G8Y (Trois-Rivieres, QC)",G8Y,1528279490.16,92915.83,92915.83,45724725.5,37933.330899285655,1753809572619,Synapse54,1753809572619,Synapse54
131,"G8Z (Trois-Rivieres, QC)",G8Z,485225074.12,64878.34,64878.34,16678138.0,22099.08240994394,1753809572619,Synapse54,1753809572619,Synapse54
132,"G9A (Trois-Rivieres, QC)",G9A,735512384.67,60501.14,60501.14,105086814.0,113245.62209754915,1753809572619,Synapse54,1753809572619,Synapse54
133,"G9B (Trois-Rivieres, QC)",G9B,978227322.17,113747.36,113747.36,216934834.5,89385.35803757486,1753809572619,Synapse54,1753809572619,Synapse54
134,"G9C (Trois-Rivieres, QC)",G9C,209764669.67,118377.35,118377.35,12875179.0,26201.339674832936,1753809572619,Synapse54,1753809572619,Synapse54
135,"G9H (Becancour, QC)",G9H,691400208.33,102948.21,102948.21,965246378.5,214717.67022828877,1753809572619,Synapse54,1753809572619,Synapse54
136,"G9N (Shawinigan, QC)",G9N,583648447.83,63891.46,63891.46,149583035.5,113854.1611209567,1753809572619,Synapse54,1753809572619,Synapse54
137,"G9P (Shawinigan, QC)",G9P,472129884.01,80103.48,80103.48,32510118.0,38949.97843748969,1753809572619,Synapse54,1753809572619,Synapse54
138,"G9R (Shawinigan, QC)",G9R,118504763.4,99333.41,99333.41,156430596.5,105284.31387222232,1753809572619,Synapse54,1753809572619,Synapse54
139,"G9T (Grand-Mere, QC)",G9T,637170820.06,73389.87,73389.87,175921560.5,90399.15322236488,1753809572619,Synapse54,1753809572619,Synapse54
140,"G9X (La Tuque, QC)",G9X,423822219.94,79830.89,79830.89,4798536478.5,388015.362952818,1753809572619,Synapse54,1753809572619,Synapse54
141,"H0M (Akwesasne, QC)",H0M,0.0,0.0,0.0,4195699.0,36371.52492841964,1753809572619,Synapse54,1753809572619,Synapse54
142,"H1A (Montreal, QC)",H1A,1448208267.5,93801.95,93801.95,32047972.5,27217.161718354222,1753809572619,Synapse54,1753809572619,Synapse54
143,"H1B (Montreal, QC)",H1B,784853690.31,84220.81,84220.81,42382103.0,29920.24369847441,1753809572619,Synapse54,1753809572619,Synapse54
144,"H1C (Montreal, QC)",H1C,669008702.54,132398.32,132398.32,26679819.5,25870.587310829436,1753809572619,Synapse54,1753809572619,Synapse54
145,"H1E (Montreal, QC)",H1E,1687367991.43,97271.46,97271.46,29995565.0,23264.2709841518,1753809572619,Synapse54,1753809572619,Synapse54
146,"H1G (Montreal, QC)",H1G,1523933427.23,72585.54,72585.54,16132403.5,17322.15503203977,1753809572619,Synapse54,1753809572619,Synapse54
147,"H1H (Montreal, QC)",H1H,1161687464.84,69716.59,69716.59,10210927.5,13709.108640935121,1753809572619,Synapse54,1753809572619,Synapse54
148,"H1J (Montreal, QC)",H1J,454536822.89,93641.7,93641.7,18502722.0,18581.449355666224,1753809572619,Synapse54,1753809572619,Synapse54
149,"H1K (Montreal, QC)",H1K,1520377846.81,95910.79,95910.79,12667226.5,15052.99246391506,1753809572619,Synapse54,1753809572619,Synapse54
150,"H1L (Montreal, QC)",H1L,1336340333.77,79199.92,79199.92,13596541.5,17573.19469361058,1753809572619,Synapse54,1753809572619,Synapse54
151,"H1M (Montreal, QC)",H1M,1221818854.08,85179.79,85179.79,10690212.5,15457.65729265879,1753809572619,Synapse54,1753809572619,Synapse54
152,"H1N (Montreal, QC)",H1N,935807685.12,76561.21,76561.21,114734629.5,108616.9951420107,1753809572619,Synapse54,1753809572619,Synapse54
153,"H1P (Montreal, QC)",H1P,693255971.15,89602.68,89602.68,10601632.5,14342.38560083787,1753809572619,Synapse54,1753809572619,Synapse54
154,"H1R (Montreal, QC)",H1R,1091006266.74,89360.82,89360.82,9518827.0,14180.86920094836,1753809572619,Synapse54,1753809572619,Synapse54
155,"H1S (Montreal, QC)",H1S,898804211.04,78374.97,78374.97,7438851.0,13261.062397135287,1753809572619,Synapse54,1753809572619,Synapse54
156,"H1T (Montreal, QC)",H1T,1329092119.05,82990.45,82990.45,8407123.5,15836.037610683787,1753809572619,Synapse54,1753809572619,Synapse54
157,"H1V (Montreal, QC)",H1V,967335010.32,79491.74,79491.74,6852649.0,10988.833869692491,1753809572619,Synapse54,1753809572619,Synapse54
158,"H1W (Montreal, QC)",H1W,1361555657.69,75726.12,75726.12,6100526.0,11263.239274717751,1753809572619,Synapse54,1753809572619,Synapse54
159,"H1X (Montreal, QC)",H1X,1292359200.5,79598.37,79598.37,8450164.0,13619.608619583656,1753809572619,Synapse54,1753809572619,Synapse54
160,"H1Y (Montreal, QC)",H1Y,1405034008.03,91283.39,91283.39,5352874.0,10916.549919811729,1753809572619,Synapse54,1753809572619,Synapse54
161,"H1Z (Montreal, QC)",H1Z,987374918.65,68015.08,68015.08,14307589.5,14883.881987328181,1753809572619,Synapse54,1753809572619,Synapse54
162,"H2A (Montreal, QC)",H2A,680860514.06,69853.34,69853.34,4232942.0,8758.55230005682,1753809572619,Synapse54,1753809572619,Synapse54
163,"H2B (Montreal, QC)",H2B,673120372.7,79255.9,79255.9,5947505.5,9676.70118562271,1753809572619,Synapse54,1753809572619,Synapse54
164,"H2C (Montreal, QC)",H2C,892790340.31,94345.38,94345.38,5556278.0,9971.926462140602,1753809572619,Synapse54,1753809572619,Synapse54
165,"H2E (Montreal, QC)",H2E,847839344.25,73488.72,73488.72,3830518.5,8073.841629300861,1753809572619,Synapse54,1753809572619,Synapse54
166,"H2G (Montreal, QC)",H2G,972547746.27,85476.16,85476.16,4217958.5,9248.80721597901,1753809572619,Synapse54,1753809572619,Synapse54
167,"H2H (Montreal, QC)",H2H,661525161.14,88974.47,88974.47,2682198.0,6982.709947140798,1753809572619,Synapse54,1753809572619,Synapse54
168,"H2J (Montreal, QC)",H2J,1506696807.58,99787.85,99787.85,3975815.0,8085.511309426667,1753809572619,Synapse54,1753809572619,Synapse54
169,"H2K (Montreal, QC)",H2K,1291592288.84,73657.96,73657.96,5762510.0,9775.787359183401,1753809572619,Synapse54,1753809572619,Synapse54
170,"H2L (Montreal, QC)",H2L,1470634329.55,85561.69,85561.69,5652250.0,10530.305700195246,1753809572619,Synapse54,1753809572619,Synapse54
171,"H2M (Montreal, QC)",H2M,835456614.7,88642.61,88642.61,6840427.0,11504.156734199103,1753809572619,Synapse54,1753809572619,Synapse54
172,"H2N (Montreal, QC)",H2N,216526353.27,75814.55,75814.55,2336770.0,6414.770804238481,1753809572619,Synapse54,1753809572619,Synapse54
173,"H2P (Montreal, QC)",H2P,679959550.91,89692.59,89692.59,3440041.0,8481.97690702558,1753809572619,Synapse54,1753809572619,Synapse54
174,"H2R (Montreal, QC)",H2R,1200225407.23,91592.29,91592.29,4573627.0,8588.564684485442,1753809572619,Synapse54,1753809572619,Synapse54
175,"H2S (Montreal, QC)",H2S,1471269538.49,90903.28,90903.28,5062352.5,9483.95666520098,1753809572619,Synapse54,1753809572619,Synapse54
176,"H2T (Montreal, QC)",H2T,902848973.54,93763.52,93763.52,2792933.0,7309.603445409373,1753809572619,Synapse54,1753809572619,Synapse54
177,"H2V (Montreal, QC)",H2V,2520190427.93,193399.62,193399.62,9406781.5,15649.479624539856,1753809572619,Synapse54,1753809572619,Synapse54
178,"H2W (Montreal, QC)",H2W,549317747.29,89131.55,89131.55,2122029.5,6886.736160398394,1753809572619,Synapse54,1753809572619,Synapse54
179,"H2X (Montreal, QC)",H2X,1021509773.23,69899.4,69899.4,3260860.5,9016.990098210114,1753809572619,Synapse54,1753809572619,Synapse54
180,"H2Y (Montreal, QC)",H2Y,402655312.08,152520.95,152520.95,1658875.0,7811.331119881591,1753809572619,Synapse54,1753809572619,Synapse54
181,"H2Z (Montreal, QC)",H2Z,266339273.82,99380.33,99380.33,598367.5,3228.1201023826216,1753809572619,Synapse54,1753809572619,Synapse54
182,"H3A (Montreal, QC)",H3A,303911012.75,91429.31,91429.31,1952640.0,8051.6260641867375,1753809572619,Synapse54,1753809572619,Synapse54
183,"H3B (Montreal, QC)",H3B,132387467.18,87848.35,87848.35,927950.0,5036.520981944944,1753809572619,Synapse54,1753809572619,Synapse54
184,"H3C (Montreal, QC)",H3C,1670328072.84,118757.77,118757.77,17209727.0,33681.90517416176,1753809572619,Synapse54,1753809572619,Synapse54
185,"H3E (Montreal, QC)",H3E,1829935143.37,165261.01,165261.01,9825716.5,14615.034290309737,1753809572619,Synapse54,1753809572619,Synapse54
186,"H3G (Montreal, QC)",H3G,941799238.13,113826.35,113826.35,2139910.0,8520.81981818768,1753809572619,Synapse54,1753809572619,Synapse54
187,"H3H (Montreal, QC)",H3H,1085904309.4,83357.97,83357.97,5138945.5,17420.06994824536,1753809572619,Synapse54,1753809572619,Synapse54
188,"H3J (Montreal, QC)",H3J,745568922.81,114438.82,114438.82,2674031.0,6742.466153977455,1753809572619,Synapse54,1753809572619,Synapse54
189,"H3K (Montreal, QC)",H3K,775758995.29,97103.39,97103.39,6571158.0,11318.657050191392,1753809572619,Synapse54,1753809572619,Synapse54
190,"H3L (Montreal, QC)",H3L,1019476600.91,99714.07,99714.07,8682987.0,13055.356607199148,1753809572619,Synapse54,1753809572619,Synapse54
191,"H3M (Montreal, QC)",H3M,566887686.73,90644.02,90644.02,5900605.5,11105.82837103115,1753809572619,Synapse54,1753809572619,Synapse54
192,"H3N (Montreal, QC)",H3N,800969060.56,62634.43,62634.43,3362662.5,8891.918324885475,1753809572619,Synapse54,1753809572619,Synapse54
193,"H3P (Montreal, QC)",H3P,918822384.21,239463.74,239463.74,5651704.5,9798.453260458433,1753809572619,Synapse54,1753809572619,Synapse54
194,"H3R (Montreal, QC)",H3R,1112737669.35,287158.11,287158.11,5400500.0,9553.23690396402,1753809572619,Synapse54,1753809572619,Synapse54
195,"H3S (Montreal, QC)",H3S,1310987388.7,83576.91,83576.91,5351564.5,9656.774003388971,1753809572619,Synapse54,1753809572619,Synapse54
196,"H3T (Montreal, QC)",H3T,569288087.14,80158.84,80158.84,3607516.5,8899.065890536858,1753809572619,Synapse54,1753809572619,Synapse54
197,"H3V (Montreal, QC)",H3V,289982851.91,71091.65,71091.65,3676769.0,9340.08432806038,1753809572619,Synapse54,1753809572619,Synapse54
198,"H3W (Montreal, QC)",H3W,1207465429.22,90311.55,90311.55,5569083.5,12464.00419712417,1753809572619,Synapse54,1753809572619,Synapse54
199,"H3X (Montreal, QC)",H3X,1715999783.13,157822.11,157822.11,8676070.0,13038.712105834822,1753809572619,Synapse54,1753809572619,Synapse54
200,"H3Y (Montreal, QC)",H3Y,3210318756.05,810686.55,810686.55,5680936.5,10400.46779440301,1753809572619,Synapse54,1753809572619,Synapse54
201,"H3Z (Montreal, QC)",H3Z,1009694415.43,186565.86,186565.86,2971245.0,7979.12833061372,1753809572619,Synapse54,1753809572619,Synapse54
202,"H4A (Montreal, QC)",H4A,1712509595.48,138306.38,138306.38,6339669.0,10830.775097279686,1753809572619,Synapse54,1753809572619,Synapse54
203,"H4B (Montreal, QC)",H4B,993155547.97,86076.92,86076.92,5495449.5,11430.593825626274,1753809572619,Synapse54,1753809572619,Synapse54
204,"H4C (Montreal, QC)",H4C,908163489.98,89668.59,89668.59,10079054.5,19231.90024241674,1753809572619,Synapse54,1753809572619,Synapse54
205,"H4E (Montreal, QC)",H4E,1245806139.64,78579.93,78579.93,10446763.5,18116.080205740356,1753809572619,Synapse54,1753809572619,Synapse54
206,"H4G (Verdun, QC)",H4G,1365418678.57,81840.01,81840.01,6200126.5,10435.627645908377,1753809572619,Synapse54,1753809572619,Synapse54
207,"H4H (Verdun, QC)",H4H,840990949.83,94144.29,94144.29,6500184.5,11023.978149390903,1753809572619,Synapse54,1753809572619,Synapse54
208,"H4J (Montreal, QC)",H4J,634392652.71,82840.51,82840.51,6400914.5,12111.703398579217,1753809572619,Synapse54,1753809572619,Synapse54
209,"H4K (Montreal, QC)",H4K,621208820.25,153082.51,153082.51,10268900.0,15365.586434704945,1753809572619,Synapse54,1753809572619,Synapse54
210,"H4L (Montreal, QC)",H4L,1320618527.66,85994.56,85994.56,10499306.5,13425.367090877367,1753809572619,Synapse54,1753809572619,Synapse54
211,"H4M (Montreal, QC)",H4M,606689666.79,120566.31,120566.31,6193041.5,11376.386905744941,1753809572619,Synapse54,1753809572619,Synapse54
212,"H4N (Montreal, QC)",H4N,953961082.25,73455.08,73455.08,11515200.0,17692.530830513202,1753809572619,Synapse54,1753809572619,Synapse54
213,"H4P (Montreal, QC)",H4P,469911717.11,94759.37,94759.37,7616644.5,13917.162705093007,1753809572619,Synapse54,1753809572619,Synapse54
214,"H4R (Montreal, QC)",H4R,1867616600.91,148612.76,148612.76,19778627.5,19925.041667183443,1753809572619,Synapse54,1753809572619,Synapse54
215,"H4S (Montreal, QC)",H4S,39727774.66,245233.18,245233.18,25736787.0,27350.179631335064,1753809572619,Synapse54,1753809572619,Synapse54
216,"H4T (Montreal, QC)",H4T,1447877.52,111375.19,111375.19,12913673.5,17286.679172996657,1753809572619,Synapse54,1753809572619,Synapse54
217,"H4V (Montreal, QC)",H4V,831228810.08,91293.66,91293.66,4860370.5,9490.823388671204,1753809572619,Synapse54,1753809572619,Synapse54
218,"H4W (Montreal, QC)",H4W,1438334952.35,124348.14,124348.14,15741448.0,18055.60507168441,1753809572619,Synapse54,1753809572619,Synapse54
219,"H4X (Montreal, QC)",H4X,483413675.21,174265.92,174265.92,3272580.5,9711.337741501437,1753809572619,Synapse54,1753809572619,Synapse54
220,"H4Y (Pointe-Claire-Dorval, QC)",H4Y,0.0,0.0,0.0,13605865.0,21906.491759391112,1753809572619,Synapse54,1753809572619,Synapse54
221,"H4Z (Montreal, QC)",H4Z,1309898.38,56952.1,56952.1,48269.5,1084.0077881690113,1753809572619,Synapse54,1753809572619,Synapse54
222,"H5A (Montreal, QC)",H5A,0.0,0.0,0.0,70328.5,1077.3693943590201,1753809572619,Synapse54,1753809572619,Synapse54
223,"H5B (Montreal, QC)",H5B,2820325.5,88135.17,88135.17,69225.0,1241.39561389562,1753809572619,Synapse54,1753809572619,Synapse54
224,"H7A (Laval, QC)",H7A,921331122.26,118621.23,118621.23,55986161.0,35792.476329694015,1753809572619,Synapse54,1753809572619,Synapse54
225,"H7B (Laval, QC)",H7B,121962779.24,114519.04,114519.04,12833492.0,19465.102961418776,1753809572619,Synapse54,1753809572619,Synapse54
226,"H7C (Laval, QC)",H7C,329380297.82,91698.3,91698.3,26706438.0,33344.532757897236,1753809572619,Synapse54,1753809572619,Synapse54
227,"H7E (Laval, QC)",H7E,1386903090.07,131347.96,131347.96,58603236.5,49715.749208773435,1753809572619,Synapse54,1753809572619,Synapse54
228,"H7G (Laval, QC)",H7G,839137590.53,92365.17,92365.17,12923832.5,19204.029301455565,1753809572619,Synapse54,1753809572619,Synapse54
229,"H7H (Laval, QC)",H7H,615897189.97,122591.0,122591.0,15956758.0,19199.605061874256,1753809572619,Synapse54,1753809572619,Synapse54
230,"H7J (Laval, QC)",H7J,105261769.17,120713.04,120713.04,53323302.0,33198.313020576155,1753809572619,Synapse54,1753809572619,Synapse54
231,"H7K (Laval, QC)",H7K,1139951447.47,130578.63,130578.63,30865320.0,25890.412217277662,1753809572619,Synapse54,1753809572619,Synapse54
232,"H7L (Laval, QC)",H7L,1861788388.48,131222.75,131222.75,44625160.0,29614.545742793118,1753809572619,Synapse54,1753809572619,Synapse54
233,"H7M (Laval, QC)",H7M,1138469062.65,104485.05,104485.05,21060041.0,20135.878363934327,1753809572619,Synapse54,1753809572619,Synapse54
234,"H7N (Laval, QC)",H7N,1777356318.85,81548.81,81548.81,22733173.5,31142.9739798465,1753809572619,Synapse54,1753809572619,Synapse54
235,"H7P (Laval, QC)",H7P,1732932102.05,117894.56,117894.56,39418609.5,29119.748261948425,1753809572619,Synapse54,1753809572619,Synapse54
236,"H7R (Laval, QC)",H7R,1422818038.0,117705.0,117705.0,39328921.5,33526.83151448517,1753809572619,Synapse54,1753809572619,Synapse54
237,"H7S (Laval, QC)",H7S,299218159.0,87286.51,87286.51,10962382.0,13461.308964386186,1753809572619,Synapse54,1753809572619,Synapse54
238,"H7T (Laval, QC)",H7T,1184307840.1,100878.01,100878.01,19220992.5,21847.72561749218,1753809572619,Synapse54,1753809572619,Synapse54
239,"H7V (Laval, QC)",H7V,782003323.22,73399.97,73399.97,13084368.0,17090.83415240245,1753809572619,Synapse54,1753809572619,Synapse54
240,"H7W (Laval, QC)",H7W,1597777095.82,90855.06,90855.06,21296664.5,20542.33134907331,1753809572619,Synapse54,1753809572619,Synapse54
241,"H7X (Laval, QC)",H7X,1373998132.4,138145.8,138145.8,31137712.0,25106.867662548826,1753809572619,Synapse54,1753809572619,Synapse54
242,"H7Y (Laval, QC)",H7Y,594399933.84,167625.47,167625.47,14444971.0,18869.75173232823,1753809572619,Synapse54,1753809572619,Synapse54
243,"H8N (Lasalle, QC)",H8N,1181800373.12,81881.82,81881.82,14389471.0,18103.010513945057,1753809572619,Synapse54,1753809572619,Synapse54
244,"H8P (Lasalle, QC)",H8P,936248458.95,87377.36,87377.36,21862717.5,20668.285538772176,1753809572619,Synapse54,1753809572619,Synapse54
245,"H8R (Lasalle, QC)",H8R,1112838356.2,78072.0,78072.0,18116586.5,27293.21202861797,1753809572619,Synapse54,1753809572619,Synapse54
246,"H8S (Lasalle, QC)",H8S,1019342077.51,79598.79,79598.79,19856874.0,24144.754425147134,1753809572619,Synapse54,1753809572619,Synapse54
247,"H8T (Pointe-Claire-Dorval, QC)",H8T,738681853.58,113818.47,113818.47,21610415.0,20729.17122189251,1753809572619,Synapse54,1753809572619,Synapse54
248,"H8Y (Roxboro, QC)",H8Y,791071306.82,105265.64,105265.64,14039619.0,22252.616674527148,1753809572619,Synapse54,1753809572619,Synapse54
249,"H8Z (Roxboro, QC)",H8Z,626330831.99,106663.97,106663.97,11082242.5,14451.759662340886,1753809572619,Synapse54,1753809572619,Synapse54
250,"H9A (Pierrefonds, QC)",H9A,956941279.08,154469.94,154469.94,9353959.0,13155.163982221264,1753809572619,Synapse54,1753809572619,Synapse54
251,"H9B (Roxboro, QC)",H9B,908685462.89,117189.25,117189.25,14796114.0,18421.91025899604,1753809572619,Synapse54,1753809572619,Synapse54
252,"H9C (Pierrefonds, QC)",H9C,693568740.71,161897.47,161897.47,24503744.5,20531.792890304176,1753809572619,Synapse54,1753809572619,Synapse54
253,"H9E (Pierrefonds, QC)",H9E,219152589.66,168838.67,168838.67,42250333.0,27083.5790617143,1753809572619,Synapse54,1753809572619,Synapse54
254,"H9G (Pointe-Claire-Dorval, QC)",H9G,785529816.74,132713.27,132713.27,8457140.5,12464.539249179079,1753809572619,Synapse54,1753809572619,Synapse54
255,"H9H (Pierrefonds, QC)",H9H,1243724739.73,129177.89,129177.89,19613903.5,23879.67204388559,1753809572619,Synapse54,1753809572619,Synapse54
256,"H9J (Pierrefonds, QC)",H9J,1140708338.25,146225.91,146225.91,17167469.0,23970.816444803262,1753809572619,Synapse54,1753809572619,Synapse54
257,"H9K (Pierrefonds, QC)",H9K,489426512.91,147773.71,147773.71,30500131.5,26824.382930325875,1753809572619,Synapse54,1753809572619,Synapse54
258,"H9P (Pointe-Claire-Dorval, QC)",H9P,179199465.28,112350.76,112350.76,19498535.0,39692.170261991225,1753809572619,Synapse54,1753809572619,Synapse54
259,"H9R (Pointe-Claire-Dorval, QC)",H9R,1354292440.46,125420.67,125420.67,29882299.5,25305.84671237734,1753809572619,Synapse54,1753809572619,Synapse54
260,"H9S (Pointe-Claire-Dorval, QC)",H9S,1532848438.93,137598.6,137598.6,78965867.0,44171.880466646624,1753809572619,Synapse54,1753809572619,Synapse54
261,"H9W (Beaconsfield, QC)",H9W,1677924004.23,235994.94,235994.94,43852698.0,28888.96518701168,1753809572619,Synapse54,1753809572619,Synapse54
262,"H9X (Sainte-Anne-De-Bellevue, QC)",H9X,710617130.44,179041.86,179041.86,73291956.5,35517.603411509444,1753809572619,Synapse54,1753809572619,Synapse54
263,"J0A (Warwick, QC)",J0A,744863899.47,87312.61,87312.61,2834357143.0,359358.8229727042,1753809572619,Synapse54,1753809572619,Synapse54
264,"J0B (Richmond, QC)",J0B,2763913991.27,94071.47,94071.47,10667378133.5,1065896.4278918828,1753809572619,Synapse54,1753809572619,Synapse54
265,"J0C (Saint-Germain-De-Grantham, QC)",J0C,904153770.82,90988.61,90988.61,2217789273.0,543899.6487326861,1753809572619,Synapse54,1753809572619,Synapse54
266,"J0E (Waterloo, QC)",J0E,2647555300.22,103772.79,103772.79,4549634499.230469,648394.7017630582,1753809572619,Synapse54,1753809572619,Synapse54
267,"J0G (Saint-Francois-Du-Lac, QC)",J0G,745750577.95,87632.27,87632.27,2514787680.5,333340.5205009883,1753809572619,Synapse54,1753809572619,Synapse54
268,"J0H (Acton Vale, QC)",J0H,2179823626.84,95143.1,95143.1,4017334345.9570312,538883.6400762808,1753809572619,Synapse54,1753809572619,Synapse54
269,"J0J (Napierville, QC)",J0J,1782831722.39,97125.28,97125.28,3163504441.4609375,385870.6950955986,1753809572619,Synapse54,1753809572619,Synapse54
270,"J0K (Rawdon, QC)",J0K,6422603270.41,86266.18,86266.18,29697039721.0,1406950.3334880418,1753809572619,Synapse54,1753809572619,Synapse54
271,"J0L (Saint-Amable, QC)",J0L,4048502682.91,105112.23,105112.23,2780902762.0429688,596544.2844540038,1753809572619,Synapse54,1753809572619,Synapse54
272,"J0M (Chisasibi, QC)",J0M,698149413.24,99892.6,99892.6,2507274503756.0,24396187.397056405,1753809572619,Synapse54,1753809572619,Synapse54
273,"J0N (Sainte-Marthe-Sur-Le-Lac, QC)",J0N,1831718809.38,116647.7,116647.7,341790001.0,92049.64421828423,1753809572619,Synapse54,1753809572619,Synapse54
274,"J0P (Saint-Zotique, QC)",J0P,2132554966.4,115341.82,115341.82,1320873265.0,299819.56036801497,1753809572619,Synapse54,1753809572619,Synapse54
275,"J0R (Saint-Sauveur, QC)",J0R,2184184413.29,115254.31,115254.31,549507968.0,153164.86554496005,1753809572619,Synapse54,1753809572619,Synapse54
276,"J0S (Sainte-Martine, QC)",J0S,1461577390.17,91075.36,91075.36,3261392891.5,373681.8522427627,1753809572619,Synapse54,1753809572619,Synapse54
277,"J0T (Saint-Donat-De-Montcalm, QC)",J0T,2543348936.29,90112.99,90112.99,10294024616.5,948593.2698027412,1753809572619,Synapse54,1753809572619,Synapse54
278,"J0V (Saint-Andre-Avellin, QC)",J0V,1125898047.8,83171.9,83171.9,5169637352.5,604696.2148960141,1753809572619,Synapse54,1753809572619,Synapse54
279,"J0W (Lac-Des-Ecorces, QC)",J0W,677399958.89,77425.99,77425.99,72760667284.5,2116484.49890364,1753809572619,Synapse54,1753809572619,Synapse54
280,"J0X (Wakefield, QC)",J0X,2091024929.31,94020.91,94020.91,18401542242.5,1302599.5812032141,1753809572619,Synapse54,1753809572619,Synapse54
281,"J0Y (Malartic, QC)",J0Y,1112095251.23,96544.43,96544.43,223534310999.0,3278730.6722274064,1753809572619,Synapse54,1753809572619,Synapse54
282,"J0Z (Lorrainville, QC)",J0Z,1372722058.0,90999.14,90999.14,59867601510.0,2216439.0400546975,1753809572619,Synapse54,1753809572619,Synapse54
283,"J1A (Coaticook, QC)",J1A,345717005.08,78269.64,78269.64,568143726.5,138682.11350637994,1753809572619,Synapse54,1753809572619,Synapse54
284,"J1C (Sherbrooke, QC)",J1C,283603021.39,99127.24,99127.24,148314795.5,58854.95341782354,1753809572619,Synapse54,1753809572619,Synapse54
285,"J1E (Sherbrooke, QC)",J1E,967394039.98,71648.2,71648.2,36392307.5,31305.785200373433,1753809572619,Synapse54,1753809572619,Synapse54
286,"J1G (Sherbrooke, QC)",J1G,799031035.61,83896.58,83896.58,23722537.5,26568.26494121696,1753809572619,Synapse54,1753809572619,Synapse54
287,"J1H (Sherbrooke, QC)",J1H,1106694069.41,64380.11,64380.11,90156997.5,95524.0591322304,1753809572619,Synapse54,1753809572619,Synapse54
288,"J1J (Sherbrooke, QC)",J1J,754200179.19,96928.44,96928.44,14850239.5,21529.415696903085,1753809572619,Synapse54,1753809572619,Synapse54
289,"J1K (Sherbrooke, QC)",J1K,299046298.52,80280.89,80280.89,14646372.0,20632.820225363073,1753809572619,Synapse54,1753809572619,Synapse54
290,"J1L (Sherbrooke, QC)",J1L,658826970.34,80482.16,80482.16,27073074.0,24825.97616578884,1753809572619,Synapse54,1753809572619,Synapse54
291,"J1M (Sherbrooke, QC)",J1M,249113115.85,89032.56,89032.56,66319442.5,51850.27975629163,1753809572619,Synapse54,1753809572619,Synapse54
292,"J1N (Sherbrooke, QC)",J1N,1711509305.61,111513.51,111513.51,196798113.5,75865.43435097949,1753809572619,Synapse54,1753809572619,Synapse54
293,"J1R (Sherbrooke, QC)",J1R,560057005.47,119542.58,119542.58,129969730.0,55500.89678544112,1753809572619,Synapse54,1753809572619,Synapse54
294,"J1S (Windsor, QC)",J1S,303608141.96,86596.73,86596.73,306725365.5,94080.75320925176,1753809572619,Synapse54,1753809572619,Synapse54
295,"J1T (Val-Des-Sources, QC)",J1T,274332822.3,66585.64,66585.64,94108625.0,49846.76465177346,1753809572619,Synapse54,1753809572619,Synapse54
296,"J1X (Magog, QC)",J1X,1686203101.43,98504.68,98504.68,728921445.0,201253.21200864858,1753809572619,Synapse54,1753809572619,Synapse54
297,"J1Z (Saint-Cyrille-De-Wendover, QC)",J1Z,238667341.24,104039.82,104039.82,352999380.0,123836.95765720992,1753809572619,Synapse54,1753809572619,Synapse54
298,"J2A (Drummondville, QC)",J2A,542198334.19,102070.47,102070.47,210419353.0,83920.96306970775,1753809572619,Synapse54,1753809572619,Synapse54
299,"J2B (Drummondville, QC)",J2B,1378753617.53,83232.94,83232.94,262759591.40234375,162201.91283563137,1753809572619,Synapse54,1753809572619,Synapse54
300,"J2C (Drummondville, QC)",J2C,1258263859.21,83119.56,83119.56,46328225.59765625,41604.1853996451,1753809572619,Synapse54,1753809572619,Synapse54
301,"J2E (Drummondville, QC)",J2E,185995892.97,87941.32,87941.32,18350789.5,28926.839340474853,1753809572619,Synapse54,1753809572619,Synapse54
302,"J2G (Granby, QC)",J2G,1029367209.24,69963.11,69963.11,27125065.5,40964.248286282396,1753809572619,Synapse54,1753809572619,Synapse54
303,"J2H (Granby, QC)",J2H,1149527327.5,116833.76,116833.76,136788271.0,82651.78876586944,1753809572619,Synapse54,1753809572619,Synapse54
304,"J2J (Granby, QC)",J2J,783313606.92,86277.52,86277.52,158975426.5,75483.31166212616,1753809572619,Synapse54,1753809572619,Synapse54
305,"J2K (Cowansville, QC)",J2K,758361015.24,82935.37,82935.37,327067186.0,107161.13325887192,1753809572619,Synapse54,1753809572619,Synapse54
306,"J2L (Bromont, QC)",J2L,1056967549.01,178240.73,178240.73,230068726.0,81624.30958657779,1753809572619,Synapse54,1753809572619,Synapse54
307,"J2M (Shefford, QC)",J2M,385130578.74,122731.22,122731.22,242332781.2734375,116121.4987637872,1753809572619,Synapse54,1753809572619,Synapse54
308,"J2N (Farnham, QC)",J2N,433795365.32,86724.38,86724.38,187541869.5,67299.99265741695,1753809572619,Synapse54,1753809572619,Synapse54
309,"J2R (Saint-Hyacinthe, QC)",J2R,433678810.69,100528.24,100528.24,202913088.0,104737.13437793839,1753809572619,Synapse54,1753809572619,Synapse54
310,"J2S (Saint-Hyacinthe, QC)",J2S,1152200025.64,75169.63,75169.63,64473264.0,73386.10579135851,1753809572619,Synapse54,1753809572619,Synapse54
311,"J2T (Saint-Hyacinthe, QC)",J2T,742114550.45,90934.27,90934.27,91771688.0,53456.23963708392,1753809572619,Synapse54,1753809572619,Synapse54
312,"J2W (Saint-Jean-Sur-Richelieu, QC)",J2W,1548277159.36,131076.63,131076.63,103463004.5,59571.138073747235,1753809572619,Synapse54,1753809572619,Synapse54
313,"J2X (Saint-Jean-Sur-Richelieu, QC)",J2X,955400637.28,106629.54,106629.54,145676986.0,80102.73759580929,1753809572619,Synapse54,1753809572619,Synapse54
314,"J2Y (Saint-Jean-Sur-Richelieu, QC)",J2Y,278612191.26,120977.94,120977.94,146400386.17578125,73826.30271667863,1753809572619,Synapse54,1753809572619,Synapse54
315,"J3A (Saint-Jean-Sur-Richelieu, QC)",J3A,326867804.29,62774.69,62774.69,6186209.0,11188.578319190965,1753809572619,Synapse54,1753809572619,Synapse54
316,"J3B (Saint-Jean-Sur-Richelieu, QC)",J3B,1440899500.0,88730.8,88730.8,95704303.5,54381.46319865555,1753809572619,Synapse54,1753809572619,Synapse54
317,"J3E (Sainte-Julie, QC)",J3E,1698439806.59,139766.28,139766.28,105827610.5,60902.63170645707,1753809572619,Synapse54,1753809572619,Synapse54
318,"J3G (Beloeil, QC)",J3G,1730122450.15,116061.08,116061.08,171490984.5,98109.63892656052,1753809572619,Synapse54,1753809572619,Synapse54
319,"J3H (Beloeil, QC)",J3H,1585238289.03,141817.7,141817.7,80996367.5,55540.40786090735,1753809572619,Synapse54,1753809572619,Synapse54
320,"J3L (Chambly, QC)",J3L,3014169954.13,134225.59,134225.59,364093398.0,124754.83820581688,1753809572619,Synapse54,1753809572619,Synapse54
321,"J3M (Marieville, QC)",J3M,493262143.11,100440.27,100440.27,126097256.5,55752.50302456562,1753809572619,Synapse54,1753809572619,Synapse54
322,"J3N (St-Basile-Le-Grand, QC)",J3N,951594753.79,140851.8,140851.8,74736126.0,37659.20099111866,1753809572619,Synapse54,1753809572619,Synapse54
323,"J3P (Sorel-Tracy, QC)",J3P,1060872188.57,83290.59,83290.59,211886795.0,80652.39762505802,1753809572619,Synapse54,1753809572619,Synapse54
324,"J3R (Sorel-Tracy, QC)",J3R,633596471.34,85679.04,85679.04,57862738.0,40488.46821105956,1753809572619,Synapse54,1753809572619,Synapse54
325,"J3T (Nicolet, QC)",J3T,333431205.91,85913.74,85913.74,271606732.5,71484.12258274788,1753809572619,Synapse54,1753809572619,Synapse54
326,"J3V (Saint-Bruno, QC)",J3V,1777938760.58,165374.27,165374.27,90158805.5,51396.92313356961,1753809572619,Synapse54,1753809572619,Synapse54
327,"J3X (Varennes, QC)",J3X,1133745696.42,130210.83,130210.83,232058892.5,71561.3428539275,1753809572619,Synapse54,1753809572619,Synapse54
328,"J3Y (Saint-Hubert, QC)",J3Y,3175521848.39,112344.22,112344.22,101336037.0,100201.13539228243,1753809572619,Synapse54,1753809572619,Synapse54
329,"J3Z (Saint-Hubert, QC)",J3Z,276407921.63,141457.48,141457.48,22454206.0,63608.93575532092,1753809572619,Synapse54,1753809572619,Synapse54
330,"J4B (Boucherville, QC)",J4B,2778857120.0,157068.57,157068.57,170076124.5,59886.44585342009,1753809572619,Synapse54,1753809572619,Synapse54
331,"J4G (Longueuil, QC)",J4G,557086387.51,110598.85,110598.85,25356829.5,23719.52752698455,1753809572619,Synapse54,1753809572619,Synapse54
332,"J4H (Longueuil, QC)",J4H,745279645.42,88219.65,88219.65,11650935.0,15524.513087115087,1753809572619,Synapse54,1753809572619,Synapse54
333,"J4J (Longueuil, QC)",J4J,1221156997.94,78465.4,78465.4,15351226.5,21930.353895068798,1753809572619,Synapse54,1753809572619,Synapse54
334,"J4K (Longueuil, QC)",J4K,1067562757.21,78181.09,78181.09,12801059.0,20426.997549827258,1753809572619,Synapse54,1753809572619,Synapse54
335,"J4L (Longueuil, QC)",J4L,1226009512.45,83498.57,83498.57,14765810.5,16776.5326873664,1753809572619,Synapse54,1753809572619,Synapse54
336,"J4M (Longueuil, QC)",J4M,678961246.31,131048.3,131048.3,10545973.0,20915.15150342213,1753809572619,Synapse54,1753809572619,Synapse54
337,"J4N (Longueuil, QC)",J4N,736021137.36,137445.59,137445.59,9982414.5,18319.159231838094,1753809572619,Synapse54,1753809572619,Synapse54
338,"J4P (Longueuil, QC)",J4P,864025222.79,150056.48,150056.48,6998059.0,12458.778436344583,1753809572619,Synapse54,1753809572619,Synapse54
339,"J4R (Longueuil, QC)",J4R,725832821.31,142964.9,142964.9,5607448.0,11472.375668491168,1753809572619,Synapse54,1753809572619,Synapse54
340,"J4S (Longueuil, QC)",J4S,476782578.33,150642.2,150642.2,4293595.5,10044.635885759557,1753809572619,Synapse54,1753809572619,Synapse54
341,"J4T (Saint-Hubert, QC)",J4T,743525566.23,81455.47,81455.47,8655769.0,12531.329908587128,1753809572619,Synapse54,1753809572619,Synapse54
342,"J4V (Longueuil, QC)",J4V,736624323.23,96886.01,96886.01,9874770.0,19495.60469716676,1753809572619,Synapse54,1753809572619,Synapse54
343,"J4W (Longueuil, QC)",J4W,738697931.4,100722.38,100722.38,11512935.0,16336.628676963564,1753809572619,Synapse54,1753809572619,Synapse54
344,"J4X (Longueuil, QC)",J4X,1025814840.85,130743.67,130743.67,13216489.5,15198.092586417742,1753809572619,Synapse54,1753809572619,Synapse54
345,"J4Y (Longueuil, QC)",J4Y,1417355762.88,133260.23,133260.23,21259495.5,19670.691530096043,1753809572619,Synapse54,1753809572619,Synapse54
346,"J4Z (Longueuil, QC)",J4Z,1336056779.12,105450.42,105450.42,42442433.5,36399.19983850107,1753809572619,Synapse54,1753809572619,Synapse54
347,"J5A (Saint-Constant, QC)",J5A,1507439764.52,121342.65,121342.65,123489244.5,53706.37543156535,1753809572619,Synapse54,1753809572619,Synapse54
348,"J5B (Delson, QC)",J5B,373695270.06,115302.46,115302.46,13765665.5,25868.554957637258,1753809572619,Synapse54,1753809572619,Synapse54
349,"J5C (Sainte-Catherine, QC)",J5C,777018644.43,110059.3,110059.3,20056189.5,22328.89425891819,1753809572619,Synapse54,1753809572619,Synapse54
350,"J5J (Sainte-Sophie, QC)",J5J,802590440.99,102006.92,102006.92,230905181.0,66651.47964912902,1753809572619,Synapse54,1753809572619,Synapse54
351,"J5K (Saint-Colomban, QC)",J5K,877500172.7,123071.55,123071.55,193780426.5,69823.6154247918,1753809572619,Synapse54,1753809572619,Synapse54
352,"J5L (Saint-Jerome, QC)",J5L,1097844986.63,111117.91,111117.91,95796285.0,58040.91698594175,1753809572619,Synapse54,1753809572619,Synapse54
353,"J5M (Saint-Lin-Laurentides, QC)",J5M,1037770776.06,101503.4,101503.4,245439917.0,79215.19535436288,1753809572619,Synapse54,1753809572619,Synapse54
354,"J5N (Saint-Lin-Laurentides, QC)",J5N,637234765.78,98658.42,98658.42,190530835.0,58815.89393433861,1753809572619,Synapse54,1753809572619,Synapse54
355,"J5R (La Prairie, QC)",J5R,3099151581.49,147277.08,147277.08,116490762.5,83791.09209902641,1753809572619,Synapse54,1753809572619,Synapse54
356,"J5T (Lavaltrie, QC)",J5T,676102776.05,106489.65,106489.65,154486438.5,59411.55582605956,1753809572619,Synapse54,1753809572619,Synapse54
357,"J5V (Louiseville, QC)",J5V,243242362.0,65090.28,65090.28,506748881.0,179854.3461791025,1753809572619,Synapse54,1753809572619,Synapse54
358,"J5W (L'assomption, QC)",J5W,1284286085.23,113623.47,113623.47,332828346.5,103350.78663938354,1753809572619,Synapse54,1753809572619,Synapse54
359,"J5X (L'epiphanie, QC)",J5X,376112700.61,101872.35,101872.35,93137482.5,61537.5779427655,1753809572619,Synapse54,1753809572619,Synapse54
360,"J5Y (Repentigny, QC)",J5Y,1507445107.08,132255.23,132255.23,22356230.5,21230.469901767003,1753809572619,Synapse54,1753809572619,Synapse54
361,"J5Z (Repentigny, QC)",J5Z,1320248971.03,110130.88,110130.88,78014581.0,40720.846170485005,1753809572619,Synapse54,1753809572619,Synapse54
362,"J6A (Repentigny, QC)",J6A,1636456316.93,108662.44,108662.44,48655375.5,39943.850012514275,1753809572619,Synapse54,1753809572619,Synapse54
363,"J6E (Joliette, QC)",J6E,1903681655.19,82826.39,82826.39,137214208.0,95275.2587794035,1753809572619,Synapse54,1753809572619,Synapse54
364,"J6J (Chateauguay, QC)",J6J,1061716241.05,101521.92,101521.92,74217052.0,72123.22068999698,1753809572619,Synapse54,1753809572619,Synapse54
365,"J6K (Chateauguay, QC)",J6K,1048677541.13,102761.15,102761.15,20188406.0,28536.15419577854,1753809572619,Synapse54,1753809572619,Synapse54
366,"J6N (Beauharnois, QC)",J6N,734085452.9,95064.16,95064.16,233462281.0,99024.33793574793,1753809572619,Synapse54,1753809572619,Synapse54
367,"J6R (Mercier, QC)",J6R,724332720.94,125556.03,125556.03,115347180.0,49311.90260299979,1753809572619,Synapse54,1753809572619,Synapse54
368,"J6S (Salaberry-De-Valleyfield, QC)",J6S,1053076318.29,85234.83,85234.83,210261044.5,73467.37727321035,1753809572619,Synapse54,1753809572619,Synapse54
369,"J6T (Salaberry-De-Valleyfield, QC)",J6T,724004655.97,78893.39,78893.39,46981135.0,36756.956833154014,1753809572619,Synapse54,1753809572619,Synapse54
370,"J6V (Terrebonne, QC)",J6V,817180697.64,138787.48,138787.48,60800572.0,35889.68273881664,1753809572619,Synapse54,1753809572619,Synapse54
371,"J6W (Terrebonne, QC)",J6W,1598466379.62,111953.1,111953.1,39136671.0,33325.59650886826,1753809572619,Synapse54,1753809572619,Synapse54
372,"J6X (Terrebonne, QC)",J6X,1160735564.6,120383.28,120383.28,60225849.5,43095.169343531845,1753809572619,Synapse54,1753809572619,Synapse54
373,"J6Y (Terrebonne, QC)",J6Y,1240968769.39,144265.14,144265.14,81550557.0,61201.9952124608,1753809572619,Synapse54,1753809572619,Synapse54
374,"J6Z (Rosemere, QC)",J6Z,1144756898.2,143381.38,143381.38,22537924.0,22963.79436186629,1753809572619,Synapse54,1753809572619,Synapse54
375,"J7A (Rosemere, QC)",J7A,858452393.23,156794.96,156794.96,24339416.5,22941.14213233615,1753809572619,Synapse54,1753809572619,Synapse54
376,"J7B (Boisbriand, QC)",J7B,1005128248.21,220810.25,220810.25,14667986.5,16792.064136555553,1753809572619,Synapse54,1753809572619,Synapse54
377,"J7C (Boisbriand, QC)",J7C,2453986940.73,129484.33,129484.33,94216134.5,48996.310543076004,1753809572619,Synapse54,1753809572619,Synapse54
378,"J7E (Boisbriand, QC)",J7E,1288240482.06,91500.85,91500.85,38942666.0,66768.75062873606,1753809572619,Synapse54,1753809572619,Synapse54
379,"J7G (Boisbriand, QC)",J7G,896774434.41,117764.21,117764.21,24826343.0,22844.466974416475,1753809572619,Synapse54,1753809572619,Synapse54
380,"J7H (Boisbriand, QC)",J7H,412762462.9,109689.73,109689.73,18524557.5,29683.633390851617,1753809572619,Synapse54,1753809572619,Synapse54
381,"J7J (Boisbriand, QC)",J7J,1519457283.85,118190.52,118190.52,216897455.5,103444.96666308724,1753809572619,Synapse54,1753809572619,Synapse54
382,"J7K (Terrebonne, QC)",J7K,1841499906.38,117166.12,117166.12,193069363.5,83975.60969421153,1753809572619,Synapse54,1753809572619,Synapse54
383,"J7L (Terrebonne, QC)",J7L,715876660.35,127041.11,127041.11,28664221.0,25040.678807417222,1753809572619,Synapse54,1753809572619,Synapse54
384,"J7M (Terrebonne, QC)",J7M,1015712379.88,114099.35,114099.35,82543767.0,48321.76398543206,1753809572619,Synapse54,1753809572619,Synapse54
385,"J7N (Boisbriand, QC)",J7N,1717543349.9,113699.41,113699.41,781900527.5,198254.3737699631,1753809572619,Synapse54,1753809572619,Synapse54
386,"J7P (Saint-Eustache, QC)",J7P,1154158532.85,104562.29,104562.29,34525041.5,29797.38514106549,1753809572619,Synapse54,1753809572619,Synapse54
387,"J7R (Saint-Eustache, QC)",J7R,1716222630.44,109543.79,109543.79,124808411.0,71490.55014073827,1753809572619,Synapse54,1753809572619,Synapse54
388,"J7T (Vaudreuil-Dorion, QC)",J7T,1632113662.65,146706.85,146706.85,297651983.5,93415.04234638221,1753809572619,Synapse54,1753809572619,Synapse54
389,"J7V (Vaudreuil-Dorion, QC)",J7V,3383014554.07,116740.21,116740.21,362449115.0,152968.31394129083,1753809572619,Synapse54,1753809572619,Synapse54
390,"J7W (Vaudreuil-Dorion, QC)",J7W,722437467.78,118978.5,118978.5,24383265.0,23490.450057951097,1753809572619,Synapse54,1753809572619,Synapse54
391,"J7X (Salaberry-De-Valleyfield, QC)",J7X,268260637.1,101690.92,101690.92,64920487.0,46286.99583260664,1753809572619,Synapse54,1753809572619,Synapse54
392,"J7Y (Saint-Jerome, QC)",J7Y,1109849956.92,78645.83,78645.83,50087471.02734375,55705.64280837206,1753809572619,Synapse54,1753809572619,Synapse54
393,"J7Z (Saint-Jerome, QC)",J7Z,1181589849.88,75888.88,75888.88,36942944.47265625,33700.08035698858,1753809572619,Synapse54,1753809572619,Synapse54
394,"J8A (Saint-Hippolyte, QC)",J8A,547683114.57,106677.66,106677.66,272351866.0,88660.25650248205,1753809572619,Synapse54,1753809572619,Synapse54
395,"J8B (Sainte-Adele, QC)",J8B,758843239.19,104322.69,104322.69,257661278.5,87331.95722532229,1753809572619,Synapse54,1753809572619,Synapse54
396,"J8C (Sainte-Agathe-Des-Monts, QC)",J8C,518095411.9,83956.48,83956.48,363538345.5,105828.83702167151,1753809572619,Synapse54,1753809572619,Synapse54
397,"J8E (Mont-Tremblant, QC)",J8E,603117528.48,100369.03,100369.03,598027685.5,128502.35538817226,1753809572619,Synapse54,1753809572619,Synapse54
398,"J8G (Brownsburg-Chatham, QC)",J8G,342406478.66,84129.36,84129.36,1206240278.5,237511.8555793957,1753809572619,Synapse54,1753809572619,Synapse54
399,"J8H (Lachute, QC)",J8H,604400965.05,78852.05,78852.05,482502118.5,169179.8899596451,1753809572619,Synapse54,1753809572619,Synapse54
400,"J8L (Gatineau, QC)",J8L,969758791.1,106590.33,106590.33,1293058071.0,172060.6388984216,1753809572619,Synapse54,1753809572619,Synapse54
401,"J8M (Gatineau, QC)",J8M,643032081.24,115362.77,115362.77,154732777.5,65024.547084615566,1753809572619,Synapse54,1753809572619,Synapse54
402,"J8N (Val-Des-Monts, QC)",J8N,819533847.29,130790.59,130790.59,1732302854.5,285589.92276472907,1753809572619,Synapse54,1753809572619,Synapse54
403,"J8P (Gatineau, QC)",J8P,1522877847.15,94430.32,94430.32,58693548.0,43657.291681754716,1753809572619,Synapse54,1753809572619,Synapse54
404,"J8R (Gatineau, QC)",J8R,1551089934.61,134701.69,134701.69,156666056.5,68675.20266685543,1753809572619,Synapse54,1753809572619,Synapse54
405,"J8T (Gatineau, QC)",J8T,1723281555.35,94359.17,94359.17,47793402.0,43358.360078022946,1753809572619,Synapse54,1753809572619,Synapse54
406,"J8V (Gatineau, QC)",J8V,1647663044.16,154347.83,154347.83,324712509.0,103708.66049045212,1753809572619,Synapse54,1753809572619,Synapse54
407,"J8X (Gatineau, QC)",J8X,476850096.52,70571.27,70571.27,14811708.0,18647.21034649298,1753809572619,Synapse54,1753809572619,Synapse54
408,"J8Y (Gatineau, QC)",J8Y,984930944.26,76815.7,76815.7,19695262.5,21673.890152602384,1753809572619,Synapse54,1753809572619,Synapse54
409,"J8Z (Gatineau, QC)",J8Z,717727991.72,102386.3,102386.3,23130629.5,26602.970961144994,1753809572619,Synapse54,1753809572619,Synapse54
410,"J9A (Gatineau, QC)",J9A,1287468497.56,123581.16,123581.16,30373310.5,26686.619129442304,1753809572619,Synapse54,1753809572619,Synapse54
411,"J9B (Chelsea, QC)",J9B,600063900.53,177744.05,177744.05,246189543.5,86816.99350066783,1753809572619,Synapse54,1753809572619,Synapse54
412,"J9E (Maniwaki, QC)",J9E,265491743.72,69391.46,69391.46,1377109169.5,310831.3640939274,1753809572619,Synapse54,1753809572619,Synapse54
413,"J9H (Gatineau, QC)",J9H,1634991652.71,116593.57,116593.57,62556078.0,44664.06309859117,1753809572619,Synapse54,1753809572619,Synapse54
414,"J9J (Gatineau, QC)",J9J,2471228722.01,141992.0,141992.0,151255466.5,58327.94180700536,1753809572619,Synapse54,1753809572619,Synapse54
415,"J9L (Mont-Laurier, QC)",J9L,574677113.45,80940.44,80940.44,1339338847.0,180384.92529711727,1753809572619,Synapse54,1753809572619,Synapse54
416,"J9P (Val-D'or, QC)",J9P,1626316454.09,100439.5,100439.5,3829796876.0,458548.2575127482,1753809572619,Synapse54,1753809572619,Synapse54
417,"J9T (Amos, QC)",J9T,569423412.6,92664.51,92664.51,683602510.0,189908.9748917051,1753809572619,Synapse54,1753809572619,Synapse54
418,"J9V (Rouyn-Noranda, QC)",J9V,146550632.62,85352.73,85352.73,297071822.0,76817.77391779536,1753809572619,Synapse54,1753809572619,Synapse54
419,"J9X (Rouyn-Noranda, QC)",J9X,1007183254.83,83736.55,83736.55,301651162.0,120674.85661136823,1753809572619,Synapse54,1753809572619,Synapse54
420,"J9Y (Rouyn-Noranda, QC)",J9Y,562693884.14,124187.57,124187.57,2199066233.0,465878.96082864003,1753809572619,Synapse54,1753809572619,Synapse54
421,"J9Z (La Sarre, QC)",J9Z,291345474.38,83028.06,83028.06,348212296.0,88902.99107383726,1753809572619,Synapse54,1753809572619,Synapse54
