OBJECTID,DESCRIPTION,ID,P5YHRIMED,thematic_value,Shape__Area,Shape__Length,CreationDate,Creator,EditDate,Editor
1,"G0A (Sainte-Anne-De-Beaupre, QC)",G0A,87377.3,87377.3,72760823790.5,3028971.212854449,1753802057568,Synapse54,1753802057568,Synapse54
2,"G0C (New Richmond, QC)",G0C,61273.93,61273.93,22075337398.492188,967680.4043130332,1753802057568,Synapse54,1753802057568,Synapse54
3,"G0E (Grande-Vallee, QC)",G0E,55386.68,55386.68,17330251329.5,625766.1683453334,1753802057568,Synapse54,1753802057568,Synapse54
4,"G0G (Fermont, QC)",G0G,89545.15,89545.15,488246740388.7383,13452850.295035336,1753802057568,Synapse54,1753802057568,Synapse54
5,"G0H (Pessamit, QC)",G0H,67267.15,67267.15,123893631441.5,3217405.6747955983,1753802057568,Synapse54,1753802057568,Synapse54
6,"G0J (Causapscal, QC)",G0J,55753.32,55753.32,30795263589.0,1187342.219615261,1753802057568,Synapse54,1753802057568,Synapse54
7,"G0K (Sainte-Luce, QC)",G0K,65864.81,65864.81,8964482448.5,530269.0600895187,1753802057568,Synapse54,1753802057568,Synapse54
8,"G0L (Trois-Pistoles, QC)",G0L,64040.05,64040.05,23226305480.5,1017338.6635460304,1753802057568,Synapse54,1753802057568,Synapse54
9,"G0M (Saint-Prosper-De-Dorchester, QC)",G0M,67598.01,67598.01,6354665678.5,678703.1375911924,1753802057568,Synapse54,1753802057568,Synapse54
10,"G0N (Disraeli, QC)",G0N,64689.67,64689.67,3579667597.5,610336.508657239,1753802057568,Synapse54,1753802057568,Synapse54
11,"G0P (Ham-Nord, QC)",G0P,63476.28,63476.28,1964344449.0,415202.1877963802,1753802057568,Synapse54,1753802057568,Synapse54
12,"G0R (La Pocatiere, QC)",G0R,67758.97,67758.97,17275130739.5,769075.2097201231,1753802057568,Synapse54,1753802057568,Synapse54
13,"G0S (Saint-Apollinaire, QC)",G0S,77356.49,77356.49,7546000235.5,718279.0049398947,1753802057568,Synapse54,1753802057568,Synapse54
14,"G0T (Forestville, QC)",G0T,61618.22,61618.22,20313438075.0,1270528.890385615,1753802057568,Synapse54,1753802057568,Synapse54
15,"G0V (Saint-Honore-De-Chicoutimi, QC)",G0V,80435.35,80435.35,24624561090.5,1237538.7672922572,1753802057568,Synapse54,1753802057568,Synapse54
16,"G0W (Saint-Bruno-Lac-Saint-Jean, QC)",G0W,73804.43,73804.43,380327320475.0,4323366.579971259,1753802057568,Synapse54,1753802057568,Synapse54
17,"G0X (Notre-Dame-Du-Mont-Carmel, QC)",G0X,66330.2,66330.2,39978887685.5,2171889.905015521,1753802057568,Synapse54,1753802057568,Synapse54
18,"G0Y (Lac-Drolet, QC)",G0Y,62462.28,62462.28,3810924397.5,557635.8571484805,1753802057568,Synapse54,1753802057568,Synapse54
19,"G0Z (Daveluyville, QC)",G0Z,64124.25,64124.25,1313913827.0,254093.22841298912,1753802057568,Synapse54,1753802057568,Synapse54
20,"G1A (Quebec, QC)",G1A,0.0,0.0,82312.0,1266.954133788689,1753802057568,Synapse54,1753802057568,Synapse54
21,"G1B (Quebec, QC)",G1B,106400.39,106400.39,87273797.0,41431.67400838665,1753802057568,Synapse54,1753802057568,Synapse54
22,"G1C (Quebec, QC)",G1C,84960.35,84960.35,42832173.5,38990.399766328665,1753802057568,Synapse54,1753802057568,Synapse54
23,"G1E (Quebec, QC)",G1E,67264.85,67264.85,21963715.5,24460.60804483201,1753802057568,Synapse54,1753802057568,Synapse54
24,"G1G (Quebec, QC)",G1G,82689.54,82689.54,23261499.5,21244.010790424363,1753802057568,Synapse54,1753802057568,Synapse54
25,"G1H (Quebec, QC)",G1H,68888.08,68888.08,17070653.5,16728.070206687444,1753802057568,Synapse54,1753802057568,Synapse54
26,"G1J (Quebec, QC)",G1J,57031.43,57031.43,15486417.5,18318.282612942763,1753802057568,Synapse54,1753802057568,Synapse54
27,"G1K (Quebec, QC)",G1K,57757.45,57757.45,9532326.5,27604.32226056824,1753802057568,Synapse54,1753802057568,Synapse54
28,"G1L (Quebec, QC)",G1L,57173.08,57173.08,8545974.0,13500.51656374446,1753802057568,Synapse54,1753802057568,Synapse54
29,"G1M (Quebec, QC)",G1M,65682.91,65682.91,17720734.5,19033.029965482125,1753802057568,Synapse54,1753802057568,Synapse54
30,"G1N (Quebec, QC)",G1N,56156.35,56156.35,13120575.0,20830.816804197915,1753802057568,Synapse54,1753802057568,Synapse54
31,"G1P (Quebec, QC)",G1P,68643.05,68643.05,23560383.5,22665.24353657779,1753802057568,Synapse54,1753802057568,Synapse54
32,"G1R (Quebec, QC)",G1R,64132.61,64132.61,6291861.0,12661.880571938687,1753802057568,Synapse54,1753802057568,Synapse54
33,"G1S (Quebec, QC)",G1S,81489.48,81489.48,11216915.28125,15661.567182113036,1753802057568,Synapse54,1753802057568,Synapse54
34,"G1T (Quebec, QC)",G1T,122843.18,122843.18,7077771.5,17602.81541790566,1753802057568,Synapse54,1753802057568,Synapse54
35,"G1V (Quebec, QC)",G1V,61066.63,61066.63,15730102.0,17979.112647239195,1753802057568,Synapse54,1753802057568,Synapse54
36,"G1W (Quebec, QC)",G1W,87725.97,87725.97,17198639.5,21801.94208985731,1753802057568,Synapse54,1753802057568,Synapse54
37,"G1X (Quebec, QC)",G1X,76449.18,76449.18,27103326.0,27337.079999136095,1753802057568,Synapse54,1753802057568,Synapse54
38,"G1Y (Quebec, QC)",G1Y,114583.5,114583.5,14262450.5,17939.63034370007,1753802057568,Synapse54,1753802057568,Synapse54
39,"G2A (Quebec, QC)",G2A,86814.31,86814.31,47271562.5,46123.605864486206,1753802057568,Synapse54,1753802057568,Synapse54
40,"G2B (Quebec, QC)",G2B,82021.76,82021.76,24328924.5,22475.77399457994,1753802057568,Synapse54,1753802057568,Synapse54
41,"G2C (Quebec, QC)",G2C,86027.47,86027.47,18432837.5,23131.360190110616,1753802057568,Synapse54,1753802057568,Synapse54
42,"G2E (Quebec, QC)",G2E,89484.81,89484.81,27707972.5,23903.30796073271,1753802057568,Synapse54,1753802057568,Synapse54
43,"G2G (Quebec, QC)",G2G,94198.51,94198.51,101799470.5,45275.85044604026,1753802057568,Synapse54,1753802057568,Synapse54
44,"G2J (Quebec, QC)",G2J,70520.72,70520.72,5412144.5,9862.14108739791,1753802057568,Synapse54,1753802057568,Synapse54
45,"G2K (Quebec, QC)",G2K,89125.93,89125.93,30349819.5,31745.12588440936,1753802057568,Synapse54,1753802057568,Synapse54
46,"G2L (Quebec, QC)",G2L,83700.46,83700.46,25127554.5,22805.966601331882,1753802057568,Synapse54,1753802057568,Synapse54
47,"G2M (Quebec, QC)",G2M,105596.24,105596.24,44779584.0,34604.08492657024,1753802057568,Synapse54,1753802057568,Synapse54
48,"G2N (Quebec, QC)",G2N,100482.06,100482.06,31035228.5,31796.238354131285,1753802057568,Synapse54,1753802057568,Synapse54
49,"G3A (St-Augustin-De-Desmaures, QC)",G3A,113987.08,113987.08,188876871.0,74472.4753726992,1753802057568,Synapse54,1753802057568,Synapse54
50,"G3B (Lac-Beauport, QC)",G3B,138632.67,138632.67,139197319.5,64423.23371099803,1753802057568,Synapse54,1753802057568,Synapse54
51,"G3C (Stoneham-Et-Tewkesbury, QC)",G3C,114499.32,114499.32,1330849498.5,175874.56931808186,1753802057568,Synapse54,1753802057568,Synapse54
52,"G3E (Quebec, QC)",G3E,103020.05,103020.05,18489209.0,20620.301807363456,1753802057568,Synapse54,1753802057568,Synapse54
53,"G3G (Quebec, QC)",G3G,97776.27,97776.27,83002473.0,53192.861834286385,1753802057568,Synapse54,1753802057568,Synapse54
54,"G3H (Pont-Rouge, QC)",G3H,89745.0,89745.0,279179695.0,100842.62742278028,1753802057568,Synapse54,1753802057568,Synapse54
55,"G3J (Quebec, QC)",G3J,92948.43,92948.43,85589532.0,54640.87343863765,1753802057568,Synapse54,1753802057568,Synapse54
56,"G3K (Quebec, QC)",G3K,105963.18,105963.18,66926850.0,43417.9629367511,1753802057568,Synapse54,1753802057568,Synapse54
57,"G3L (Saint-Raymond, QC)",G3L,75032.76,75032.76,2499240685.5,293711.66523440205,1753802057568,Synapse54,1753802057568,Synapse54
58,"G3M (Donnacona, QC)",G3M,71978.69,71978.69,76895468.5,38932.06578942634,1753802057568,Synapse54,1753802057568,Synapse54
59,"G3N (Ste-Catherine-De-La-J-Cartier, QC)",G3N,109789.91,109789.91,179093818.5,91193.27748891739,1753802057568,Synapse54,1753802057568,Synapse54
60,"G3S (Quebec, QC)",G3S,128254.88,128254.88,162242772.5,88360.35793053103,1753802057568,Synapse54,1753802057568,Synapse54
61,"G3Z (Baie-Saint-Paul, QC)",G3Z,64717.38,64717.38,1221045873.0,165284.53951195258,1753802057568,Synapse54,1753802057568,Synapse54
62,"G4A (Clermont, QC)",G4A,65722.14,65722.14,1226794529.0,167560.43929327332,1753802057568,Synapse54,1753802057568,Synapse54
63,"G4R (Sept-Iles, QC)",G4R,75217.5,75217.5,1888740693.0195312,364416.3918226564,1753802057568,Synapse54,1753802057568,Synapse54
64,"G4S (Sept-Iles, QC)",G4S,90588.96,90588.96,13736729.5,31952.335224803264,1753802057568,Synapse54,1753802057568,Synapse54
65,"G4T (Les Iles-De-La-Madeleine, QC)",G4T,74298.3,74298.3,500054815.0,511013.5871236407,1753802057568,Synapse54,1753802057568,Synapse54
66,"G4V (Sainte-Anne-Des-Monts, QC)",G4V,56154.19,56154.19,780273522.0,168670.12216022852,1753802057568,Synapse54,1753802057568,Synapse54
67,"G4W (Matane, QC)",G4W,56243.12,56243.12,466220652.0,100520.51806568402,1753802057568,Synapse54,1753802057568,Synapse54
68,"G4X (Gaspe, QC)",G4X,71860.15,71860.15,2615126201.546875,406673.89112098655,1753802057568,Synapse54,1753802057568,Synapse54
69,"G4Z (Baie-Comeau, QC)",G4Z,79542.42,79542.42,1669244051.0,336717.80497552885,1753802057568,Synapse54,1753802057568,Synapse54
70,"G5A (La Malbaie, QC)",G5A,64727.72,64727.72,905867526.5,176911.55690727945,1753802057568,Synapse54,1753802057568,Synapse54
71,"G5B (Port-Cartier, QC)",G5B,82997.92,82997.92,742256392.5,203831.72178845698,1753802057568,Synapse54,1753802057568,Synapse54
72,"G5C (Baie-Comeau, QC)",G5C,73317.08,73317.08,78061848.0,48691.63220890317,1753802057568,Synapse54,1753802057568,Synapse54
73,"G5H (Mont-Joli, QC)",G5H,55896.45,55896.45,128376656.5,53923.191144203476,1753802057568,Synapse54,1753802057568,Synapse54
74,"G5J (Amqui, QC)",G5J,59301.26,59301.26,310530648.5,97437.56642828621,1753802057568,Synapse54,1753802057568,Synapse54
75,"G5L (Rimouski, QC)",G5L,58803.95,58803.95,115966883.0,88926.49071239203,1753802057568,Synapse54,1753802057568,Synapse54
76,"G5M (Rimouski, QC)",G5M,83146.15,83146.15,66332097.0,52169.63739391678,1753802057568,Synapse54,1753802057568,Synapse54
77,"G5N (Rimouski, QC)",G5N,85327.27,85327.27,414167429.0,104413.83144964176,1753802057568,Synapse54,1753802057568,Synapse54
78,"G5R (Riviere-Du-Loup, QC)",G5R,65397.9,65397.9,182737573.0,77061.18159356514,1753802057568,Synapse54,1753802057568,Synapse54
79,"G5T (Degelis, QC)",G5T,57468.65,57468.65,1107888892.0,146757.59518407704,1753802057568,Synapse54,1753802057568,Synapse54
80,"G5V (Montmagny, QC)",G5V,57616.18,57616.18,282245095.0,82682.88684580137,1753802057568,Synapse54,1753802057568,Synapse54
81,"G5X (Beauceville, QC)",G5X,67443.43,67443.43,336857190.0,91090.00846556539,1753802057568,Synapse54,1753802057568,Synapse54
82,"G5Y (Saint-Georges, QC)",G5Y,58822.43,58822.43,169548327.0,148240.89990521545,1753802057568,Synapse54,1753802057568,Synapse54
83,"G5Z (Saint-Georges, QC)",G5Z,78918.03,78918.03,219710089.0,133870.3845435117,1753802057568,Synapse54,1753802057568,Synapse54
84,"G6A (Saint-Georges, QC)",G6A,87566.89,87566.89,12731588.0,28099.846637013223,1753802057568,Synapse54,1753802057568,Synapse54
85,"G6B (Lac-Megantic, QC)",G6B,58931.83,58931.83,525968305.0,147830.6226949515,1753802057568,Synapse54,1753802057568,Synapse54
86,"G6C (Pintendre, QC)",G6C,90681.89,90681.89,171728656.5,62758.50767570228,1753802057568,Synapse54,1753802057568,Synapse54
87,"G6E (Sainte-Marie, QC)",G6E,80383.33,80383.33,242749292.5,88129.38426536831,1753802057568,Synapse54,1753802057568,Synapse54
88,"G6G (Thetford Mines, QC)",G6G,58195.51,58195.51,432553661.5,137866.85051543516,1753802057568,Synapse54,1753802057568,Synapse54
89,"G6H (Thetford Mines, QC)",G6H,62132.89,62132.89,381525955.5,208711.52055490302,1753802057568,Synapse54,1753802057568,Synapse54
90,"G6J (Saint-Etienne-De-Lauzon, QC)",G6J,95822.76,95822.76,170941088.5,68005.84099520143,1753802057568,Synapse54,1753802057568,Synapse54
91,"G6K (Saint-Redempteur, QC)",G6K,108063.48,108063.48,8847420.0,13869.752401834681,1753802057568,Synapse54,1753802057568,Synapse54
92,"G6L (Plessisville, QC)",G6L,60085.34,60085.34,727703425.5,150480.86599396955,1753802057568,Synapse54,1753802057568,Synapse54
93,"G6P (Victoriaville, QC)",G6P,55217.4,55217.4,43162857.0,67077.33804588739,1753802057568,Synapse54,1753802057568,Synapse54
94,"G6R (Victoriaville, QC)",G6R,82156.47,82156.47,111890007.5,67049.5189257073,1753802057568,Synapse54,1753802057568,Synapse54
95,"G6S (Victoriaville, QC)",G6S,77142.92,77142.92,93883157.5,65606.32420350032,1753802057568,Synapse54,1753802057568,Synapse54
96,"G6T (Victoriaville, QC)",G6T,87240.04,87240.04,97646146.0,79862.46403678902,1753802057568,Synapse54,1753802057568,Synapse54
97,"G6V (Levis, QC)",G6V,67436.52,67436.52,51005706.5,85820.66591178898,1753802057568,Synapse54,1753802057568,Synapse54
98,"G6W (Levis, QC)",G6W,79481.13,79481.13,54365583.5,57031.8227070878,1753802057568,Synapse54,1753802057568,Synapse54
99,"G6X (Levis, QC)",G6X,75126.99,75126.99,17532207.0,18566.178953389182,1753802057568,Synapse54,1753802057568,Synapse54
100,"G6Y (Levis, QC)",G6Y,92134.27,92134.27,48673784.5,36076.08982567784,1753802057568,Synapse54,1753802057568,Synapse54
101,"G6Z (Saint-Jean-Chrysostome, QC)",G6Z,110101.51,110101.51,206313300.5,81637.94553350794,1753802057568,Synapse54,1753802057568,Synapse54
102,"G7A (Saint-Nicolas, QC)",G7A,108288.56,108288.56,206385794.0,76585.07395132218,1753802057568,Synapse54,1753802057568,Synapse54
103,"G7B (La Baie, QC)",G7B,80764.25,80764.25,731098795.5,122236.04683671948,1753802057568,Synapse54,1753802057568,Synapse54
104,"G7G (Chicoutimi, QC)",G7G,83048.98,83048.98,83451590.0,72026.82978856695,1753802057568,Synapse54,1753802057568,Synapse54
105,"G7H (Chicoutimi, QC)",G7H,69752.83,69752.83,335780132.5,155297.87503251838,1753802057568,Synapse54,1753802057568,Synapse54
106,"G7J (Chicoutimi, QC)",G7J,69650.15,69650.15,48516569.0,31553.718168111947,1753802057568,Synapse54,1753802057568,Synapse54
107,"G7K (Chicoutimi, QC)",G7K,86484.14,86484.14,13787400.5,25129.491914885974,1753802057568,Synapse54,1753802057568,Synapse54
108,"G7N (Laterriere, QC)",G7N,100444.65,100444.65,572266521.5,131134.86527943268,1753802057568,Synapse54,1753802057568,Synapse54
109,"G7P (Chicoutimi, QC)",G7P,83789.37,83789.37,535052258.5,133662.40227307807,1753802057568,Synapse54,1753802057568,Synapse54
110,"G7S (Jonquiere, QC)",G7S,92526.39,92526.39,90965725.5,53543.07738017431,1753802057568,Synapse54,1753802057568,Synapse54
111,"G7T (Jonquiere, QC)",G7T,102017.61,102017.61,11024436.0,23113.794147733155,1753802057568,Synapse54,1753802057568,Synapse54
112,"G7X (Jonquiere, QC)",G7X,63679.36,63679.36,675028246.5,279259.2165036962,1753802057568,Synapse54,1753802057568,Synapse54
113,"G7Y (Jonquiere, QC)",G7Y,97145.59,97145.59,28364189.0,37375.76013155794,1753802057568,Synapse54,1753802057568,Synapse54
114,"G7Z (Jonquiere, QC)",G7Z,91811.05,91811.05,16183341.0,21290.870310459137,1753802057568,Synapse54,1753802057568,Synapse54
115,"G8A (Jonquiere, QC)",G8A,75309.47,75309.47,52092756.5,55678.19403946566,1753802057568,Synapse54,1753802057568,Synapse54
116,"G8B (Alma, QC)",G8B,63611.72,63611.72,297457310.0,211237.01895446505,1753802057568,Synapse54,1753802057568,Synapse54
117,"G8C (Alma, QC)",G8C,88021.35,88021.35,47590945.0,51183.77436174367,1753802057568,Synapse54,1753802057568,Synapse54
118,"G8E (Alma, QC)",G8E,79281.67,79281.67,198550679.5,111351.61663855895,1753802057568,Synapse54,1753802057568,Synapse54
119,"G8G (Metabetchouan-Lac-A-La-Croix, QC)",G8G,71815.96,71815.96,435537293.5,100773.33142038128,1753802057568,Synapse54,1753802057568,Synapse54
120,"G8H (Roberval, QC)",G8H,64340.32,64340.32,543189787.1757812,135904.14248114204,1753802057568,Synapse54,1753802057568,Synapse54
121,"G8J (Chicoutimi, QC)",G8J,68805.25,68805.25,2344096837.0,302744.5493028244,1753802057568,Synapse54,1753802057568,Synapse54
122,"G8K (Saint-Felicien, QC)",G8K,67207.8,67207.8,860422895.5,186957.39961478047,1753802057568,Synapse54,1753802057568,Synapse54
123,"G8L (Dolbeau-Mistassini, QC)",G8L,61299.85,61299.85,3537542888.8203125,527284.6001355818,1753802057568,Synapse54,1753802057568,Synapse54
124,"G8M (Normandin, QC)",G8M,72410.22,72410.22,1017813603.5,185656.56193391615,1753802057568,Synapse54,1753802057568,Synapse54
125,"G8N (Hebertville, QC)",G8N,72448.09,72448.09,473865737.0,121456.61747790436,1753802057568,Synapse54,1753802057568,Synapse54
126,"G8P (Chibougamau, QC)",G8P,83142.21,83142.21,2435879767.5,197043.63571528325,1753802057568,Synapse54,1753802057568,Synapse54
127,"G8T (Trois-Rivieres, QC)",G8T,57583.34,57583.34,53667241.0,76442.1934749919,1753802057568,Synapse54,1753802057568,Synapse54
128,"G8V (Trois-Rivieres, QC)",G8V,84331.77,84331.77,104632608.0,66015.1834431966,1753802057568,Synapse54,1753802057568,Synapse54
129,"G8W (Trois-Rivieres, QC)",G8W,75352.45,75352.45,128446737.0,76697.25349343411,1753802057568,Synapse54,1753802057568,Synapse54
130,"G8Y (Trois-Rivieres, QC)",G8Y,72536.04,72536.04,45724725.5,37933.330899285655,1753802057568,Synapse54,1753802057568,Synapse54
131,"G8Z (Trois-Rivieres, QC)",G8Z,51815.8,51815.8,16678138.0,22099.08240994394,1753802057568,Synapse54,1753802057568,Synapse54
132,"G9A (Trois-Rivieres, QC)",G9A,47282.01,47282.01,105086814.0,113245.62209754915,1753802057568,Synapse54,1753802057568,Synapse54
133,"G9B (Trois-Rivieres, QC)",G9B,90944.32,90944.32,216934834.5,89385.35803757486,1753802057568,Synapse54,1753802057568,Synapse54
134,"G9C (Trois-Rivieres, QC)",G9C,102342.79,102342.79,12875179.0,26201.339674832936,1753802057568,Synapse54,1753802057568,Synapse54
135,"G9H (Becancour, QC)",G9H,81278.06,81278.06,965246378.5,214717.67022828877,1753802057568,Synapse54,1753802057568,Synapse54
136,"G9N (Shawinigan, QC)",G9N,49211.24,49211.24,149583035.5,113854.1611209567,1753802057568,Synapse54,1753802057568,Synapse54
137,"G9P (Shawinigan, QC)",G9P,63147.76,63147.76,32510118.0,38949.97843748969,1753802057568,Synapse54,1753802057568,Synapse54
138,"G9R (Shawinigan, QC)",G9R,75538.55,75538.55,156430596.5,105284.31387222232,1753802057568,Synapse54,1753802057568,Synapse54
139,"G9T (Grand-Mere, QC)",G9T,57017.37,57017.37,175921560.5,90399.15322236488,1753802057568,Synapse54,1753802057568,Synapse54
140,"G9X (La Tuque, QC)",G9X,63703.66,63703.66,4798536478.5,388015.362952818,1753802057568,Synapse54,1753802057568,Synapse54
141,"H0M (Akwesasne, QC)",H0M,0.0,0.0,4195699.0,36371.52492841964,1753802057568,Synapse54,1753802057568,Synapse54
142,"H1A (Montreal, QC)",H1A,75452.88,75452.88,32047972.5,27217.161718354222,1753802057568,Synapse54,1753802057568,Synapse54
143,"H1B (Montreal, QC)",H1B,70106.9,70106.9,42382103.0,29920.24369847441,1753802057568,Synapse54,1753802057568,Synapse54
144,"H1C (Montreal, QC)",H1C,111608.34,111608.34,26679819.5,25870.587310829436,1753802057568,Synapse54,1753802057568,Synapse54
145,"H1E (Montreal, QC)",H1E,77202.71,77202.71,29995565.0,23264.2709841518,1753802057568,Synapse54,1753802057568,Synapse54
146,"H1G (Montreal, QC)",H1G,60149.98,60149.98,16132403.5,17322.15503203977,1753802057568,Synapse54,1753802057568,Synapse54
147,"H1H (Montreal, QC)",H1H,57529.92,57529.92,10210927.5,13709.108640935121,1753802057568,Synapse54,1753802057568,Synapse54
148,"H1J (Montreal, QC)",H1J,73445.08,73445.08,18502722.0,18581.449355666224,1753802057568,Synapse54,1753802057568,Synapse54
149,"H1K (Montreal, QC)",H1K,76105.91,76105.91,12667226.5,15052.99246391506,1753802057568,Synapse54,1753802057568,Synapse54
150,"H1L (Montreal, QC)",H1L,65959.57,65959.57,13596541.5,17573.19469361058,1753802057568,Synapse54,1753802057568,Synapse54
151,"H1M (Montreal, QC)",H1M,69446.09,69446.09,10690212.5,15457.65729265879,1753802057568,Synapse54,1753802057568,Synapse54
152,"H1N (Montreal, QC)",H1N,64011.56,64011.56,114734629.5,108616.9951420107,1753802057568,Synapse54,1753802057568,Synapse54
153,"H1P (Montreal, QC)",H1P,71830.71,71830.71,10601632.5,14342.38560083787,1753802057568,Synapse54,1753802057568,Synapse54
154,"H1R (Montreal, QC)",H1R,73293.53,73293.53,9518827.0,14180.86920094836,1753802057568,Synapse54,1753802057568,Synapse54
155,"H1S (Montreal, QC)",H1S,65539.79,65539.79,7438851.0,13261.062397135287,1753802057568,Synapse54,1753802057568,Synapse54
156,"H1T (Montreal, QC)",H1T,63162.11,63162.11,8407123.5,15836.037610683787,1753802057568,Synapse54,1753802057568,Synapse54
157,"H1V (Montreal, QC)",H1V,65202.1,65202.1,6852649.0,10988.833869692491,1753802057568,Synapse54,1753802057568,Synapse54
158,"H1W (Montreal, QC)",H1W,63026.01,63026.01,6100526.0,11263.239274717751,1753802057568,Synapse54,1753802057568,Synapse54
159,"H1X (Montreal, QC)",H1X,62260.2,62260.2,8450164.0,13619.608619583656,1753802057568,Synapse54,1753802057568,Synapse54
160,"H1Y (Montreal, QC)",H1Y,70104.33,70104.33,5352874.0,10916.549919811729,1753802057568,Synapse54,1753802057568,Synapse54
161,"H1Z (Montreal, QC)",H1Z,57721.5,57721.5,14307589.5,14883.881987328181,1753802057568,Synapse54,1753802057568,Synapse54
162,"H2A (Montreal, QC)",H2A,56398.19,56398.19,4232942.0,8758.55230005682,1753802057568,Synapse54,1753802057568,Synapse54
163,"H2B (Montreal, QC)",H2B,62516.31,62516.31,5947505.5,9676.70118562271,1753802057568,Synapse54,1753802057568,Synapse54
164,"H2C (Montreal, QC)",H2C,70194.87,70194.87,5556278.0,9971.926462140602,1753802057568,Synapse54,1753802057568,Synapse54
165,"H2E (Montreal, QC)",H2E,58536.69,58536.69,3830518.5,8073.841629300861,1753802057568,Synapse54,1753802057568,Synapse54
166,"H2G (Montreal, QC)",H2G,67105.03,67105.03,4217958.5,9248.80721597901,1753802057568,Synapse54,1753802057568,Synapse54
167,"H2H (Montreal, QC)",H2H,72971.42,72971.42,2682198.0,6982.709947140798,1753802057568,Synapse54,1753802057568,Synapse54
168,"H2J (Montreal, QC)",H2J,77765.99,77765.99,3975815.0,8085.511309426667,1753802057568,Synapse54,1753802057568,Synapse54
169,"H2K (Montreal, QC)",H2K,60278.09,60278.09,5762510.0,9775.787359183401,1753802057568,Synapse54,1753802057568,Synapse54
170,"H2L (Montreal, QC)",H2L,61914.11,61914.11,5652250.0,10530.305700195246,1753802057568,Synapse54,1753802057568,Synapse54
171,"H2M (Montreal, QC)",H2M,73668.7,73668.7,6840427.0,11504.156734199103,1753802057568,Synapse54,1753802057568,Synapse54
172,"H2N (Montreal, QC)",H2N,63367.28,63367.28,2336770.0,6414.770804238481,1753802057568,Synapse54,1753802057568,Synapse54
173,"H2P (Montreal, QC)",H2P,75465.18,75465.18,3440041.0,8481.97690702558,1753802057568,Synapse54,1753802057568,Synapse54
174,"H2R (Montreal, QC)",H2R,73797.63,73797.63,4573627.0,8588.564684485442,1753802057568,Synapse54,1753802057568,Synapse54
175,"H2S (Montreal, QC)",H2S,72254.15,72254.15,5062352.5,9483.95666520098,1753802057568,Synapse54,1753802057568,Synapse54
176,"H2T (Montreal, QC)",H2T,72610.99,72610.99,2792933.0,7309.603445409373,1753802057568,Synapse54,1753802057568,Synapse54
177,"H2V (Montreal, QC)",H2V,98331.81,98331.81,9406781.5,15649.479624539856,1753802057568,Synapse54,1753802057568,Synapse54
178,"H2W (Montreal, QC)",H2W,63621.93,63621.93,2122029.5,6886.736160398394,1753802057568,Synapse54,1753802057568,Synapse54
179,"H2X (Montreal, QC)",H2X,43976.85,43976.85,3260860.5,9016.990098210114,1753802057568,Synapse54,1753802057568,Synapse54
180,"H2Y (Montreal, QC)",H2Y,101858.9,101858.9,1658875.0,7811.331119881591,1753802057568,Synapse54,1753802057568,Synapse54
181,"H2Z (Montreal, QC)",H2Z,65779.54,65779.54,598367.5,3228.1201023826216,1753802057568,Synapse54,1753802057568,Synapse54
182,"H3A (Montreal, QC)",H3A,44944.3,44944.3,1952640.0,8051.6260641867375,1753802057568,Synapse54,1753802057568,Synapse54
183,"H3B (Montreal, QC)",H3B,44777.73,44777.73,927950.0,5036.520981944944,1753802057568,Synapse54,1753802057568,Synapse54
184,"H3C (Montreal, QC)",H3C,83200.98,83200.98,17209727.0,33681.90517416176,1753802057568,Synapse54,1753802057568,Synapse54
185,"H3E (Montreal, QC)",H3E,99395.34,99395.34,9825716.5,14615.034290309737,1753802057568,Synapse54,1753802057568,Synapse54
186,"H3G (Montreal, QC)",H3G,46636.41,46636.41,2139910.0,8520.81981818768,1753802057568,Synapse54,1753802057568,Synapse54
187,"H3H (Montreal, QC)",H3H,41594.71,41594.71,5138945.5,17420.06994824536,1753802057568,Synapse54,1753802057568,Synapse54
188,"H3J (Montreal, QC)",H3J,78392.9,78392.9,2674031.0,6742.466153977455,1753802057568,Synapse54,1753802057568,Synapse54
189,"H3K (Montreal, QC)",H3K,70686.98,70686.98,6571158.0,11318.657050191392,1753802057568,Synapse54,1753802057568,Synapse54
190,"H3L (Montreal, QC)",H3L,69162.77,69162.77,8682987.0,13055.356607199148,1753802057568,Synapse54,1753802057568,Synapse54
191,"H3M (Montreal, QC)",H3M,68420.78,68420.78,5900605.5,11105.82837103115,1753802057568,Synapse54,1753802057568,Synapse54
192,"H3N (Montreal, QC)",H3N,52321.57,52321.57,3362662.5,8891.918324885475,1753802057568,Synapse54,1753802057568,Synapse54
193,"H3P (Montreal, QC)",H3P,139985.79,139985.79,5651704.5,9798.453260458433,1753802057568,Synapse54,1753802057568,Synapse54
194,"H3R (Montreal, QC)",H3R,129385.94,129385.94,5400500.0,9553.23690396402,1753802057568,Synapse54,1753802057568,Synapse54
195,"H3S (Montreal, QC)",H3S,56821.18,56821.18,5351564.5,9656.774003388971,1753802057568,Synapse54,1753802057568,Synapse54
196,"H3T (Montreal, QC)",H3T,51922.5,51922.5,3607516.5,8899.065890536858,1753802057568,Synapse54,1753802057568,Synapse54
197,"H3V (Montreal, QC)",H3V,57735.54,57735.54,3676769.0,9340.08432806038,1753802057568,Synapse54,1753802057568,Synapse54
198,"H3W (Montreal, QC)",H3W,65543.06,65543.06,5569083.5,12464.00419712417,1753802057568,Synapse54,1753802057568,Synapse54
199,"H3X (Montreal, QC)",H3X,79971.38,79971.38,8676070.0,13038.712105834822,1753802057568,Synapse54,1753802057568,Synapse54
200,"H3Y (Montreal, QC)",H3Y,255904.19,255904.19,5680936.5,10400.46779440301,1753802057568,Synapse54,1753802057568,Synapse54
201,"H3Z (Montreal, QC)",H3Z,97146.51,97146.51,2971245.0,7979.12833061372,1753802057568,Synapse54,1753802057568,Synapse54
202,"H4A (Montreal, QC)",H4A,81179.76,81179.76,6339669.0,10830.775097279686,1753802057568,Synapse54,1753802057568,Synapse54
203,"H4B (Montreal, QC)",H4B,55437.46,55437.46,5495449.5,11430.593825626274,1753802057568,Synapse54,1753802057568,Synapse54
204,"H4C (Montreal, QC)",H4C,71104.05,71104.05,10079054.5,19231.90024241674,1753802057568,Synapse54,1753802057568,Synapse54
205,"H4E (Montreal, QC)",H4E,63740.33,63740.33,10446763.5,18116.080205740356,1753802057568,Synapse54,1753802057568,Synapse54
206,"H4G (Verdun, QC)",H4G,68209.34,68209.34,6200126.5,10435.627645908377,1753802057568,Synapse54,1753802057568,Synapse54
207,"H4H (Verdun, QC)",H4H,76586.84,76586.84,6500184.5,11023.978149390903,1753802057568,Synapse54,1753802057568,Synapse54
208,"H4J (Montreal, QC)",H4J,58450.19,58450.19,6400914.5,12111.703398579217,1753802057568,Synapse54,1753802057568,Synapse54
209,"H4K (Montreal, QC)",H4K,95654.93,95654.93,10268900.0,15365.586434704945,1753802057568,Synapse54,1753802057568,Synapse54
210,"H4L (Montreal, QC)",H4L,67277.93,67277.93,10499306.5,13425.367090877367,1753802057568,Synapse54,1753802057568,Synapse54
211,"H4M (Montreal, QC)",H4M,85384.02,85384.02,6193041.5,11376.386905744941,1753802057568,Synapse54,1753802057568,Synapse54
212,"H4N (Montreal, QC)",H4N,63522.61,63522.61,11515200.0,17692.530830513202,1753802057568,Synapse54,1753802057568,Synapse54
213,"H4P (Montreal, QC)",H4P,68769.05,68769.05,7616644.5,13917.162705093007,1753802057568,Synapse54,1753802057568,Synapse54
214,"H4R (Montreal, QC)",H4R,98621.43,98621.43,19778627.5,19925.041667183443,1753802057568,Synapse54,1753802057568,Synapse54
215,"H4S (Montreal, QC)",H4S,162515.88,162515.88,25736787.0,27350.179631335064,1753802057568,Synapse54,1753802057568,Synapse54
216,"H4T (Montreal, QC)",H4T,98983.13,98983.13,12913673.5,17286.679172996657,1753802057568,Synapse54,1753802057568,Synapse54
217,"H4V (Montreal, QC)",H4V,66071.73,66071.73,4860370.5,9490.823388671204,1753802057568,Synapse54,1753802057568,Synapse54
218,"H4W (Montreal, QC)",H4W,80262.49,80262.49,15741448.0,18055.60507168441,1753802057568,Synapse54,1753802057568,Synapse54
219,"H4X (Montreal, QC)",H4X,111656.73,111656.73,3272580.5,9711.337741501437,1753802057568,Synapse54,1753802057568,Synapse54
220,"H4Y (Pointe-Claire-Dorval, QC)",H4Y,0.0,0.0,13605865.0,21906.491759391112,1753802057568,Synapse54,1753802057568,Synapse54
221,"H4Z (Montreal, QC)",H4Z,65710.38,65710.38,48269.5,1084.0077881690113,1753802057568,Synapse54,1753802057568,Synapse54
222,"H5A (Montreal, QC)",H5A,0.0,0.0,70328.5,1077.3693943590201,1753802057568,Synapse54,1753802057568,Synapse54
223,"H5B (Montreal, QC)",H5B,71652.8,71652.8,69225.0,1241.39561389562,1753802057568,Synapse54,1753802057568,Synapse54
224,"H7A (Laval, QC)",H7A,105292.04,105292.04,55986161.0,35792.476329694015,1753802057568,Synapse54,1753802057568,Synapse54
225,"H7B (Laval, QC)",H7B,102379.56,102379.56,12833492.0,19465.102961418776,1753802057568,Synapse54,1753802057568,Synapse54
226,"H7C (Laval, QC)",H7C,73163.74,73163.74,26706438.0,33344.532757897236,1753802057568,Synapse54,1753802057568,Synapse54
227,"H7E (Laval, QC)",H7E,104119.15,104119.15,58603236.5,49715.749208773435,1753802057568,Synapse54,1753802057568,Synapse54
228,"H7G (Laval, QC)",H7G,75561.08,75561.08,12923832.5,19204.029301455565,1753802057568,Synapse54,1753802057568,Synapse54
229,"H7H (Laval, QC)",H7H,105254.55,105254.55,15956758.0,19199.605061874256,1753802057568,Synapse54,1753802057568,Synapse54
230,"H7J (Laval, QC)",H7J,87095.9,87095.9,53323302.0,33198.313020576155,1753802057568,Synapse54,1753802057568,Synapse54
231,"H7K (Laval, QC)",H7K,108631.76,108631.76,30865320.0,25890.412217277662,1753802057568,Synapse54,1753802057568,Synapse54
232,"H7L (Laval, QC)",H7L,112252.21,112252.21,44625160.0,29614.545742793118,1753802057568,Synapse54,1753802057568,Synapse54
233,"H7M (Laval, QC)",H7M,86239.93,86239.93,21060041.0,20135.878363934327,1753802057568,Synapse54,1753802057568,Synapse54
234,"H7N (Laval, QC)",H7N,68015.09,68015.09,22733173.5,31142.9739798465,1753802057568,Synapse54,1753802057568,Synapse54
235,"H7P (Laval, QC)",H7P,96043.21,96043.21,39418609.5,29119.748261948425,1753802057568,Synapse54,1753802057568,Synapse54
236,"H7R (Laval, QC)",H7R,94409.12,94409.12,39328921.5,33526.83151448517,1753802057568,Synapse54,1753802057568,Synapse54
237,"H7S (Laval, QC)",H7S,70501.86,70501.86,10962382.0,13461.308964386186,1753802057568,Synapse54,1753802057568,Synapse54
238,"H7T (Laval, QC)",H7T,81068.21,81068.21,19220992.5,21847.72561749218,1753802057568,Synapse54,1753802057568,Synapse54
239,"H7V (Laval, QC)",H7V,59049.99,59049.99,13084368.0,17090.83415240245,1753802057568,Synapse54,1753802057568,Synapse54
240,"H7W (Laval, QC)",H7W,73659.53,73659.53,21296664.5,20542.33134907331,1753802057568,Synapse54,1753802057568,Synapse54
241,"H7X (Laval, QC)",H7X,109725.79,109725.79,31137712.0,25106.867662548826,1753802057568,Synapse54,1753802057568,Synapse54
242,"H7Y (Laval, QC)",H7Y,133151.79,133151.79,14444971.0,18869.75173232823,1753802057568,Synapse54,1753802057568,Synapse54
243,"H8N (Lasalle, QC)",H8N,68546.17,68546.17,14389471.0,18103.010513945057,1753802057568,Synapse54,1753802057568,Synapse54
244,"H8P (Lasalle, QC)",H8P,68950.89,68950.89,21862717.5,20668.285538772176,1753802057568,Synapse54,1753802057568,Synapse54
245,"H8R (Lasalle, QC)",H8R,64128.27,64128.27,18116586.5,27293.21202861797,1753802057568,Synapse54,1753802057568,Synapse54
246,"H8S (Lasalle, QC)",H8S,66309.28,66309.28,19856874.0,24144.754425147134,1753802057568,Synapse54,1753802057568,Synapse54
247,"H8T (Pointe-Claire-Dorval, QC)",H8T,83515.4,83515.4,21610415.0,20729.17122189251,1753802057568,Synapse54,1753802057568,Synapse54
248,"H8Y (Roxboro, QC)",H8Y,81320.69,81320.69,14039619.0,22252.616674527148,1753802057568,Synapse54,1753802057568,Synapse54
249,"H8Z (Roxboro, QC)",H8Z,86035.88,86035.88,11082242.5,14451.759662340886,1753802057568,Synapse54,1753802057568,Synapse54
250,"H9A (Pierrefonds, QC)",H9A,108716.98,108716.98,9353959.0,13155.163982221264,1753802057568,Synapse54,1753802057568,Synapse54
251,"H9B (Roxboro, QC)",H9B,94084.92,94084.92,14796114.0,18421.91025899604,1753802057568,Synapse54,1753802057568,Synapse54
252,"H9C (Pierrefonds, QC)",H9C,132826.68,132826.68,24503744.5,20531.792890304176,1753802057568,Synapse54,1753802057568,Synapse54
253,"H9E (Pierrefonds, QC)",H9E,110107.87,110107.87,42250333.0,27083.5790617143,1753802057568,Synapse54,1753802057568,Synapse54
254,"H9G (Pointe-Claire-Dorval, QC)",H9G,103819.5,103819.5,8457140.5,12464.539249179079,1753802057568,Synapse54,1753802057568,Synapse54
255,"H9H (Pierrefonds, QC)",H9H,95359.42,95359.42,19613903.5,23879.67204388559,1753802057568,Synapse54,1753802057568,Synapse54
256,"H9J (Pierrefonds, QC)",H9J,114975.65,114975.65,17167469.0,23970.816444803262,1753802057568,Synapse54,1753802057568,Synapse54
257,"H9K (Pierrefonds, QC)",H9K,112392.73,112392.73,30500131.5,26824.382930325875,1753802057568,Synapse54,1753802057568,Synapse54
258,"H9P (Pointe-Claire-Dorval, QC)",H9P,94665.22,94665.22,19498535.0,39692.170261991225,1753802057568,Synapse54,1753802057568,Synapse54
259,"H9R (Pointe-Claire-Dorval, QC)",H9R,99477.69,99477.69,29882299.5,25305.84671237734,1753802057568,Synapse54,1753802057568,Synapse54
260,"H9S (Pointe-Claire-Dorval, QC)",H9S,84928.99,84928.99,78965867.0,44171.880466646624,1753802057568,Synapse54,1753802057568,Synapse54
261,"H9W (Beaconsfield, QC)",H9W,158619.2,158619.2,43852698.0,28888.96518701168,1753802057568,Synapse54,1753802057568,Synapse54
262,"H9X (Sainte-Anne-De-Bellevue, QC)",H9X,116321.65,116321.65,73291956.5,35517.603411509444,1753802057568,Synapse54,1753802057568,Synapse54
263,"J0A (Warwick, QC)",J0A,69901.05,69901.05,2834357143.0,359358.8229727042,1753802057568,Synapse54,1753802057568,Synapse54
264,"J0B (Richmond, QC)",J0B,74352.3,74352.3,10667378133.5,1065896.4278918828,1753802057568,Synapse54,1753802057568,Synapse54
265,"J0C (Saint-Germain-De-Grantham, QC)",J0C,73020.77,73020.77,2217789273.0,543899.6487326861,1753802057568,Synapse54,1753802057568,Synapse54
266,"J0E (Waterloo, QC)",J0E,76682.05,76682.05,4549634499.230469,648394.7017630582,1753802057568,Synapse54,1753802057568,Synapse54
267,"J0G (Saint-Francois-Du-Lac, QC)",J0G,68560.26,68560.26,2514787680.5,333340.5205009883,1753802057568,Synapse54,1753802057568,Synapse54
268,"J0H (Acton Vale, QC)",J0H,75650.75,75650.75,4017334345.9570312,538883.6400762808,1753802057568,Synapse54,1753802057568,Synapse54
269,"J0J (Napierville, QC)",J0J,78032.57,78032.57,3163504441.4609375,385870.6950955986,1753802057568,Synapse54,1753802057568,Synapse54
270,"J0K (Rawdon, QC)",J0K,66848.09,66848.09,29697039721.0,1406950.3334880418,1753802057568,Synapse54,1753802057568,Synapse54
271,"J0L (Saint-Amable, QC)",J0L,87651.31,87651.31,2780902762.0429688,596544.2844540038,1753802057568,Synapse54,1753802057568,Synapse54
272,"J0M (Chisasibi, QC)",J0M,98868.41,98868.41,2507274503756.0,24396187.397056405,1753802057568,Synapse54,1753802057568,Synapse54
273,"J0N (Sainte-Marthe-Sur-Le-Lac, QC)",J0N,95110.16,95110.16,341790001.0,92049.64421828423,1753802057568,Synapse54,1753802057568,Synapse54
274,"J0P (Saint-Zotique, QC)",J0P,88268.55,88268.55,1320873265.0,299819.56036801497,1753802057568,Synapse54,1753802057568,Synapse54
275,"J0R (Saint-Sauveur, QC)",J0R,86686.6,86686.6,549507968.0,153164.86554496005,1753802057568,Synapse54,1753802057568,Synapse54
276,"J0S (Sainte-Martine, QC)",J0S,71586.18,71586.18,3261392891.5,373681.8522427627,1753802057568,Synapse54,1753802057568,Synapse54
277,"J0T (Saint-Donat-De-Montcalm, QC)",J0T,64430.58,64430.58,10294024616.5,948593.2698027412,1753802057568,Synapse54,1753802057568,Synapse54
278,"J0V (Saint-Andre-Avellin, QC)",J0V,64836.81,64836.81,5169637352.5,604696.2148960141,1753802057568,Synapse54,1753802057568,Synapse54
279,"J0W (Lac-Des-Ecorces, QC)",J0W,57792.2,57792.2,72760667284.5,2116484.49890364,1753802057568,Synapse54,1753802057568,Synapse54
280,"J0X (Wakefield, QC)",J0X,71985.58,71985.58,18401542242.5,1302599.5812032141,1753802057568,Synapse54,1753802057568,Synapse54
281,"J0Y (Malartic, QC)",J0Y,79388.34,79388.34,223534310999.0,3278730.6722274064,1753802057568,Synapse54,1753802057568,Synapse54
282,"J0Z (Lorrainville, QC)",J0Z,72098.09,72098.09,59867601510.0,2216439.0400546975,1753802057568,Synapse54,1753802057568,Synapse54
283,"J1A (Coaticook, QC)",J1A,61947.54,61947.54,568143726.5,138682.11350637994,1753802057568,Synapse54,1753802057568,Synapse54
284,"J1C (Sherbrooke, QC)",J1C,79228.81,79228.81,148314795.5,58854.95341782354,1753802057568,Synapse54,1753802057568,Synapse54
285,"J1E (Sherbrooke, QC)",J1E,57354.58,57354.58,36392307.5,31305.785200373433,1753802057568,Synapse54,1753802057568,Synapse54
286,"J1G (Sherbrooke, QC)",J1G,66148.95,66148.95,23722537.5,26568.26494121696,1753802057568,Synapse54,1753802057568,Synapse54
287,"J1H (Sherbrooke, QC)",J1H,50406.43,50406.43,90156997.5,95524.0591322304,1753802057568,Synapse54,1753802057568,Synapse54
288,"J1J (Sherbrooke, QC)",J1J,73071.62,73071.62,14850239.5,21529.415696903085,1753802057568,Synapse54,1753802057568,Synapse54
289,"J1K (Sherbrooke, QC)",J1K,63115.08,63115.08,14646372.0,20632.820225363073,1753802057568,Synapse54,1753802057568,Synapse54
290,"J1L (Sherbrooke, QC)",J1L,65476.75,65476.75,27073074.0,24825.97616578884,1753802057568,Synapse54,1753802057568,Synapse54
291,"J1M (Sherbrooke, QC)",J1M,70594.37,70594.37,66319442.5,51850.27975629163,1753802057568,Synapse54,1753802057568,Synapse54
292,"J1N (Sherbrooke, QC)",J1N,91074.72,91074.72,196798113.5,75865.43435097949,1753802057568,Synapse54,1753802057568,Synapse54
293,"J1R (Sherbrooke, QC)",J1R,101543.48,101543.48,129969730.0,55500.89678544112,1753802057568,Synapse54,1753802057568,Synapse54
294,"J1S (Windsor, QC)",J1S,73120.64,73120.64,306725365.5,94080.75320925176,1753802057568,Synapse54,1753802057568,Synapse54
295,"J1T (Val-Des-Sources, QC)",J1T,53230.29,53230.29,94108625.0,49846.76465177346,1753802057568,Synapse54,1753802057568,Synapse54
296,"J1X (Magog, QC)",J1X,74239.1,74239.1,728921445.0,201253.21200864858,1753802057568,Synapse54,1753802057568,Synapse54
297,"J1Z (Saint-Cyrille-De-Wendover, QC)",J1Z,84772.01,84772.01,352999380.0,123836.95765720992,1753802057568,Synapse54,1753802057568,Synapse54
298,"J2A (Drummondville, QC)",J2A,82230.01,82230.01,210419353.0,83920.96306970775,1753802057568,Synapse54,1753802057568,Synapse54
299,"J2B (Drummondville, QC)",J2B,63481.17,63481.17,262759591.40234375,162201.91283563137,1753802057568,Synapse54,1753802057568,Synapse54
300,"J2C (Drummondville, QC)",J2C,61353.64,61353.64,46328225.59765625,41604.1853996451,1753802057568,Synapse54,1753802057568,Synapse54
301,"J2E (Drummondville, QC)",J2E,71019.14,71019.14,18350789.5,28926.839340474853,1753802057568,Synapse54,1753802057568,Synapse54
302,"J2G (Granby, QC)",J2G,55543.25,55543.25,27125065.5,40964.248286282396,1753802057568,Synapse54,1753802057568,Synapse54
303,"J2H (Granby, QC)",J2H,92424.08,92424.08,136788271.0,82651.78876586944,1753802057568,Synapse54,1753802057568,Synapse54
304,"J2J (Granby, QC)",J2J,69298.23,69298.23,158975426.5,75483.31166212616,1753802057568,Synapse54,1753802057568,Synapse54
305,"J2K (Cowansville, QC)",J2K,61147.66,61147.66,327067186.0,107161.13325887192,1753802057568,Synapse54,1753802057568,Synapse54
306,"J2L (Bromont, QC)",J2L,104198.75,104198.75,230068726.0,81624.30958657779,1753802057568,Synapse54,1753802057568,Synapse54
307,"J2M (Shefford, QC)",J2M,93834.66,93834.66,242332781.2734375,116121.4987637872,1753802057568,Synapse54,1753802057568,Synapse54
308,"J2N (Farnham, QC)",J2N,69883.55,69883.55,187541869.5,67299.99265741695,1753802057568,Synapse54,1753802057568,Synapse54
309,"J2R (Saint-Hyacinthe, QC)",J2R,80905.91,80905.91,202913088.0,104737.13437793839,1753802057568,Synapse54,1753802057568,Synapse54
310,"J2S (Saint-Hyacinthe, QC)",J2S,55457.48,55457.48,64473264.0,73386.10579135851,1753802057568,Synapse54,1753802057568,Synapse54
311,"J2T (Saint-Hyacinthe, QC)",J2T,71638.77,71638.77,91771688.0,53456.23963708392,1753802057568,Synapse54,1753802057568,Synapse54
312,"J2W (Saint-Jean-Sur-Richelieu, QC)",J2W,105367.99,105367.99,103463004.5,59571.138073747235,1753802057568,Synapse54,1753802057568,Synapse54
313,"J2X (Saint-Jean-Sur-Richelieu, QC)",J2X,84906.8,84906.8,145676986.0,80102.73759580929,1753802057568,Synapse54,1753802057568,Synapse54
314,"J2Y (Saint-Jean-Sur-Richelieu, QC)",J2Y,103958.98,103958.98,146400386.17578125,73826.30271667863,1753802057568,Synapse54,1753802057568,Synapse54
315,"J3A (Saint-Jean-Sur-Richelieu, QC)",J3A,49927.77,49927.77,6186209.0,11188.578319190965,1753802057568,Synapse54,1753802057568,Synapse54
316,"J3B (Saint-Jean-Sur-Richelieu, QC)",J3B,70631.86,70631.86,95704303.5,54381.46319865555,1753802057568,Synapse54,1753802057568,Synapse54
317,"J3E (Sainte-Julie, QC)",J3E,110118.55,110118.55,105827610.5,60902.63170645707,1753802057568,Synapse54,1753802057568,Synapse54
318,"J3G (Beloeil, QC)",J3G,93429.64,93429.64,171490984.5,98109.63892656052,1753802057568,Synapse54,1753802057568,Synapse54
319,"J3H (Beloeil, QC)",J3H,108458.95,108458.95,80996367.5,55540.40786090735,1753802057568,Synapse54,1753802057568,Synapse54
320,"J3L (Chambly, QC)",J3L,107892.94,107892.94,364093398.0,124754.83820581688,1753802057568,Synapse54,1753802057568,Synapse54
321,"J3M (Marieville, QC)",J3M,79703.79,79703.79,126097256.5,55752.50302456562,1753802057568,Synapse54,1753802057568,Synapse54
322,"J3N (St-Basile-Le-Grand, QC)",J3N,115828.7,115828.7,74736126.0,37659.20099111866,1753802057568,Synapse54,1753802057568,Synapse54
323,"J3P (Sorel-Tracy, QC)",J3P,62830.83,62830.83,211886795.0,80652.39762505802,1753802057568,Synapse54,1753802057568,Synapse54
324,"J3R (Sorel-Tracy, QC)",J3R,64522.57,64522.57,57862738.0,40488.46821105956,1753802057568,Synapse54,1753802057568,Synapse54
325,"J3T (Nicolet, QC)",J3T,68423.63,68423.63,271606732.5,71484.12258274788,1753802057568,Synapse54,1753802057568,Synapse54
326,"J3V (Saint-Bruno, QC)",J3V,125960.57,125960.57,90158805.5,51396.92313356961,1753802057568,Synapse54,1753802057568,Synapse54
327,"J3X (Varennes, QC)",J3X,107282.41,107282.41,232058892.5,71561.3428539275,1753802057568,Synapse54,1753802057568,Synapse54
328,"J3Y (Saint-Hubert, QC)",J3Y,93880.78,93880.78,101336037.0,100201.13539228243,1753802057568,Synapse54,1753802057568,Synapse54
329,"J3Z (Saint-Hubert, QC)",J3Z,123016.23,123016.23,22454206.0,63608.93575532092,1753802057568,Synapse54,1753802057568,Synapse54
330,"J4B (Boucherville, QC)",J4B,118267.18,118267.18,170076124.5,59886.44585342009,1753802057568,Synapse54,1753802057568,Synapse54
331,"J4G (Longueuil, QC)",J4G,81024.86,81024.86,25356829.5,23719.52752698455,1753802057568,Synapse54,1753802057568,Synapse54
332,"J4H (Longueuil, QC)",J4H,65644.87,65644.87,11650935.0,15524.513087115087,1753802057568,Synapse54,1753802057568,Synapse54
333,"J4J (Longueuil, QC)",J4J,62527.47,62527.47,15351226.5,21930.353895068798,1753802057568,Synapse54,1753802057568,Synapse54
334,"J4K (Longueuil, QC)",J4K,65666.97,65666.97,12801059.0,20426.997549827258,1753802057568,Synapse54,1753802057568,Synapse54
335,"J4L (Longueuil, QC)",J4L,68657.59,68657.59,14765810.5,16776.5326873664,1753802057568,Synapse54,1753802057568,Synapse54
336,"J4M (Longueuil, QC)",J4M,111162.61,111162.61,10545973.0,20915.15150342213,1753802057568,Synapse54,1753802057568,Synapse54
337,"J4N (Longueuil, QC)",J4N,89496.94,89496.94,9982414.5,18319.159231838094,1753802057568,Synapse54,1753802057568,Synapse54
338,"J4P (Longueuil, QC)",J4P,86126.83,86126.83,6998059.0,12458.778436344583,1753802057568,Synapse54,1753802057568,Synapse54
339,"J4R (Longueuil, QC)",J4R,81983.14,81983.14,5607448.0,11472.375668491168,1753802057568,Synapse54,1753802057568,Synapse54
340,"J4S (Longueuil, QC)",J4S,93547.95,93547.95,4293595.5,10044.635885759557,1753802057568,Synapse54,1753802057568,Synapse54
341,"J4T (Saint-Hubert, QC)",J4T,70650.15,70650.15,8655769.0,12531.329908587128,1753802057568,Synapse54,1753802057568,Synapse54
342,"J4V (Longueuil, QC)",J4V,78843.77,78843.77,9874770.0,19495.60469716676,1753802057568,Synapse54,1753802057568,Synapse54
343,"J4W (Longueuil, QC)",J4W,82584.44,82584.44,11512935.0,16336.628676963564,1753802057568,Synapse54,1753802057568,Synapse54
344,"J4X (Longueuil, QC)",J4X,97338.47,97338.47,13216489.5,15198.092586417742,1753802057568,Synapse54,1753802057568,Synapse54
345,"J4Y (Longueuil, QC)",J4Y,98462.29,98462.29,21259495.5,19670.691530096043,1753802057568,Synapse54,1753802057568,Synapse54
346,"J4Z (Longueuil, QC)",J4Z,84155.86,84155.86,42442433.5,36399.19983850107,1753802057568,Synapse54,1753802057568,Synapse54
347,"J5A (Saint-Constant, QC)",J5A,100530.59,100530.59,123489244.5,53706.37543156535,1753802057568,Synapse54,1753802057568,Synapse54
348,"J5B (Delson, QC)",J5B,88188.78,88188.78,13765665.5,25868.554957637258,1753802057568,Synapse54,1753802057568,Synapse54
349,"J5C (Sainte-Catherine, QC)",J5C,90164.47,90164.47,20056189.5,22328.89425891819,1753802057568,Synapse54,1753802057568,Synapse54
350,"J5J (Sainte-Sophie, QC)",J5J,86524.67,86524.67,230905181.0,66651.47964912902,1753802057568,Synapse54,1753802057568,Synapse54
351,"J5K (Saint-Colomban, QC)",J5K,103306.93,103306.93,193780426.5,69823.6154247918,1753802057568,Synapse54,1753802057568,Synapse54
352,"J5L (Saint-Jerome, QC)",J5L,90099.67,90099.67,95796285.0,58040.91698594175,1753802057568,Synapse54,1753802057568,Synapse54
353,"J5M (Saint-Lin-Laurentides, QC)",J5M,87943.35,87943.35,245439917.0,79215.19535436288,1753802057568,Synapse54,1753802057568,Synapse54
354,"J5N (Saint-Lin-Laurentides, QC)",J5N,80718.38,80718.38,190530835.0,58815.89393433861,1753802057568,Synapse54,1753802057568,Synapse54
355,"J5R (La Prairie, QC)",J5R,105358.83,105358.83,116490762.5,83791.09209902641,1753802057568,Synapse54,1753802057568,Synapse54
356,"J5T (Lavaltrie, QC)",J5T,88173.9,88173.9,154486438.5,59411.55582605956,1753802057568,Synapse54,1753802057568,Synapse54
357,"J5V (Louiseville, QC)",J5V,50691.65,50691.65,506748881.0,179854.3461791025,1753802057568,Synapse54,1753802057568,Synapse54
358,"J5W (L'assomption, QC)",J5W,91180.97,91180.97,332828346.5,103350.78663938354,1753802057568,Synapse54,1753802057568,Synapse54
359,"J5X (L'epiphanie, QC)",J5X,81521.04,81521.04,93137482.5,61537.5779427655,1753802057568,Synapse54,1753802057568,Synapse54
360,"J5Y (Repentigny, QC)",J5Y,107448.95,107448.95,22356230.5,21230.469901767003,1753802057568,Synapse54,1753802057568,Synapse54
361,"J5Z (Repentigny, QC)",J5Z,88716.53,88716.53,78014581.0,40720.846170485005,1753802057568,Synapse54,1753802057568,Synapse54
362,"J6A (Repentigny, QC)",J6A,84158.51,84158.51,48655375.5,39943.850012514275,1753802057568,Synapse54,1753802057568,Synapse54
363,"J6E (Joliette, QC)",J6E,59586.92,59586.92,137214208.0,95275.2587794035,1753802057568,Synapse54,1753802057568,Synapse54
364,"J6J (Chateauguay, QC)",J6J,79171.83,79171.83,74217052.0,72123.22068999698,1753802057568,Synapse54,1753802057568,Synapse54
365,"J6K (Chateauguay, QC)",J6K,86385.07,86385.07,20188406.0,28536.15419577854,1753802057568,Synapse54,1753802057568,Synapse54
366,"J6N (Beauharnois, QC)",J6N,74806.24,74806.24,233462281.0,99024.33793574793,1753802057568,Synapse54,1753802057568,Synapse54
367,"J6R (Mercier, QC)",J6R,103514.09,103514.09,115347180.0,49311.90260299979,1753802057568,Synapse54,1753802057568,Synapse54
368,"J6S (Salaberry-De-Valleyfield, QC)",J6S,65662.73,65662.73,210261044.5,73467.37727321035,1753802057568,Synapse54,1753802057568,Synapse54
369,"J6T (Salaberry-De-Valleyfield, QC)",J6T,60164.54,60164.54,46981135.0,36756.956833154014,1753802057568,Synapse54,1753802057568,Synapse54
370,"J6V (Terrebonne, QC)",J6V,107376.91,107376.91,60800572.0,35889.68273881664,1753802057568,Synapse54,1753802057568,Synapse54
371,"J6W (Terrebonne, QC)",J6W,85758.17,85758.17,39136671.0,33325.59650886826,1753802057568,Synapse54,1753802057568,Synapse54
372,"J6X (Terrebonne, QC)",J6X,94837.4,94837.4,60225849.5,43095.169343531845,1753802057568,Synapse54,1753802057568,Synapse54
373,"J6Y (Terrebonne, QC)",J6Y,114253.19,114253.19,81550557.0,61201.9952124608,1753802057568,Synapse54,1753802057568,Synapse54
374,"J6Z (Rosemere, QC)",J6Z,109998.37,109998.37,22537924.0,22963.79436186629,1753802057568,Synapse54,1753802057568,Synapse54
375,"J7A (Rosemere, QC)",J7A,118788.03,118788.03,24339416.5,22941.14213233615,1753802057568,Synapse54,1753802057568,Synapse54
376,"J7B (Boisbriand, QC)",J7B,157811.0,157811.0,14667986.5,16792.064136555553,1753802057568,Synapse54,1753802057568,Synapse54
377,"J7C (Boisbriand, QC)",J7C,102443.53,102443.53,94216134.5,48996.310543076004,1753802057568,Synapse54,1753802057568,Synapse54
378,"J7E (Boisbriand, QC)",J7E,70852.89,70852.89,38942666.0,66768.75062873606,1753802057568,Synapse54,1753802057568,Synapse54
379,"J7G (Boisbriand, QC)",J7G,91355.56,91355.56,24826343.0,22844.466974416475,1753802057568,Synapse54,1753802057568,Synapse54
380,"J7H (Boisbriand, QC)",J7H,85899.11,85899.11,18524557.5,29683.633390851617,1753802057568,Synapse54,1753802057568,Synapse54
381,"J7J (Boisbriand, QC)",J7J,91775.11,91775.11,216897455.5,103444.96666308724,1753802057568,Synapse54,1753802057568,Synapse54
382,"J7K (Terrebonne, QC)",J7K,92282.16,92282.16,193069363.5,83975.60969421153,1753802057568,Synapse54,1753802057568,Synapse54
383,"J7L (Terrebonne, QC)",J7L,103022.77,103022.77,28664221.0,25040.678807417222,1753802057568,Synapse54,1753802057568,Synapse54
384,"J7M (Terrebonne, QC)",J7M,93690.25,93690.25,82543767.0,48321.76398543206,1753802057568,Synapse54,1753802057568,Synapse54
385,"J7N (Boisbriand, QC)",J7N,90433.71,90433.71,781900527.5,198254.3737699631,1753802057568,Synapse54,1753802057568,Synapse54
386,"J7P (Saint-Eustache, QC)",J7P,83674.25,83674.25,34525041.5,29797.38514106549,1753802057568,Synapse54,1753802057568,Synapse54
387,"J7R (Saint-Eustache, QC)",J7R,90084.46,90084.46,124808411.0,71490.55014073827,1753802057568,Synapse54,1753802057568,Synapse54
388,"J7T (Vaudreuil-Dorion, QC)",J7T,121483.65,121483.65,297651983.5,93415.04234638221,1753802057568,Synapse54,1753802057568,Synapse54
389,"J7V (Vaudreuil-Dorion, QC)",J7V,92634.57,92634.57,362449115.0,152968.31394129083,1753802057568,Synapse54,1753802057568,Synapse54
390,"J7W (Vaudreuil-Dorion, QC)",J7W,95514.24,95514.24,24383265.0,23490.450057951097,1753802057568,Synapse54,1753802057568,Synapse54
391,"J7X (Salaberry-De-Valleyfield, QC)",J7X,82263.1,82263.1,64920487.0,46286.99583260664,1753802057568,Synapse54,1753802057568,Synapse54
392,"J7Y (Saint-Jerome, QC)",J7Y,61511.32,61511.32,50087471.02734375,55705.64280837206,1753802057568,Synapse54,1753802057568,Synapse54
393,"J7Z (Saint-Jerome, QC)",J7Z,59097.84,59097.84,36942944.47265625,33700.08035698858,1753802057568,Synapse54,1753802057568,Synapse54
394,"J8A (Saint-Hippolyte, QC)",J8A,86534.57,86534.57,272351866.0,88660.25650248205,1753802057568,Synapse54,1753802057568,Synapse54
395,"J8B (Sainte-Adele, QC)",J8B,74169.73,74169.73,257661278.5,87331.95722532229,1753802057568,Synapse54,1753802057568,Synapse54
396,"J8C (Sainte-Agathe-Des-Monts, QC)",J8C,61911.25,61911.25,363538345.5,105828.83702167151,1753802057568,Synapse54,1753802057568,Synapse54
397,"J8E (Mont-Tremblant, QC)",J8E,68813.48,68813.48,598027685.5,128502.35538817226,1753802057568,Synapse54,1753802057568,Synapse54
398,"J8G (Brownsburg-Chatham, QC)",J8G,65481.95,65481.95,1206240278.5,237511.8555793957,1753802057568,Synapse54,1753802057568,Synapse54
399,"J8H (Lachute, QC)",J8H,60442.55,60442.55,482502118.5,169179.8899596451,1753802057568,Synapse54,1753802057568,Synapse54
400,"J8L (Gatineau, QC)",J8L,88484.97,88484.97,1293058071.0,172060.6388984216,1753802057568,Synapse54,1753802057568,Synapse54
401,"J8M (Gatineau, QC)",J8M,100098.07,100098.07,154732777.5,65024.547084615566,1753802057568,Synapse54,1753802057568,Synapse54
402,"J8N (Val-Des-Monts, QC)",J8N,114345.88,114345.88,1732302854.5,285589.92276472907,1753802057568,Synapse54,1753802057568,Synapse54
403,"J8P (Gatineau, QC)",J8P,77356.11,77356.11,58693548.0,43657.291681754716,1753802057568,Synapse54,1753802057568,Synapse54
404,"J8R (Gatineau, QC)",J8R,115621.5,115621.5,156666056.5,68675.20266685543,1753802057568,Synapse54,1753802057568,Synapse54
405,"J8T (Gatineau, QC)",J8T,75151.4,75151.4,47793402.0,43358.360078022946,1753802057568,Synapse54,1753802057568,Synapse54
406,"J8V (Gatineau, QC)",J8V,134899.51,134899.51,324712509.0,103708.66049045212,1753802057568,Synapse54,1753802057568,Synapse54
407,"J8X (Gatineau, QC)",J8X,55427.74,55427.74,14811708.0,18647.21034649298,1753802057568,Synapse54,1753802057568,Synapse54
408,"J8Y (Gatineau, QC)",J8Y,59918.06,59918.06,19695262.5,21673.890152602384,1753802057568,Synapse54,1753802057568,Synapse54
409,"J8Z (Gatineau, QC)",J8Z,78543.67,78543.67,23130629.5,26602.970961144994,1753802057568,Synapse54,1753802057568,Synapse54
410,"J9A (Gatineau, QC)",J9A,101326.61,101326.61,30373310.5,26686.619129442304,1753802057568,Synapse54,1753802057568,Synapse54
411,"J9B (Chelsea, QC)",J9B,161767.44,161767.44,246189543.5,86816.99350066783,1753802057568,Synapse54,1753802057568,Synapse54
412,"J9E (Maniwaki, QC)",J9E,52517.63,52517.63,1377109169.5,310831.3640939274,1753802057568,Synapse54,1753802057568,Synapse54
413,"J9H (Gatineau, QC)",J9H,94724.86,94724.86,62556078.0,44664.06309859117,1753802057568,Synapse54,1753802057568,Synapse54
414,"J9J (Gatineau, QC)",J9J,115324.65,115324.65,151255466.5,58327.94180700536,1753802057568,Synapse54,1753802057568,Synapse54
415,"J9L (Mont-Laurier, QC)",J9L,59704.53,59704.53,1339338847.0,180384.92529711727,1753802057568,Synapse54,1753802057568,Synapse54
416,"J9P (Val-D'or, QC)",J9P,76817.51,76817.51,3829796876.0,458548.2575127482,1753802057568,Synapse54,1753802057568,Synapse54
417,"J9T (Amos, QC)",J9T,73451.54,73451.54,683602510.0,189908.9748917051,1753802057568,Synapse54,1753802057568,Synapse54
418,"J9V (Rouyn-Noranda, QC)",J9V,68802.32,68802.32,297071822.0,76817.77391779536,1753802057568,Synapse54,1753802057568,Synapse54
419,"J9X (Rouyn-Noranda, QC)",J9X,64554.28,64554.28,301651162.0,120674.85661136823,1753802057568,Synapse54,1753802057568,Synapse54
420,"J9Y (Rouyn-Noranda, QC)",J9Y,105399.89,105399.89,2199066233.0,465878.96082864003,1753802057568,Synapse54,1753802057568,Synapse54
421,"J9Z (La Sarre, QC)",J9Z,59025.94,59025.94,348212296.0,88902.99107383726,1753802057568,Synapse54,1753802057568,Synapse54
