OBJECTID,DESCRIPTION,ID,ECYTENHHD,thematic_value,Shape__Area,Shape__Length,CreationDate,Creator,EditDate,Editor
1,"G0A (Sainte-Anne-De-Beaupre, QC)",G0A,38782,38782,72760823790.5,3028971.212854449,1753799463073,Synapse54,1753799463073,Synapse54
2,"G0C (New Richmond, QC)",G0C,22944,22944,22075337398.492188,967680.4043130332,1753799463073,Synapse54,1753799463073,Synapse54
3,"G0E (Grande-Vallee, QC)",G0E,2429,2429,17330251329.5,625766.1683453334,1753799463073,Synapse54,1753799463073,Synapse54
4,"G0G (Fermont, QC)",G0G,7009,7009,488246740388.7383,13452850.295035336,1753799463073,Synapse54,1753799463073,Synapse54
5,"G0H (Pessamit, QC)",G0H,4831,4831,123893631441.5,3217405.6747955983,1753799463073,Synapse54,1753799463073,Synapse54
6,"G0J (Causapscal, QC)",G0J,13922,13922,30795263589.0,1187342.219615261,1753799463073,Synapse54,1753799463073,Synapse54
7,"G0K (Sainte-Luce, QC)",G0K,5807,5807,8964482448.5,530269.0600895187,1753799463073,Synapse54,1753799463073,Synapse54
8,"G0L (Trois-Pistoles, QC)",G0L,27928,27928,23226305480.5,1017338.6635460304,1753799463073,Synapse54,1753799463073,Synapse54
9,"G0M (Saint-Prosper-De-Dorchester, QC)",G0M,15562,15562,6354665678.5,678703.1375911924,1753799463073,Synapse54,1753799463073,Synapse54
10,"G0N (Disraeli, QC)",G0N,9438,9438,3579667597.5,610336.508657239,1753799463073,Synapse54,1753799463073,Synapse54
11,"G0P (Ham-Nord, QC)",G0P,3050,3050,1964344449.0,415202.1877963802,1753799463073,Synapse54,1753799463073,Synapse54
12,"G0R (La Pocatiere, QC)",G0R,38973,38973,17275130739.5,769075.2097201231,1753799463073,Synapse54,1753799463073,Synapse54
13,"G0S (Saint-Apollinaire, QC)",G0S,31848,31848,7546000235.5,718279.0049398947,1753799463073,Synapse54,1753799463073,Synapse54
14,"G0T (Forestville, QC)",G0T,6494,6494,20313438075.0,1270528.890385615,1753799463073,Synapse54,1753799463073,Synapse54
15,"G0V (Saint-Honore-De-Chicoutimi, QC)",G0V,8524,8524,24624561090.5,1237538.7672922572,1753799463073,Synapse54,1753799463073,Synapse54
16,"G0W (Saint-Bruno-Lac-Saint-Jean, QC)",G0W,15606,15606,380327320475.0,4323366.579971259,1753799463073,Synapse54,1753799463073,Synapse54
17,"G0X (Notre-Dame-Du-Mont-Carmel, QC)",G0X,27816,27816,39978887685.5,2171889.905015521,1753799463073,Synapse54,1753799463073,Synapse54
18,"G0Y (Lac-Drolet, QC)",G0Y,4777,4777,3810924397.5,557635.8571484805,1753799463073,Synapse54,1753799463073,Synapse54
19,"G0Z (Daveluyville, QC)",G0Z,4041,4041,1313913827.0,254093.22841298912,1753799463073,Synapse54,1753799463073,Synapse54
20,"G1A (Quebec, QC)",G1A,0,0,82312.0,1266.954133788689,1753799463073,Synapse54,1753799463073,Synapse54
21,"G1B (Quebec, QC)",G1B,7130,7130,87273797.0,41431.67400838665,1753799463073,Synapse54,1753799463073,Synapse54
22,"G1C (Quebec, QC)",G1C,16679,16679,42832173.5,38990.399766328665,1753799463073,Synapse54,1753799463073,Synapse54
23,"G1E (Quebec, QC)",G1E,14565,14565,21963715.5,24460.60804483201,1753799463073,Synapse54,1753799463073,Synapse54
24,"G1G (Quebec, QC)",G1G,11725,11725,23261499.5,21244.010790424363,1753799463073,Synapse54,1753799463073,Synapse54
25,"G1H (Quebec, QC)",G1H,15389,15389,17070653.5,16728.070206687444,1753799463073,Synapse54,1753799463073,Synapse54
26,"G1J (Quebec, QC)",G1J,13638,13638,15486417.5,18318.282612942763,1753799463073,Synapse54,1753799463073,Synapse54
27,"G1K (Quebec, QC)",G1K,11721,11721,9532326.5,27604.32226056824,1753799463073,Synapse54,1753799463073,Synapse54
28,"G1L (Quebec, QC)",G1L,13405,13405,8545974.0,13500.51656374446,1753799463073,Synapse54,1753799463073,Synapse54
29,"G1M (Quebec, QC)",G1M,10821,10821,17720734.5,19033.029965482125,1753799463073,Synapse54,1753799463073,Synapse54
30,"G1N (Quebec, QC)",G1N,5765,5765,13120575.0,20830.816804197915,1753799463073,Synapse54,1753799463073,Synapse54
31,"G1P (Quebec, QC)",G1P,8110,8110,23560383.5,22665.24353657779,1753799463073,Synapse54,1753799463073,Synapse54
32,"G1R (Quebec, QC)",G1R,10520,10520,6291861.0,12661.880571938687,1753799463073,Synapse54,1753799463073,Synapse54
33,"G1S (Quebec, QC)",G1S,14440,14440,11216915.28125,15661.567182113036,1753799463073,Synapse54,1753799463073,Synapse54
34,"G1T (Quebec, QC)",G1T,2906,2906,7077771.5,17602.81541790566,1753799463073,Synapse54,1753799463073,Synapse54
35,"G1V (Quebec, QC)",G1V,13106,13106,15730102.0,17979.112647239195,1753799463073,Synapse54,1753799463073,Synapse54
36,"G1W (Quebec, QC)",G1W,11136,11136,17198639.5,21801.94208985731,1753799463073,Synapse54,1753799463073,Synapse54
37,"G1X (Quebec, QC)",G1X,13619,13619,27103326.0,27337.079999136095,1753799463073,Synapse54,1753799463073,Synapse54
38,"G1Y (Quebec, QC)",G1Y,5773,5773,14262450.5,17939.63034370007,1753799463073,Synapse54,1753799463073,Synapse54
39,"G2A (Quebec, QC)",G2A,8431,8431,47271562.5,46123.605864486206,1753799463073,Synapse54,1753799463073,Synapse54
40,"G2B (Quebec, QC)",G2B,11402,11402,24328924.5,22475.77399457994,1753799463073,Synapse54,1753799463073,Synapse54
41,"G2C (Quebec, QC)",G2C,6230,6230,18432837.5,23131.360190110616,1753799463073,Synapse54,1753799463073,Synapse54
42,"G2E (Quebec, QC)",G2E,9639,9639,27707972.5,23903.30796073271,1753799463073,Synapse54,1753799463073,Synapse54
43,"G2G (Quebec, QC)",G2G,4835,4835,101799470.5,45275.85044604026,1753799463073,Synapse54,1753799463073,Synapse54
44,"G2J (Quebec, QC)",G2J,1771,1771,5412144.5,9862.14108739791,1753799463073,Synapse54,1753799463073,Synapse54
45,"G2K (Quebec, QC)",G2K,7276,7276,30349819.5,31745.12588440936,1753799463073,Synapse54,1753799463073,Synapse54
46,"G2L (Quebec, QC)",G2L,6820,6820,25127554.5,22805.966601331882,1753799463073,Synapse54,1753799463073,Synapse54
47,"G2M (Quebec, QC)",G2M,2475,2475,44779584.0,34604.08492657024,1753799463073,Synapse54,1753799463073,Synapse54
48,"G2N (Quebec, QC)",G2N,3617,3617,31035228.5,31796.238354131285,1753799463073,Synapse54,1753799463073,Synapse54
49,"G3A (St-Augustin-De-Desmaures, QC)",G3A,9149,9149,188876871.0,74472.4753726992,1753799463073,Synapse54,1753799463073,Synapse54
50,"G3B (Lac-Beauport, QC)",G3B,3421,3421,139197319.5,64423.23371099803,1753799463073,Synapse54,1753799463073,Synapse54
51,"G3C (Stoneham-Et-Tewkesbury, QC)",G3C,4539,4539,1330849498.5,175874.56931808186,1753799463073,Synapse54,1753799463073,Synapse54
52,"G3E (Quebec, QC)",G3E,6330,6330,18489209.0,20620.301807363456,1753799463073,Synapse54,1753799463073,Synapse54
53,"G3G (Quebec, QC)",G3G,4284,4284,83002473.0,53192.861834286385,1753799463073,Synapse54,1753799463073,Synapse54
54,"G3H (Pont-Rouge, QC)",G3H,4589,4589,279179695.0,100842.62742278028,1753799463073,Synapse54,1753799463073,Synapse54
55,"G3J (Quebec, QC)",G3J,4681,4681,85589532.0,54640.87343863765,1753799463073,Synapse54,1753799463073,Synapse54
56,"G3K (Quebec, QC)",G3K,8570,8570,66926850.0,43417.9629367511,1753799463073,Synapse54,1753799463073,Synapse54
57,"G3L (Saint-Raymond, QC)",G3L,5321,5321,2499240685.5,293711.66523440205,1753799463073,Synapse54,1753799463073,Synapse54
58,"G3M (Donnacona, QC)",G3M,3578,3578,76895468.5,38932.06578942634,1753799463073,Synapse54,1753799463073,Synapse54
59,"G3N (Ste-Catherine-De-La-J-Cartier, QC)",G3N,4628,4628,179093818.5,91193.27748891739,1753799463073,Synapse54,1753799463073,Synapse54
60,"G3S (Quebec, QC)",G3S,2656,2656,162242772.5,88360.35793053103,1753799463073,Synapse54,1753799463073,Synapse54
61,"G3Z (Baie-Saint-Paul, QC)",G3Z,3704,3704,1221045873.0,165284.53951195258,1753799463073,Synapse54,1753799463073,Synapse54
62,"G4A (Clermont, QC)",G4A,1545,1545,1226794529.0,167560.43929327332,1753799463073,Synapse54,1753799463073,Synapse54
63,"G4R (Sept-Iles, QC)",G4R,9227,9227,1888740693.0195312,364416.3918226564,1753799463073,Synapse54,1753799463073,Synapse54
64,"G4S (Sept-Iles, QC)",G4S,2163,2163,13736729.5,31952.335224803264,1753799463073,Synapse54,1753799463073,Synapse54
65,"G4T (Les Iles-De-La-Madeleine, QC)",G4T,6282,6282,500054815.0,511013.5871236407,1753799463073,Synapse54,1753799463073,Synapse54
66,"G4V (Sainte-Anne-Des-Monts, QC)",G4V,3244,3244,780273522.0,168670.12216022852,1753799463073,Synapse54,1753799463073,Synapse54
67,"G4W (Matane, QC)",G4W,7437,7437,466220652.0,100520.51806568402,1753799463073,Synapse54,1753799463073,Synapse54
68,"G4X (Gaspe, QC)",G4X,7181,7181,2615126201.546875,406673.89112098655,1753799463073,Synapse54,1753799463073,Synapse54
69,"G4Z (Baie-Comeau, QC)",G4Z,4395,4395,1669244051.0,336717.80497552885,1753799463073,Synapse54,1753799463073,Synapse54
70,"G5A (La Malbaie, QC)",G5A,4008,4008,905867526.5,176911.55690727945,1753799463073,Synapse54,1753799463073,Synapse54
71,"G5B (Port-Cartier, QC)",G5B,2783,2783,742256392.5,203831.72178845698,1753799463073,Synapse54,1753799463073,Synapse54
72,"G5C (Baie-Comeau, QC)",G5C,5259,5259,78061848.0,48691.63220890317,1753799463073,Synapse54,1753799463073,Synapse54
73,"G5H (Mont-Joli, QC)",G5H,3352,3352,128376656.5,53923.191144203476,1753799463073,Synapse54,1753799463073,Synapse54
74,"G5J (Amqui, QC)",G5J,3003,3003,310530648.5,97437.56642828621,1753799463073,Synapse54,1753799463073,Synapse54
75,"G5L (Rimouski, QC)",G5L,15096,15096,115966883.0,88926.49071239203,1753799463073,Synapse54,1753799463073,Synapse54
76,"G5M (Rimouski, QC)",G5M,4077,4077,66332097.0,52169.63739391678,1753799463073,Synapse54,1753799463073,Synapse54
77,"G5N (Rimouski, QC)",G5N,3717,3717,414167429.0,104413.83144964176,1753799463073,Synapse54,1753799463073,Synapse54
78,"G5R (Riviere-Du-Loup, QC)",G5R,9945,9945,182737573.0,77061.18159356514,1753799463073,Synapse54,1753799463073,Synapse54
79,"G5T (Degelis, QC)",G5T,1424,1424,1107888892.0,146757.59518407704,1753799463073,Synapse54,1753799463073,Synapse54
80,"G5V (Montmagny, QC)",G5V,5756,5756,282245095.0,82682.88684580137,1753799463073,Synapse54,1753799463073,Synapse54
81,"G5X (Beauceville, QC)",G5X,2828,2828,336857190.0,91090.00846556539,1753799463073,Synapse54,1753799463073,Synapse54
82,"G5Y (Saint-Georges, QC)",G5Y,12006,12006,169548327.0,148240.89990521545,1753799463073,Synapse54,1753799463073,Synapse54
83,"G5Z (Saint-Georges, QC)",G5Z,3354,3354,219710089.0,133870.3845435117,1753799463073,Synapse54,1753799463073,Synapse54
84,"G6A (Saint-Georges, QC)",G6A,869,869,12731588.0,28099.846637013223,1753799463073,Synapse54,1753799463073,Synapse54
85,"G6B (Lac-Megantic, QC)",G6B,4227,4227,525968305.0,147830.6226949515,1753799463073,Synapse54,1753799463073,Synapse54
86,"G6C (Pintendre, QC)",G6C,3652,3652,171728656.5,62758.50767570228,1753799463073,Synapse54,1753799463073,Synapse54
87,"G6E (Sainte-Marie, QC)",G6E,5842,5842,242749292.5,88129.38426536831,1753799463073,Synapse54,1753799463073,Synapse54
88,"G6G (Thetford Mines, QC)",G6G,10044,10044,432553661.5,137866.85051543516,1753799463073,Synapse54,1753799463073,Synapse54
89,"G6H (Thetford Mines, QC)",G6H,3186,3186,381525955.5,208711.52055490302,1753799463073,Synapse54,1753799463073,Synapse54
90,"G6J (Saint-Etienne-De-Lauzon, QC)",G6J,4576,4576,170941088.5,68005.84099520143,1753799463073,Synapse54,1753799463073,Synapse54
91,"G6K (Saint-Redempteur, QC)",G6K,3320,3320,8847420.0,13869.752401834681,1753799463073,Synapse54,1753799463073,Synapse54
92,"G6L (Plessisville, QC)",G6L,7451,7451,727703425.5,150480.86599396955,1753799463073,Synapse54,1753799463073,Synapse54
93,"G6P (Victoriaville, QC)",G6P,15297,15297,43162857.0,67077.33804588739,1753799463073,Synapse54,1753799463073,Synapse54
94,"G6R (Victoriaville, QC)",G6R,1859,1859,111890007.5,67049.5189257073,1753799463073,Synapse54,1753799463073,Synapse54
95,"G6S (Victoriaville, QC)",G6S,2354,2354,93883157.5,65606.32420350032,1753799463073,Synapse54,1753799463073,Synapse54
96,"G6T (Victoriaville, QC)",G6T,4907,4907,97646146.0,79862.46403678902,1753799463073,Synapse54,1753799463073,Synapse54
97,"G6V (Levis, QC)",G6V,16910,16910,51005706.5,85820.66591178898,1753799463073,Synapse54,1753799463073,Synapse54
98,"G6W (Levis, QC)",G6W,12601,12601,54365583.5,57031.8227070878,1753799463073,Synapse54,1753799463073,Synapse54
99,"G6X (Levis, QC)",G6X,4780,4780,17532207.0,18566.178953389182,1753799463073,Synapse54,1753799463073,Synapse54
100,"G6Y (Levis, QC)",G6Y,3421,3421,48673784.5,36076.08982567784,1753799463073,Synapse54,1753799463073,Synapse54
101,"G6Z (Saint-Jean-Chrysostome, QC)",G6Z,9889,9889,206313300.5,81637.94553350794,1753799463073,Synapse54,1753799463073,Synapse54
102,"G7A (Saint-Nicolas, QC)",G7A,11022,11022,206385794.0,76585.07395132218,1753799463073,Synapse54,1753799463073,Synapse54
103,"G7B (La Baie, QC)",G7B,8571,8571,731098795.5,122236.04683671948,1753799463073,Synapse54,1753799463073,Synapse54
104,"G7G (Chicoutimi, QC)",G7G,7606,7606,83451590.0,72026.82978856695,1753799463073,Synapse54,1753799463073,Synapse54
105,"G7H (Chicoutimi, QC)",G7H,14981,14981,335780132.5,155297.87503251838,1753799463073,Synapse54,1753799463073,Synapse54
106,"G7J (Chicoutimi, QC)",G7J,7132,7132,48516569.0,31553.718168111947,1753799463073,Synapse54,1753799463073,Synapse54
107,"G7K (Chicoutimi, QC)",G7K,363,363,13787400.5,25129.491914885974,1753799463073,Synapse54,1753799463073,Synapse54
108,"G7N (Laterriere, QC)",G7N,2665,2665,572266521.5,131134.86527943268,1753799463073,Synapse54,1753799463073,Synapse54
109,"G7P (Chicoutimi, QC)",G7P,3334,3334,535052258.5,133662.40227307807,1753799463073,Synapse54,1753799463073,Synapse54
110,"G7S (Jonquiere, QC)",G7S,8770,8770,90965725.5,53543.07738017431,1753799463073,Synapse54,1753799463073,Synapse54
111,"G7T (Jonquiere, QC)",G7T,805,805,11024436.0,23113.794147733155,1753799463073,Synapse54,1753799463073,Synapse54
112,"G7X (Jonquiere, QC)",G7X,13314,13314,675028246.5,279259.2165036962,1753799463073,Synapse54,1753799463073,Synapse54
113,"G7Y (Jonquiere, QC)",G7Y,298,298,28364189.0,37375.76013155794,1753799463073,Synapse54,1753799463073,Synapse54
114,"G7Z (Jonquiere, QC)",G7Z,1093,1093,16183341.0,21290.870310459137,1753799463073,Synapse54,1753799463073,Synapse54
115,"G8A (Jonquiere, QC)",G8A,2888,2888,52092756.5,55678.19403946566,1753799463073,Synapse54,1753799463073,Synapse54
116,"G8B (Alma, QC)",G8B,10441,10441,297457310.0,211237.01895446505,1753799463073,Synapse54,1753799463073,Synapse54
117,"G8C (Alma, QC)",G8C,2295,2295,47590945.0,51183.77436174367,1753799463073,Synapse54,1753799463073,Synapse54
118,"G8E (Alma, QC)",G8E,1736,1736,198550679.5,111351.61663855895,1753799463073,Synapse54,1753799463073,Synapse54
119,"G8G (Metabetchouan-Lac-A-La-Croix, QC)",G8G,1914,1914,435537293.5,100773.33142038128,1753799463073,Synapse54,1753799463073,Synapse54
120,"G8H (Roberval, QC)",G8H,4975,4975,543189787.1757812,135904.14248114204,1753799463073,Synapse54,1753799463073,Synapse54
121,"G8J (Chicoutimi, QC)",G8J,1896,1896,2344096837.0,302744.5493028244,1753799463073,Synapse54,1753799463073,Synapse54
122,"G8K (Saint-Felicien, QC)",G8K,4979,4979,860422895.5,186957.39961478047,1753799463073,Synapse54,1753799463073,Synapse54
123,"G8L (Dolbeau-Mistassini, QC)",G8L,6693,6693,3537542888.8203125,527284.6001355818,1753799463073,Synapse54,1753799463073,Synapse54
124,"G8M (Normandin, QC)",G8M,2315,2315,1017813603.5,185656.56193391615,1753799463073,Synapse54,1753799463073,Synapse54
125,"G8N (Hebertville, QC)",G8N,1132,1132,473865737.0,121456.61747790436,1753799463073,Synapse54,1753799463073,Synapse54
126,"G8P (Chibougamau, QC)",G8P,3272,3272,2435879767.5,197043.63571528325,1753799463073,Synapse54,1753799463073,Synapse54
127,"G8T (Trois-Rivieres, QC)",G8T,14246,14246,53667241.0,76442.1934749919,1753799463073,Synapse54,1753799463073,Synapse54
128,"G8V (Trois-Rivieres, QC)",G8V,4689,4689,104632608.0,66015.1834431966,1753799463073,Synapse54,1753799463073,Synapse54
129,"G8W (Trois-Rivieres, QC)",G8W,5120,5120,128446737.0,76697.25349343411,1753799463073,Synapse54,1753799463073,Synapse54
130,"G8Y (Trois-Rivieres, QC)",G8Y,16448,16448,45724725.5,37933.330899285655,1753799463073,Synapse54,1753799463073,Synapse54
131,"G8Z (Trois-Rivieres, QC)",G8Z,7479,7479,16678138.0,22099.08240994394,1753799463073,Synapse54,1753799463073,Synapse54
132,"G9A (Trois-Rivieres, QC)",G9A,12157,12157,105086814.0,113245.62209754915,1753799463073,Synapse54,1753799463073,Synapse54
133,"G9B (Trois-Rivieres, QC)",G9B,8600,8600,216934834.5,89385.35803757486,1753799463073,Synapse54,1753799463073,Synapse54
134,"G9C (Trois-Rivieres, QC)",G9C,1772,1772,12875179.0,26201.339674832936,1753799463073,Synapse54,1753799463073,Synapse54
135,"G9H (Becancour, QC)",G9H,6716,6716,965246378.5,214717.67022828877,1753799463073,Synapse54,1753799463073,Synapse54
136,"G9N (Shawinigan, QC)",G9N,9135,9135,149583035.5,113854.1611209567,1753799463073,Synapse54,1753799463073,Synapse54
137,"G9P (Shawinigan, QC)",G9P,5894,5894,32510118.0,38949.97843748969,1753799463073,Synapse54,1753799463073,Synapse54
138,"G9R (Shawinigan, QC)",G9R,1193,1193,156430596.5,105284.31387222232,1753799463073,Synapse54,1753799463073,Synapse54
139,"G9T (Grand-Mere, QC)",G9T,8682,8682,175921560.5,90399.15322236488,1753799463073,Synapse54,1753799463073,Synapse54
140,"G9X (La Tuque, QC)",G9X,5309,5309,4798536478.5,388015.362952818,1753799463073,Synapse54,1753799463073,Synapse54
141,"H0M (Akwesasne, QC)",H0M,0,0,4195699.0,36371.52492841964,1753799463073,Synapse54,1753799463073,Synapse54
142,"H1A (Montreal, QC)",H1A,15439,15439,32047972.5,27217.161718354222,1753799463073,Synapse54,1753799463073,Synapse54
143,"H1B (Montreal, QC)",H1B,9319,9319,42382103.0,29920.24369847441,1753799463073,Synapse54,1753799463073,Synapse54
144,"H1C (Montreal, QC)",H1C,5053,5053,26679819.5,25870.587310829436,1753799463073,Synapse54,1753799463073,Synapse54
145,"H1E (Montreal, QC)",H1E,17347,17347,29995565.0,23264.2709841518,1753799463073,Synapse54,1753799463073,Synapse54
146,"H1G (Montreal, QC)",H1G,20995,20995,16132403.5,17322.15503203977,1753799463073,Synapse54,1753799463073,Synapse54
147,"H1H (Montreal, QC)",H1H,16663,16663,10210927.5,13709.108640935121,1753799463073,Synapse54,1753799463073,Synapse54
148,"H1J (Montreal, QC)",H1J,4854,4854,18502722.0,18581.449355666224,1753799463073,Synapse54,1753799463073,Synapse54
149,"H1K (Montreal, QC)",H1K,15852,15852,12667226.5,15052.99246391506,1753799463073,Synapse54,1753799463073,Synapse54
150,"H1L (Montreal, QC)",H1L,16873,16873,13596541.5,17573.19469361058,1753799463073,Synapse54,1753799463073,Synapse54
151,"H1M (Montreal, QC)",H1M,14344,14344,10690212.5,15457.65729265879,1753799463073,Synapse54,1753799463073,Synapse54
152,"H1N (Montreal, QC)",H1N,12223,12223,114734629.5,108616.9951420107,1753799463073,Synapse54,1753799463073,Synapse54
153,"H1P (Montreal, QC)",H1P,7737,7737,10601632.5,14342.38560083787,1753799463073,Synapse54,1753799463073,Synapse54
154,"H1R (Montreal, QC)",H1R,12209,12209,9518827.0,14180.86920094836,1753799463073,Synapse54,1753799463073,Synapse54
155,"H1S (Montreal, QC)",H1S,11468,11468,7438851.0,13261.062397135287,1753799463073,Synapse54,1753799463073,Synapse54
156,"H1T (Montreal, QC)",H1T,16015,16015,8407123.5,15836.037610683787,1753799463073,Synapse54,1753799463073,Synapse54
157,"H1V (Montreal, QC)",H1V,12169,12169,6852649.0,10988.833869692491,1753799463073,Synapse54,1753799463073,Synapse54
158,"H1W (Montreal, QC)",H1W,17980,17980,6100526.0,11263.239274717751,1753799463073,Synapse54,1753799463073,Synapse54
159,"H1X (Montreal, QC)",H1X,16236,16236,8450164.0,13619.608619583656,1753799463073,Synapse54,1753799463073,Synapse54
160,"H1Y (Montreal, QC)",H1Y,15392,15392,5352874.0,10916.549919811729,1753799463073,Synapse54,1753799463073,Synapse54
161,"H1Z (Montreal, QC)",H1Z,14517,14517,14307589.5,14883.881987328181,1753799463073,Synapse54,1753799463073,Synapse54
162,"H2A (Montreal, QC)",H2A,9747,9747,4232942.0,8758.55230005682,1753799463073,Synapse54,1753799463073,Synapse54
163,"H2B (Montreal, QC)",H2B,8493,8493,5947505.5,9676.70118562271,1753799463073,Synapse54,1753799463073,Synapse54
164,"H2C (Montreal, QC)",H2C,9463,9463,5556278.0,9971.926462140602,1753799463073,Synapse54,1753799463073,Synapse54
165,"H2E (Montreal, QC)",H2E,11537,11537,3830518.5,8073.841629300861,1753799463073,Synapse54,1753799463073,Synapse54
166,"H2G (Montreal, QC)",H2G,11378,11378,4217958.5,9248.80721597901,1753799463073,Synapse54,1753799463073,Synapse54
167,"H2H (Montreal, QC)",H2H,7435,7435,2682198.0,6982.709947140798,1753799463073,Synapse54,1753799463073,Synapse54
168,"H2J (Montreal, QC)",H2J,15099,15099,3975815.0,8085.511309426667,1753799463073,Synapse54,1753799463073,Synapse54
169,"H2K (Montreal, QC)",H2K,17535,17535,5762510.0,9775.787359183401,1753799463073,Synapse54,1753799463073,Synapse54
170,"H2L (Montreal, QC)",H2L,17188,17188,5652250.0,10530.305700195246,1753799463073,Synapse54,1753799463073,Synapse54
171,"H2M (Montreal, QC)",H2M,9425,9425,6840427.0,11504.156734199103,1753799463073,Synapse54,1753799463073,Synapse54
172,"H2N (Montreal, QC)",H2N,2856,2856,2336770.0,6414.770804238481,1753799463073,Synapse54,1753799463073,Synapse54
173,"H2P (Montreal, QC)",H2P,7581,7581,3440041.0,8481.97690702558,1753799463073,Synapse54,1753799463073,Synapse54
174,"H2R (Montreal, QC)",H2R,13104,13104,4573627.0,8588.564684485442,1753799463073,Synapse54,1753799463073,Synapse54
175,"H2S (Montreal, QC)",H2S,16185,16185,5062352.5,9483.95666520098,1753799463073,Synapse54,1753799463073,Synapse54
176,"H2T (Montreal, QC)",H2T,9629,9629,2792933.0,7309.603445409373,1753799463073,Synapse54,1753799463073,Synapse54
177,"H2V (Montreal, QC)",H2V,13031,13031,9406781.5,15649.479624539856,1753799463073,Synapse54,1753799463073,Synapse54
178,"H2W (Montreal, QC)",H2W,6163,6163,2122029.5,6886.736160398394,1753799463073,Synapse54,1753799463073,Synapse54
179,"H2X (Montreal, QC)",H2X,14614,14614,3260860.5,9016.990098210114,1753799463073,Synapse54,1753799463073,Synapse54
180,"H2Y (Montreal, QC)",H2Y,2640,2640,1658875.0,7811.331119881591,1753799463073,Synapse54,1753799463073,Synapse54
181,"H2Z (Montreal, QC)",H2Z,2680,2680,598367.5,3228.1201023826216,1753799463073,Synapse54,1753799463073,Synapse54
182,"H3A (Montreal, QC)",H3A,3324,3324,1952640.0,8051.6260641867375,1753799463073,Synapse54,1753799463073,Synapse54
183,"H3B (Montreal, QC)",H3B,1507,1507,927950.0,5036.520981944944,1753799463073,Synapse54,1753799463073,Synapse54
184,"H3C (Montreal, QC)",H3C,14065,14065,17209727.0,33681.90517416176,1753799463073,Synapse54,1753799463073,Synapse54
185,"H3E (Montreal, QC)",H3E,11073,11073,9825716.5,14615.034290309737,1753799463073,Synapse54,1753799463073,Synapse54
186,"H3G (Montreal, QC)",H3G,8274,8274,2139910.0,8520.81981818768,1753799463073,Synapse54,1753799463073,Synapse54
187,"H3H (Montreal, QC)",H3H,13027,13027,5138945.5,17420.06994824536,1753799463073,Synapse54,1753799463073,Synapse54
188,"H3J (Montreal, QC)",H3J,6515,6515,2674031.0,6742.466153977455,1753799463073,Synapse54,1753799463073,Synapse54
189,"H3K (Montreal, QC)",H3K,7989,7989,6571158.0,11318.657050191392,1753799463073,Synapse54,1753799463073,Synapse54
190,"H3L (Montreal, QC)",H3L,10224,10224,8682987.0,13055.356607199148,1753799463073,Synapse54,1753799463073,Synapse54
191,"H3M (Montreal, QC)",H3M,6254,6254,5900605.5,11105.82837103115,1753799463073,Synapse54,1753799463073,Synapse54
192,"H3N (Montreal, QC)",H3N,12788,12788,3362662.5,8891.918324885475,1753799463073,Synapse54,1753799463073,Synapse54
193,"H3P (Montreal, QC)",H3P,3837,3837,5651704.5,9798.453260458433,1753799463073,Synapse54,1753799463073,Synapse54
194,"H3R (Montreal, QC)",H3R,3875,3875,5400500.0,9553.23690396402,1753799463073,Synapse54,1753799463073,Synapse54
195,"H3S (Montreal, QC)",H3S,15686,15686,5351564.5,9656.774003388971,1753799463073,Synapse54,1753799463073,Synapse54
196,"H3T (Montreal, QC)",H3T,7102,7102,3607516.5,8899.065890536858,1753799463073,Synapse54,1753799463073,Synapse54
197,"H3V (Montreal, QC)",H3V,4079,4079,3676769.0,9340.08432806038,1753799463073,Synapse54,1753799463073,Synapse54
198,"H3W (Montreal, QC)",H3W,13370,13370,5569083.5,12464.00419712417,1753799463073,Synapse54,1753799463073,Synapse54
199,"H3X (Montreal, QC)",H3X,10873,10873,8676070.0,13038.712105834822,1753799463073,Synapse54,1753799463073,Synapse54
200,"H3Y (Montreal, QC)",H3Y,3960,3960,5680936.5,10400.46779440301,1753799463073,Synapse54,1753799463073,Synapse54
201,"H3Z (Montreal, QC)",H3Z,5412,5412,2971245.0,7979.12833061372,1753799463073,Synapse54,1753799463073,Synapse54
202,"H4A (Montreal, QC)",H4A,12382,12382,6339669.0,10830.775097279686,1753799463073,Synapse54,1753799463073,Synapse54
203,"H4B (Montreal, QC)",H4B,11538,11538,5495449.5,11430.593825626274,1753799463073,Synapse54,1753799463073,Synapse54
204,"H4C (Montreal, QC)",H4C,10128,10128,10079054.5,19231.90024241674,1753799463073,Synapse54,1753799463073,Synapse54
205,"H4E (Montreal, QC)",H4E,15854,15854,10446763.5,18116.080205740356,1753799463073,Synapse54,1753799463073,Synapse54
206,"H4G (Verdun, QC)",H4G,16684,16684,6200126.5,10435.627645908377,1753799463073,Synapse54,1753799463073,Synapse54
207,"H4H (Verdun, QC)",H4H,8933,8933,6500184.5,11023.978149390903,1753799463073,Synapse54,1753799463073,Synapse54
208,"H4J (Montreal, QC)",H4J,7658,7658,6400914.5,12111.703398579217,1753799463073,Synapse54,1753799463073,Synapse54
209,"H4K (Montreal, QC)",H4K,4058,4058,10268900.0,15365.586434704945,1753799463073,Synapse54,1753799463073,Synapse54
210,"H4L (Montreal, QC)",H4L,15357,15357,10499306.5,13425.367090877367,1753799463073,Synapse54,1753799463073,Synapse54
211,"H4M (Montreal, QC)",H4M,5032,5032,6193041.5,11376.386905744941,1753799463073,Synapse54,1753799463073,Synapse54
212,"H4N (Montreal, QC)",H4N,12987,12987,11515200.0,17692.530830513202,1753799463073,Synapse54,1753799463073,Synapse54
213,"H4P (Montreal, QC)",H4P,4959,4959,7616644.5,13917.162705093007,1753799463073,Synapse54,1753799463073,Synapse54
214,"H4R (Montreal, QC)",H4R,12567,12567,19778627.5,19925.041667183443,1753799463073,Synapse54,1753799463073,Synapse54
215,"H4S (Montreal, QC)",H4S,162,162,25736787.0,27350.179631335064,1753799463073,Synapse54,1753799463073,Synapse54
216,"H4T (Montreal, QC)",H4T,13,13,12913673.5,17286.679172996657,1753799463073,Synapse54,1753799463073,Synapse54
217,"H4V (Montreal, QC)",H4V,9105,9105,4860370.5,9490.823388671204,1753799463073,Synapse54,1753799463073,Synapse54
218,"H4W (Montreal, QC)",H4W,11567,11567,15741448.0,18055.60507168441,1753799463073,Synapse54,1753799463073,Synapse54
219,"H4X (Montreal, QC)",H4X,2774,2774,3272580.5,9711.337741501437,1753799463073,Synapse54,1753799463073,Synapse54
220,"H4Y (Pointe-Claire-Dorval, QC)",H4Y,0,0,13605865.0,21906.491759391112,1753799463073,Synapse54,1753799463073,Synapse54
221,"H4Z (Montreal, QC)",H4Z,23,23,48269.5,1084.0077881690113,1753799463073,Synapse54,1753799463073,Synapse54
222,"H5A (Montreal, QC)",H5A,0,0,70328.5,1077.3693943590201,1753799463073,Synapse54,1753799463073,Synapse54
223,"H5B (Montreal, QC)",H5B,32,32,69225.0,1241.39561389562,1753799463073,Synapse54,1753799463073,Synapse54
224,"H7A (Laval, QC)",H7A,7767,7767,55986161.0,35792.476329694015,1753799463073,Synapse54,1753799463073,Synapse54
225,"H7B (Laval, QC)",H7B,1065,1065,12833492.0,19465.102961418776,1753799463073,Synapse54,1753799463073,Synapse54
226,"H7C (Laval, QC)",H7C,3592,3592,26706438.0,33344.532757897236,1753799463073,Synapse54,1753799463073,Synapse54
227,"H7E (Laval, QC)",H7E,10559,10559,58603236.5,49715.749208773435,1753799463073,Synapse54,1753799463073,Synapse54
228,"H7G (Laval, QC)",H7G,9085,9085,12923832.5,19204.029301455565,1753799463073,Synapse54,1753799463073,Synapse54
229,"H7H (Laval, QC)",H7H,5024,5024,15956758.0,19199.605061874256,1753799463073,Synapse54,1753799463073,Synapse54
230,"H7J (Laval, QC)",H7J,872,872,53323302.0,33198.313020576155,1753799463073,Synapse54,1753799463073,Synapse54
231,"H7K (Laval, QC)",H7K,8730,8730,30865320.0,25890.412217277662,1753799463073,Synapse54,1753799463073,Synapse54
232,"H7L (Laval, QC)",H7L,14188,14188,44625160.0,29614.545742793118,1753799463073,Synapse54,1753799463073,Synapse54
233,"H7M (Laval, QC)",H7M,10896,10896,21060041.0,20135.878363934327,1753799463073,Synapse54,1753799463073,Synapse54
234,"H7N (Laval, QC)",H7N,21795,21795,22733173.5,31142.9739798465,1753799463073,Synapse54,1753799463073,Synapse54
235,"H7P (Laval, QC)",H7P,14699,14699,39418609.5,29119.748261948425,1753799463073,Synapse54,1753799463073,Synapse54
236,"H7R (Laval, QC)",H7R,12088,12088,39328921.5,33526.83151448517,1753799463073,Synapse54,1753799463073,Synapse54
237,"H7S (Laval, QC)",H7S,3428,3428,10962382.0,13461.308964386186,1753799463073,Synapse54,1753799463073,Synapse54
238,"H7T (Laval, QC)",H7T,11740,11740,19220992.5,21847.72561749218,1753799463073,Synapse54,1753799463073,Synapse54
239,"H7V (Laval, QC)",H7V,10654,10654,13084368.0,17090.83415240245,1753799463073,Synapse54,1753799463073,Synapse54
240,"H7W (Laval, QC)",H7W,17586,17586,21296664.5,20542.33134907331,1753799463073,Synapse54,1753799463073,Synapse54
241,"H7X (Laval, QC)",H7X,9946,9946,31137712.0,25106.867662548826,1753799463073,Synapse54,1753799463073,Synapse54
242,"H7Y (Laval, QC)",H7Y,3546,3546,14444971.0,18869.75173232823,1753799463073,Synapse54,1753799463073,Synapse54
243,"H8N (Lasalle, QC)",H8N,14433,14433,14389471.0,18103.010513945057,1753799463073,Synapse54,1753799463073,Synapse54
244,"H8P (Lasalle, QC)",H8P,10715,10715,21862717.5,20668.285538772176,1753799463073,Synapse54,1753799463073,Synapse54
245,"H8R (Lasalle, QC)",H8R,14254,14254,18116586.5,27293.21202861797,1753799463073,Synapse54,1753799463073,Synapse54
246,"H8S (Lasalle, QC)",H8S,12806,12806,19856874.0,24144.754425147134,1753799463073,Synapse54,1753799463073,Synapse54
247,"H8T (Pointe-Claire-Dorval, QC)",H8T,6490,6490,21610415.0,20729.17122189251,1753799463073,Synapse54,1753799463073,Synapse54
248,"H8Y (Roxboro, QC)",H8Y,7515,7515,14039619.0,22252.616674527148,1753799463073,Synapse54,1753799463073,Synapse54
249,"H8Z (Roxboro, QC)",H8Z,5872,5872,11082242.5,14451.759662340886,1753799463073,Synapse54,1753799463073,Synapse54
250,"H9A (Pierrefonds, QC)",H9A,6195,6195,9353959.0,13155.163982221264,1753799463073,Synapse54,1753799463073,Synapse54
251,"H9B (Roxboro, QC)",H9B,7754,7754,14796114.0,18421.91025899604,1753799463073,Synapse54,1753799463073,Synapse54
252,"H9C (Pierrefonds, QC)",H9C,4284,4284,24503744.5,20531.792890304176,1753799463073,Synapse54,1753799463073,Synapse54
253,"H9E (Pierrefonds, QC)",H9E,1298,1298,42250333.0,27083.5790617143,1753799463073,Synapse54,1753799463073,Synapse54
254,"H9G (Pointe-Claire-Dorval, QC)",H9G,5919,5919,8457140.5,12464.539249179079,1753799463073,Synapse54,1753799463073,Synapse54
255,"H9H (Pierrefonds, QC)",H9H,9628,9628,19613903.5,23879.67204388559,1753799463073,Synapse54,1753799463073,Synapse54
256,"H9J (Pierrefonds, QC)",H9J,7801,7801,17167469.0,23970.816444803262,1753799463073,Synapse54,1753799463073,Synapse54
257,"H9K (Pierrefonds, QC)",H9K,3312,3312,30500131.5,26824.382930325875,1753799463073,Synapse54,1753799463073,Synapse54
258,"H9P (Pointe-Claire-Dorval, QC)",H9P,1595,1595,19498535.0,39692.170261991225,1753799463073,Synapse54,1753799463073,Synapse54
259,"H9R (Pointe-Claire-Dorval, QC)",H9R,10798,10798,29882299.5,25305.84671237734,1753799463073,Synapse54,1753799463073,Synapse54
260,"H9S (Pointe-Claire-Dorval, QC)",H9S,11140,11140,78965867.0,44171.880466646624,1753799463073,Synapse54,1753799463073,Synapse54
261,"H9W (Beaconsfield, QC)",H9W,7110,7110,43852698.0,28888.96518701168,1753799463073,Synapse54,1753799463073,Synapse54
262,"H9X (Sainte-Anne-De-Bellevue, QC)",H9X,3969,3969,73291956.5,35517.603411509444,1753799463073,Synapse54,1753799463073,Synapse54
263,"J0A (Warwick, QC)",J0A,8531,8531,2834357143.0,359358.8229727042,1753799463073,Synapse54,1753799463073,Synapse54
264,"J0B (Richmond, QC)",J0B,29381,29381,10667378133.5,1065896.4278918828,1753799463073,Synapse54,1753799463073,Synapse54
265,"J0C (Saint-Germain-De-Grantham, QC)",J0C,9937,9937,2217789273.0,543899.6487326861,1753799463073,Synapse54,1753799463073,Synapse54
266,"J0E (Waterloo, QC)",J0E,25513,25513,4549634499.230469,648394.7017630582,1753799463073,Synapse54,1753799463073,Synapse54
267,"J0G (Saint-Francois-Du-Lac, QC)",J0G,8510,8510,2514787680.5,333340.5205009883,1753799463073,Synapse54,1753799463073,Synapse54
268,"J0H (Acton Vale, QC)",J0H,22911,22911,4017334345.9570312,538883.6400762808,1753799463073,Synapse54,1753799463073,Synapse54
269,"J0J (Napierville, QC)",J0J,18356,18356,3163504441.4609375,385870.6950955986,1753799463073,Synapse54,1753799463073,Synapse54
270,"J0K (Rawdon, QC)",J0K,74451,74451,29697039721.0,1406950.3334880418,1753799463073,Synapse54,1753799463073,Synapse54
271,"J0L (Saint-Amable, QC)",J0L,38516,38516,2780902762.0429688,596544.2844540038,1753799463073,Synapse54,1753799463073,Synapse54
272,"J0M (Chisasibi, QC)",J0M,6989,6989,2507274503756.0,24396187.397056405,1753799463073,Synapse54,1753799463073,Synapse54
273,"J0N (Sainte-Marthe-Sur-Le-Lac, QC)",J0N,15703,15703,341790001.0,92049.64421828423,1753799463073,Synapse54,1753799463073,Synapse54
274,"J0P (Saint-Zotique, QC)",J0P,18489,18489,1320873265.0,299819.56036801497,1753799463073,Synapse54,1753799463073,Synapse54
275,"J0R (Saint-Sauveur, QC)",J0R,18951,18951,549507968.0,153164.86554496005,1753799463073,Synapse54,1753799463073,Synapse54
276,"J0S (Sainte-Martine, QC)",J0S,16048,16048,3261392891.5,373681.8522427627,1753799463073,Synapse54,1753799463073,Synapse54
277,"J0T (Saint-Donat-De-Montcalm, QC)",J0T,28224,28224,10294024616.5,948593.2698027412,1753799463073,Synapse54,1753799463073,Synapse54
278,"J0V (Saint-Andre-Avellin, QC)",J0V,13537,13537,5169637352.5,604696.2148960141,1753799463073,Synapse54,1753799463073,Synapse54
279,"J0W (Lac-Des-Ecorces, QC)",J0W,8749,8749,72760667284.5,2116484.49890364,1753799463073,Synapse54,1753799463073,Synapse54
280,"J0X (Wakefield, QC)",J0X,22240,22240,18401542242.5,1302599.5812032141,1753799463073,Synapse54,1753799463073,Synapse54
281,"J0Y (Malartic, QC)",J0Y,11519,11519,223534310999.0,3278730.6722274064,1753799463073,Synapse54,1753799463073,Synapse54
282,"J0Z (Lorrainville, QC)",J0Z,15085,15085,59867601510.0,2216439.0400546975,1753799463073,Synapse54,1753799463073,Synapse54
283,"J1A (Coaticook, QC)",J1A,4417,4417,568143726.5,138682.11350637994,1753799463073,Synapse54,1753799463073,Synapse54
284,"J1C (Sherbrooke, QC)",J1C,2861,2861,148314795.5,58854.95341782354,1753799463073,Synapse54,1753799463073,Synapse54
285,"J1E (Sherbrooke, QC)",J1E,13502,13502,36392307.5,31305.785200373433,1753799463073,Synapse54,1753799463073,Synapse54
286,"J1G (Sherbrooke, QC)",J1G,9524,9524,23722537.5,26568.26494121696,1753799463073,Synapse54,1753799463073,Synapse54
287,"J1H (Sherbrooke, QC)",J1H,17190,17190,90156997.5,95524.0591322304,1753799463073,Synapse54,1753799463073,Synapse54
288,"J1J (Sherbrooke, QC)",J1J,7781,7781,14850239.5,21529.415696903085,1753799463073,Synapse54,1753799463073,Synapse54
289,"J1K (Sherbrooke, QC)",J1K,3725,3725,14646372.0,20632.820225363073,1753799463073,Synapse54,1753799463073,Synapse54
290,"J1L (Sherbrooke, QC)",J1L,8186,8186,27073074.0,24825.97616578884,1753799463073,Synapse54,1753799463073,Synapse54
291,"J1M (Sherbrooke, QC)",J1M,2798,2798,66319442.5,51850.27975629163,1753799463073,Synapse54,1753799463073,Synapse54
292,"J1N (Sherbrooke, QC)",J1N,15348,15348,196798113.5,75865.43435097949,1753799463073,Synapse54,1753799463073,Synapse54
293,"J1R (Sherbrooke, QC)",J1R,4685,4685,129969730.0,55500.89678544112,1753799463073,Synapse54,1753799463073,Synapse54
294,"J1S (Windsor, QC)",J1S,3506,3506,306725365.5,94080.75320925176,1753799463073,Synapse54,1753799463073,Synapse54
295,"J1T (Val-Des-Sources, QC)",J1T,4120,4120,94108625.0,49846.76465177346,1753799463073,Synapse54,1753799463073,Synapse54
296,"J1X (Magog, QC)",J1X,17118,17118,728921445.0,201253.21200864858,1753799463073,Synapse54,1753799463073,Synapse54
297,"J1Z (Saint-Cyrille-De-Wendover, QC)",J1Z,2294,2294,352999380.0,123836.95765720992,1753799463073,Synapse54,1753799463073,Synapse54
298,"J2A (Drummondville, QC)",J2A,5312,5312,210419353.0,83920.96306970775,1753799463073,Synapse54,1753799463073,Synapse54
299,"J2B (Drummondville, QC)",J2B,16565,16565,262759591.40234375,162201.91283563137,1753799463073,Synapse54,1753799463073,Synapse54
300,"J2C (Drummondville, QC)",J2C,15138,15138,46328225.59765625,41604.1853996451,1753799463073,Synapse54,1753799463073,Synapse54
301,"J2E (Drummondville, QC)",J2E,2115,2115,18350789.5,28926.839340474853,1753799463073,Synapse54,1753799463073,Synapse54
302,"J2G (Granby, QC)",J2G,14713,14713,27125065.5,40964.248286282396,1753799463073,Synapse54,1753799463073,Synapse54
303,"J2H (Granby, QC)",J2H,9839,9839,136788271.0,82651.78876586944,1753799463073,Synapse54,1753799463073,Synapse54
304,"J2J (Granby, QC)",J2J,9079,9079,158975426.5,75483.31166212616,1753799463073,Synapse54,1753799463073,Synapse54
305,"J2K (Cowansville, QC)",J2K,9144,9144,327067186.0,107161.13325887192,1753799463073,Synapse54,1753799463073,Synapse54
306,"J2L (Bromont, QC)",J2L,5930,5930,230068726.0,81624.30958657779,1753799463073,Synapse54,1753799463073,Synapse54
307,"J2M (Shefford, QC)",J2M,3138,3138,242332781.2734375,116121.4987637872,1753799463073,Synapse54,1753799463073,Synapse54
308,"J2N (Farnham, QC)",J2N,5002,5002,187541869.5,67299.99265741695,1753799463073,Synapse54,1753799463073,Synapse54
309,"J2R (Saint-Hyacinthe, QC)",J2R,4314,4314,202913088.0,104737.13437793839,1753799463073,Synapse54,1753799463073,Synapse54
310,"J2S (Saint-Hyacinthe, QC)",J2S,15328,15328,64473264.0,73386.10579135851,1753799463073,Synapse54,1753799463073,Synapse54
311,"J2T (Saint-Hyacinthe, QC)",J2T,8161,8161,91771688.0,53456.23963708392,1753799463073,Synapse54,1753799463073,Synapse54
312,"J2W (Saint-Jean-Sur-Richelieu, QC)",J2W,11812,11812,103463004.5,59571.138073747235,1753799463073,Synapse54,1753799463073,Synapse54
313,"J2X (Saint-Jean-Sur-Richelieu, QC)",J2X,8960,8960,145676986.0,80102.73759580929,1753799463073,Synapse54,1753799463073,Synapse54
314,"J2Y (Saint-Jean-Sur-Richelieu, QC)",J2Y,2303,2303,146400386.17578125,73826.30271667863,1753799463073,Synapse54,1753799463073,Synapse54
315,"J3A (Saint-Jean-Sur-Richelieu, QC)",J3A,5207,5207,6186209.0,11188.578319190965,1753799463073,Synapse54,1753799463073,Synapse54
316,"J3B (Saint-Jean-Sur-Richelieu, QC)",J3B,16239,16239,95704303.5,54381.46319865555,1753799463073,Synapse54,1753799463073,Synapse54
317,"J3E (Sainte-Julie, QC)",J3E,12152,12152,105827610.5,60902.63170645707,1753799463073,Synapse54,1753799463073,Synapse54
318,"J3G (Beloeil, QC)",J3G,14907,14907,171490984.5,98109.63892656052,1753799463073,Synapse54,1753799463073,Synapse54
319,"J3H (Beloeil, QC)",J3H,11178,11178,80996367.5,55540.40786090735,1753799463073,Synapse54,1753799463073,Synapse54
320,"J3L (Chambly, QC)",J3L,22456,22456,364093398.0,124754.83820581688,1753799463073,Synapse54,1753799463073,Synapse54
321,"J3M (Marieville, QC)",J3M,4911,4911,126097256.5,55752.50302456562,1753799463073,Synapse54,1753799463073,Synapse54
322,"J3N (St-Basile-Le-Grand, QC)",J3N,6756,6756,74736126.0,37659.20099111866,1753799463073,Synapse54,1753799463073,Synapse54
323,"J3P (Sorel-Tracy, QC)",J3P,12737,12737,211886795.0,80652.39762505802,1753799463073,Synapse54,1753799463073,Synapse54
324,"J3R (Sorel-Tracy, QC)",J3R,7395,7395,57862738.0,40488.46821105956,1753799463073,Synapse54,1753799463073,Synapse54
325,"J3T (Nicolet, QC)",J3T,3881,3881,271606732.5,71484.12258274788,1753799463073,Synapse54,1753799463073,Synapse54
326,"J3V (Saint-Bruno, QC)",J3V,10751,10751,90158805.5,51396.92313356961,1753799463073,Synapse54,1753799463073,Synapse54
327,"J3X (Varennes, QC)",J3X,8707,8707,232058892.5,71561.3428539275,1753799463073,Synapse54,1753799463073,Synapse54
328,"J3Y (Saint-Hubert, QC)",J3Y,28266,28266,101336037.0,100201.13539228243,1753799463073,Synapse54,1753799463073,Synapse54
329,"J3Z (Saint-Hubert, QC)",J3Z,1954,1954,22454206.0,63608.93575532092,1753799463073,Synapse54,1753799463073,Synapse54
330,"J4B (Boucherville, QC)",J4B,17692,17692,170076124.5,59886.44585342009,1753799463073,Synapse54,1753799463073,Synapse54
331,"J4G (Longueuil, QC)",J4G,5037,5037,25356829.5,23719.52752698455,1753799463073,Synapse54,1753799463073,Synapse54
332,"J4H (Longueuil, QC)",J4H,8448,8448,11650935.0,15524.513087115087,1753799463073,Synapse54,1753799463073,Synapse54
333,"J4J (Longueuil, QC)",J4J,15563,15563,15351226.5,21930.353895068798,1753799463073,Synapse54,1753799463073,Synapse54
334,"J4K (Longueuil, QC)",J4K,13655,13655,12801059.0,20426.997549827258,1753799463073,Synapse54,1753799463073,Synapse54
335,"J4L (Longueuil, QC)",J4L,14683,14683,14765810.5,16776.5326873664,1753799463073,Synapse54,1753799463073,Synapse54
336,"J4M (Longueuil, QC)",J4M,5181,5181,10545973.0,20915.15150342213,1753799463073,Synapse54,1753799463073,Synapse54
337,"J4N (Longueuil, QC)",J4N,5355,5355,9982414.5,18319.159231838094,1753799463073,Synapse54,1753799463073,Synapse54
338,"J4P (Longueuil, QC)",J4P,5758,5758,6998059.0,12458.778436344583,1753799463073,Synapse54,1753799463073,Synapse54
339,"J4R (Longueuil, QC)",J4R,5077,5077,5607448.0,11472.375668491168,1753799463073,Synapse54,1753799463073,Synapse54
340,"J4S (Longueuil, QC)",J4S,3165,3165,4293595.5,10044.635885759557,1753799463073,Synapse54,1753799463073,Synapse54
341,"J4T (Saint-Hubert, QC)",J4T,9128,9128,8655769.0,12531.329908587128,1753799463073,Synapse54,1753799463073,Synapse54
342,"J4V (Longueuil, QC)",J4V,7603,7603,9874770.0,19495.60469716676,1753799463073,Synapse54,1753799463073,Synapse54
343,"J4W (Longueuil, QC)",J4W,7334,7334,11512935.0,16336.628676963564,1753799463073,Synapse54,1753799463073,Synapse54
344,"J4X (Longueuil, QC)",J4X,7846,7846,13216489.5,15198.092586417742,1753799463073,Synapse54,1753799463073,Synapse54
345,"J4Y (Longueuil, QC)",J4Y,10636,10636,21259495.5,19670.691530096043,1753799463073,Synapse54,1753799463073,Synapse54
346,"J4Z (Longueuil, QC)",J4Z,12670,12670,42442433.5,36399.19983850107,1753799463073,Synapse54,1753799463073,Synapse54
347,"J5A (Saint-Constant, QC)",J5A,12423,12423,123489244.5,53706.37543156535,1753799463073,Synapse54,1753799463073,Synapse54
348,"J5B (Delson, QC)",J5B,3241,3241,13765665.5,25868.554957637258,1753799463073,Synapse54,1753799463073,Synapse54
349,"J5C (Sainte-Catherine, QC)",J5C,7060,7060,20056189.5,22328.89425891819,1753799463073,Synapse54,1753799463073,Synapse54
350,"J5J (Sainte-Sophie, QC)",J5J,7868,7868,230905181.0,66651.47964912902,1753799463073,Synapse54,1753799463073,Synapse54
351,"J5K (Saint-Colomban, QC)",J5K,7130,7130,193780426.5,69823.6154247918,1753799463073,Synapse54,1753799463073,Synapse54
352,"J5L (Saint-Jerome, QC)",J5L,9880,9880,95796285.0,58040.91698594175,1753799463073,Synapse54,1753799463073,Synapse54
353,"J5M (Saint-Lin-Laurentides, QC)",J5M,10224,10224,245439917.0,79215.19535436288,1753799463073,Synapse54,1753799463073,Synapse54
354,"J5N (Saint-Lin-Laurentides, QC)",J5N,6458,6458,190530835.0,58815.89393433861,1753799463073,Synapse54,1753799463073,Synapse54
355,"J5R (La Prairie, QC)",J5R,21043,21043,116490762.5,83791.09209902641,1753799463073,Synapse54,1753799463073,Synapse54
356,"J5T (Lavaltrie, QC)",J5T,6349,6349,154486438.5,59411.55582605956,1753799463073,Synapse54,1753799463073,Synapse54
357,"J5V (Louiseville, QC)",J5V,3737,3737,506748881.0,179854.3461791025,1753799463073,Synapse54,1753799463073,Synapse54
358,"J5W (L'assomption, QC)",J5W,11303,11303,332828346.5,103350.78663938354,1753799463073,Synapse54,1753799463073,Synapse54
359,"J5X (L'epiphanie, QC)",J5X,3692,3692,93137482.5,61537.5779427655,1753799463073,Synapse54,1753799463073,Synapse54
360,"J5Y (Repentigny, QC)",J5Y,11398,11398,22356230.5,21230.469901767003,1753799463073,Synapse54,1753799463073,Synapse54
361,"J5Z (Repentigny, QC)",J5Z,11988,11988,78014581.0,40720.846170485005,1753799463073,Synapse54,1753799463073,Synapse54
362,"J6A (Repentigny, QC)",J6A,15060,15060,48655375.5,39943.850012514275,1753799463073,Synapse54,1753799463073,Synapse54
363,"J6E (Joliette, QC)",J6E,22984,22984,137214208.0,95275.2587794035,1753799463073,Synapse54,1753799463073,Synapse54
364,"J6J (Chateauguay, QC)",J6J,10458,10458,74217052.0,72123.22068999698,1753799463073,Synapse54,1753799463073,Synapse54
365,"J6K (Chateauguay, QC)",J6K,10205,10205,20188406.0,28536.15419577854,1753799463073,Synapse54,1753799463073,Synapse54
366,"J6N (Beauharnois, QC)",J6N,7722,7722,233462281.0,99024.33793574793,1753799463073,Synapse54,1753799463073,Synapse54
367,"J6R (Mercier, QC)",J6R,5769,5769,115347180.0,49311.90260299979,1753799463073,Synapse54,1753799463073,Synapse54
368,"J6S (Salaberry-De-Valleyfield, QC)",J6S,12355,12355,210261044.5,73467.37727321035,1753799463073,Synapse54,1753799463073,Synapse54
369,"J6T (Salaberry-De-Valleyfield, QC)",J6T,9177,9177,46981135.0,36756.956833154014,1753799463073,Synapse54,1753799463073,Synapse54
370,"J6V (Terrebonne, QC)",J6V,5888,5888,60800572.0,35889.68273881664,1753799463073,Synapse54,1753799463073,Synapse54
371,"J6W (Terrebonne, QC)",J6W,14278,14278,39136671.0,33325.59650886826,1753799463073,Synapse54,1753799463073,Synapse54
372,"J6X (Terrebonne, QC)",J6X,9642,9642,60225849.5,43095.169343531845,1753799463073,Synapse54,1753799463073,Synapse54
373,"J6Y (Terrebonne, QC)",J6Y,8602,8602,81550557.0,61201.9952124608,1753799463073,Synapse54,1753799463073,Synapse54
374,"J6Z (Rosemere, QC)",J6Z,7984,7984,22537924.0,22963.79436186629,1753799463073,Synapse54,1753799463073,Synapse54
375,"J7A (Rosemere, QC)",J7A,5475,5475,24339416.5,22941.14213233615,1753799463073,Synapse54,1753799463073,Synapse54
376,"J7B (Boisbriand, QC)",J7B,4552,4552,14667986.5,16792.064136555553,1753799463073,Synapse54,1753799463073,Synapse54
377,"J7C (Boisbriand, QC)",J7C,18952,18952,94216134.5,48996.310543076004,1753799463073,Synapse54,1753799463073,Synapse54
378,"J7E (Boisbriand, QC)",J7E,14079,14079,38942666.0,66768.75062873606,1753799463073,Synapse54,1753799463073,Synapse54
379,"J7G (Boisbriand, QC)",J7G,7615,7615,24826343.0,22844.466974416475,1753799463073,Synapse54,1753799463073,Synapse54
380,"J7H (Boisbriand, QC)",J7H,3763,3763,18524557.5,29683.633390851617,1753799463073,Synapse54,1753799463073,Synapse54
381,"J7J (Boisbriand, QC)",J7J,12856,12856,216897455.5,103444.96666308724,1753799463073,Synapse54,1753799463073,Synapse54
382,"J7K (Terrebonne, QC)",J7K,15717,15717,193069363.5,83975.60969421153,1753799463073,Synapse54,1753799463073,Synapse54
383,"J7L (Terrebonne, QC)",J7L,5635,5635,28664221.0,25040.678807417222,1753799463073,Synapse54,1753799463073,Synapse54
384,"J7M (Terrebonne, QC)",J7M,8902,8902,82543767.0,48321.76398543206,1753799463073,Synapse54,1753799463073,Synapse54
385,"J7N (Boisbriand, QC)",J7N,15104,15104,781900527.5,198254.3737699631,1753799463073,Synapse54,1753799463073,Synapse54
386,"J7P (Saint-Eustache, QC)",J7P,11038,11038,34525041.5,29797.38514106549,1753799463073,Synapse54,1753799463073,Synapse54
387,"J7R (Saint-Eustache, QC)",J7R,15667,15667,124808411.0,71490.55014073827,1753799463073,Synapse54,1753799463073,Synapse54
388,"J7T (Vaudreuil-Dorion, QC)",J7T,11125,11125,297651983.5,93415.04234638221,1753799463073,Synapse54,1753799463073,Synapse54
389,"J7V (Vaudreuil-Dorion, QC)",J7V,28979,28979,362449115.0,152968.31394129083,1753799463073,Synapse54,1753799463073,Synapse54
390,"J7W (Vaudreuil-Dorion, QC)",J7W,6072,6072,24383265.0,23490.450057951097,1753799463073,Synapse54,1753799463073,Synapse54
391,"J7X (Salaberry-De-Valleyfield, QC)",J7X,2638,2638,64920487.0,46286.99583260664,1753799463073,Synapse54,1753799463073,Synapse54
392,"J7Y (Saint-Jerome, QC)",J7Y,14112,14112,50087471.02734375,55705.64280837206,1753799463073,Synapse54,1753799463073,Synapse54
393,"J7Z (Saint-Jerome, QC)",J7Z,15570,15570,36942944.47265625,33700.08035698858,1753799463073,Synapse54,1753799463073,Synapse54
394,"J8A (Saint-Hippolyte, QC)",J8A,5134,5134,272351866.0,88660.25650248205,1753799463073,Synapse54,1753799463073,Synapse54
395,"J8B (Sainte-Adele, QC)",J8B,7274,7274,257661278.5,87331.95722532229,1753799463073,Synapse54,1753799463073,Synapse54
396,"J8C (Sainte-Agathe-Des-Monts, QC)",J8C,6171,6171,363538345.5,105828.83702167151,1753799463073,Synapse54,1753799463073,Synapse54
397,"J8E (Mont-Tremblant, QC)",J8E,6009,6009,598027685.5,128502.35538817226,1753799463073,Synapse54,1753799463073,Synapse54
398,"J8G (Brownsburg-Chatham, QC)",J8G,4070,4070,1206240278.5,237511.8555793957,1753799463073,Synapse54,1753799463073,Synapse54
399,"J8H (Lachute, QC)",J8H,7665,7665,482502118.5,169179.8899596451,1753799463073,Synapse54,1753799463073,Synapse54
400,"J8L (Gatineau, QC)",J8L,9098,9098,1293058071.0,172060.6388984216,1753799463073,Synapse54,1753799463073,Synapse54
401,"J8M (Gatineau, QC)",J8M,5574,5574,154732777.5,65024.547084615566,1753799463073,Synapse54,1753799463073,Synapse54
402,"J8N (Val-Des-Monts, QC)",J8N,6266,6266,1732302854.5,285589.92276472907,1753799463073,Synapse54,1753799463073,Synapse54
403,"J8P (Gatineau, QC)",J8P,16127,16127,58693548.0,43657.291681754716,1753799463073,Synapse54,1753799463073,Synapse54
404,"J8R (Gatineau, QC)",J8R,11515,11515,156666056.5,68675.20266685543,1753799463073,Synapse54,1753799463073,Synapse54
405,"J8T (Gatineau, QC)",J8T,18263,18263,47793402.0,43358.360078022946,1753799463073,Synapse54,1753799463073,Synapse54
406,"J8V (Gatineau, QC)",J8V,10675,10675,324712509.0,103708.66049045212,1753799463073,Synapse54,1753799463073,Synapse54
407,"J8X (Gatineau, QC)",J8X,6757,6757,14811708.0,18647.21034649298,1753799463073,Synapse54,1753799463073,Synapse54
408,"J8Y (Gatineau, QC)",J8Y,12822,12822,19695262.5,21673.890152602384,1753799463073,Synapse54,1753799463073,Synapse54
409,"J8Z (Gatineau, QC)",J8Z,7010,7010,23130629.5,26602.970961144994,1753799463073,Synapse54,1753799463073,Synapse54
410,"J9A (Gatineau, QC)",J9A,10418,10418,30373310.5,26686.619129442304,1753799463073,Synapse54,1753799463073,Synapse54
411,"J9B (Chelsea, QC)",J9B,3376,3376,246189543.5,86816.99350066783,1753799463073,Synapse54,1753799463073,Synapse54
412,"J9E (Maniwaki, QC)",J9E,3826,3826,1377109169.5,310831.3640939274,1753799463073,Synapse54,1753799463073,Synapse54
413,"J9H (Gatineau, QC)",J9H,14023,14023,62556078.0,44664.06309859117,1753799463073,Synapse54,1753799463073,Synapse54
414,"J9J (Gatineau, QC)",J9J,17404,17404,151255466.5,58327.94180700536,1753799463073,Synapse54,1753799463073,Synapse54
415,"J9L (Mont-Laurier, QC)",J9L,7100,7100,1339338847.0,180384.92529711727,1753799463073,Synapse54,1753799463073,Synapse54
416,"J9P (Val-D'or, QC)",J9P,16192,16192,3829796876.0,458548.2575127482,1753799463073,Synapse54,1753799463073,Synapse54
417,"J9T (Amos, QC)",J9T,6145,6145,683602510.0,189908.9748917051,1753799463073,Synapse54,1753799463073,Synapse54
418,"J9V (Rouyn-Noranda, QC)",J9V,1717,1717,297071822.0,76817.77391779536,1753799463073,Synapse54,1753799463073,Synapse54
419,"J9X (Rouyn-Noranda, QC)",J9X,12028,12028,301651162.0,120674.85661136823,1753799463073,Synapse54,1753799463073,Synapse54
420,"J9Y (Rouyn-Noranda, QC)",J9Y,4531,4531,2199066233.0,465878.96082864003,1753799463073,Synapse54,1753799463073,Synapse54
421,"J9Z (La Sarre, QC)",J9Z,3509,3509,348212296.0,88902.99107383726,1753799463073,Synapse54,1753799463073,Synapse54
