OBJECTID,DESCRIPTION,ID,ECYHNIAVG,thematic_value,Shape__Area,Shape__Length,CreationDate,Creator,EditDate,Editor
1,"G0A (Sainte-Anne-De-Beaupre, QC)",G0A,112985.29,112985.29,72760823790.5,3028971.212854449,1753801424731,Synapse54,1753801424731,Synapse54
2,"G0C (New Richmond, QC)",G0C,85498.85,85498.85,22075337398.492188,967680.4043130332,1753801424731,Synapse54,1753801424731,Synapse54
3,"G0E (Grande-Vallee, QC)",G0E,75526.17,75526.17,17330251329.5,625766.1683453334,1753801424731,Synapse54,1753801424731,Synapse54
4,"G0G (Fermont, QC)",G0G,117872.71,117872.71,488246740388.7383,13452850.295035336,1753801424731,Synapse54,1753801424731,Synapse54
5,"G0H (Pessamit, QC)",G0H,94510.07,94510.07,123893631441.5,3217405.6747955983,1753801424731,Synapse54,1753801424731,Synapse54
6,"G0J (Causapscal, QC)",G0J,76466.68,76466.68,30795263589.0,1187342.219615261,1753801424731,Synapse54,1753801424731,Synapse54
7,"G0K (Sainte-Luce, QC)",G0K,88380.63,88380.63,8964482448.5,530269.0600895187,1753801424731,Synapse54,1753801424731,Synapse54
8,"G0L (Trois-Pistoles, QC)",G0L,87859.96,87859.96,23226305480.5,1017338.6635460304,1753801424731,Synapse54,1753801424731,Synapse54
9,"G0M (Saint-Prosper-De-Dorchester, QC)",G0M,90503.77,90503.77,6354665678.5,678703.1375911924,1753801424731,Synapse54,1753801424731,Synapse54
10,"G0N (Disraeli, QC)",G0N,86151.82,86151.82,3579667597.5,610336.508657239,1753801424731,Synapse54,1753801424731,Synapse54
11,"G0P (Ham-Nord, QC)",G0P,86080.68,86080.68,1964344449.0,415202.1877963802,1753801424731,Synapse54,1753801424731,Synapse54
12,"G0R (La Pocatiere, QC)",G0R,90320.66,90320.66,17275130739.5,769075.2097201231,1753801424731,Synapse54,1753801424731,Synapse54
13,"G0S (Saint-Apollinaire, QC)",G0S,98936.28,98936.28,7546000235.5,718279.0049398947,1753801424731,Synapse54,1753801424731,Synapse54
14,"G0T (Forestville, QC)",G0T,86881.53,86881.53,20313438075.0,1270528.890385615,1753801424731,Synapse54,1753801424731,Synapse54
15,"G0V (Saint-Honore-De-Chicoutimi, QC)",G0V,104723.92,104723.92,24624561090.5,1237538.7672922572,1753801424731,Synapse54,1753801424731,Synapse54
16,"G0W (Saint-Bruno-Lac-Saint-Jean, QC)",G0W,96146.34,96146.34,380327320475.0,4323366.579971259,1753801424731,Synapse54,1753801424731,Synapse54
17,"G0X (Notre-Dame-Du-Mont-Carmel, QC)",G0X,89401.6,89401.6,39978887685.5,2171889.905015521,1753801424731,Synapse54,1753801424731,Synapse54
18,"G0Y (Lac-Drolet, QC)",G0Y,83977.68,83977.68,3810924397.5,557635.8571484805,1753801424731,Synapse54,1753801424731,Synapse54
19,"G0Z (Daveluyville, QC)",G0Z,87212.5,87212.5,1313913827.0,254093.22841298912,1753801424731,Synapse54,1753801424731,Synapse54
20,"G1A (Quebec, QC)",G1A,0.0,0.0,82312.0,1266.954133788689,1753801424731,Synapse54,1753801424731,Synapse54
21,"G1B (Quebec, QC)",G1B,126382.68,126382.68,87273797.0,41431.67400838665,1753801424731,Synapse54,1753801424731,Synapse54
22,"G1C (Quebec, QC)",G1C,108812.42,108812.42,42832173.5,38990.399766328665,1753801424731,Synapse54,1753801424731,Synapse54
23,"G1E (Quebec, QC)",G1E,86085.86,86085.86,21963715.5,24460.60804483201,1753801424731,Synapse54,1753801424731,Synapse54
24,"G1G (Quebec, QC)",G1G,108149.33,108149.33,23261499.5,21244.010790424363,1753801424731,Synapse54,1753801424731,Synapse54
25,"G1H (Quebec, QC)",G1H,86900.96,86900.96,17070653.5,16728.070206687444,1753801424731,Synapse54,1753801424731,Synapse54
26,"G1J (Quebec, QC)",G1J,72572.99,72572.99,15486417.5,18318.282612942763,1753801424731,Synapse54,1753801424731,Synapse54
27,"G1K (Quebec, QC)",G1K,74862.31,74862.31,9532326.5,27604.32226056824,1753801424731,Synapse54,1753801424731,Synapse54
28,"G1L (Quebec, QC)",G1L,72614.98,72614.98,8545974.0,13500.51656374446,1753801424731,Synapse54,1753801424731,Synapse54
29,"G1M (Quebec, QC)",G1M,90192.21,90192.21,17720734.5,19033.029965482125,1753801424731,Synapse54,1753801424731,Synapse54
30,"G1N (Quebec, QC)",G1N,69791.7,69791.7,13120575.0,20830.816804197915,1753801424731,Synapse54,1753801424731,Synapse54
31,"G1P (Quebec, QC)",G1P,87698.08,87698.08,23560383.5,22665.24353657779,1753801424731,Synapse54,1753801424731,Synapse54
32,"G1R (Quebec, QC)",G1R,90351.24,90351.24,6291861.0,12661.880571938687,1753801424731,Synapse54,1753801424731,Synapse54
33,"G1S (Quebec, QC)",G1S,115242.55,115242.55,11216915.28125,15661.567182113036,1753801424731,Synapse54,1753801424731,Synapse54
34,"G1T (Quebec, QC)",G1T,192338.61,192338.61,7077771.5,17602.81541790566,1753801424731,Synapse54,1753801424731,Synapse54
35,"G1V (Quebec, QC)",G1V,79964.49,79964.49,15730102.0,17979.112647239195,1753801424731,Synapse54,1753801424731,Synapse54
36,"G1W (Quebec, QC)",G1W,130930.11,130930.11,17198639.5,21801.94208985731,1753801424731,Synapse54,1753801424731,Synapse54
37,"G1X (Quebec, QC)",G1X,115636.51,115636.51,27103326.0,27337.079999136095,1753801424731,Synapse54,1753801424731,Synapse54
38,"G1Y (Quebec, QC)",G1Y,154571.22,154571.22,14262450.5,17939.63034370007,1753801424731,Synapse54,1753801424731,Synapse54
39,"G2A (Quebec, QC)",G2A,113103.26,113103.26,47271562.5,46123.605864486206,1753801424731,Synapse54,1753801424731,Synapse54
40,"G2B (Quebec, QC)",G2B,107928.0,107928.0,24328924.5,22475.77399457994,1753801424731,Synapse54,1753801424731,Synapse54
41,"G2C (Quebec, QC)",G2C,115635.21,115635.21,18432837.5,23131.360190110616,1753801424731,Synapse54,1753801424731,Synapse54
42,"G2E (Quebec, QC)",G2E,116945.75,116945.75,27707972.5,23903.30796073271,1753801424731,Synapse54,1753801424731,Synapse54
43,"G2G (Quebec, QC)",G2G,119991.33,119991.33,101799470.5,45275.85044604026,1753801424731,Synapse54,1753801424731,Synapse54
44,"G2J (Quebec, QC)",G2J,93008.94,93008.94,5412144.5,9862.14108739791,1753801424731,Synapse54,1753801424731,Synapse54
45,"G2K (Quebec, QC)",G2K,117393.22,117393.22,30349819.5,31745.12588440936,1753801424731,Synapse54,1753801424731,Synapse54
46,"G2L (Quebec, QC)",G2L,121129.84,121129.84,25127554.5,22805.966601331882,1753801424731,Synapse54,1753801424731,Synapse54
47,"G2M (Quebec, QC)",G2M,138844.05,138844.05,44779584.0,34604.08492657024,1753801424731,Synapse54,1753801424731,Synapse54
48,"G2N (Quebec, QC)",G2N,116793.44,116793.44,31035228.5,31796.238354131285,1753801424731,Synapse54,1753801424731,Synapse54
49,"G3A (St-Augustin-De-Desmaures, QC)",G3A,155946.06,155946.06,188876871.0,74472.4753726992,1753801424731,Synapse54,1753801424731,Synapse54
50,"G3B (Lac-Beauport, QC)",G3B,184131.92,184131.92,139197319.5,64423.23371099803,1753801424731,Synapse54,1753801424731,Synapse54
51,"G3C (Stoneham-Et-Tewkesbury, QC)",G3C,138950.16,138950.16,1330849498.5,175874.56931808186,1753801424731,Synapse54,1753801424731,Synapse54
52,"G3E (Quebec, QC)",G3E,129323.28,129323.28,18489209.0,20620.301807363456,1753801424731,Synapse54,1753801424731,Synapse54
53,"G3G (Quebec, QC)",G3G,115612.92,115612.92,83002473.0,53192.861834286385,1753801424731,Synapse54,1753801424731,Synapse54
54,"G3H (Pont-Rouge, QC)",G3H,110999.09,110999.09,279179695.0,100842.62742278028,1753801424731,Synapse54,1753801424731,Synapse54
55,"G3J (Quebec, QC)",G3J,111992.58,111992.58,85589532.0,54640.87343863765,1753801424731,Synapse54,1753801424731,Synapse54
56,"G3K (Quebec, QC)",G3K,128441.45,128441.45,66926850.0,43417.9629367511,1753801424731,Synapse54,1753801424731,Synapse54
57,"G3L (Saint-Raymond, QC)",G3L,96269.05,96269.05,2499240685.5,293711.66523440205,1753801424731,Synapse54,1753801424731,Synapse54
58,"G3M (Donnacona, QC)",G3M,93747.13,93747.13,76895468.5,38932.06578942634,1753801424731,Synapse54,1753801424731,Synapse54
59,"G3N (Ste-Catherine-De-La-J-Cartier, QC)",G3N,136690.51,136690.51,179093818.5,91193.27748891739,1753801424731,Synapse54,1753801424731,Synapse54
60,"G3S (Quebec, QC)",G3S,151152.68,151152.68,162242772.5,88360.35793053103,1753801424731,Synapse54,1753801424731,Synapse54
61,"G3Z (Baie-Saint-Paul, QC)",G3Z,88111.59,88111.59,1221045873.0,165284.53951195258,1753801424731,Synapse54,1753801424731,Synapse54
62,"G4A (Clermont, QC)",G4A,89039.94,89039.94,1226794529.0,167560.43929327332,1753801424731,Synapse54,1753801424731,Synapse54
63,"G4R (Sept-Iles, QC)",G4R,111142.17,111142.17,1888740693.0195312,364416.3918226564,1753801424731,Synapse54,1753801424731,Synapse54
64,"G4S (Sept-Iles, QC)",G4S,116961.35,116961.35,13736729.5,31952.335224803264,1753801424731,Synapse54,1753801424731,Synapse54
65,"G4T (Les Iles-De-La-Madeleine, QC)",G4T,106290.4,106290.4,500054815.0,511013.5871236407,1753801424731,Synapse54,1753801424731,Synapse54
66,"G4V (Sainte-Anne-Des-Monts, QC)",G4V,79071.65,79071.65,780273522.0,168670.12216022852,1753801424731,Synapse54,1753801424731,Synapse54
67,"G4W (Matane, QC)",G4W,80669.52,80669.52,466220652.0,100520.51806568402,1753801424731,Synapse54,1753801424731,Synapse54
68,"G4X (Gaspe, QC)",G4X,95911.81,95911.81,2615126201.546875,406673.89112098655,1753801424731,Synapse54,1753801424731,Synapse54
69,"G4Z (Baie-Comeau, QC)",G4Z,108670.35,108670.35,1669244051.0,336717.80497552885,1753801424731,Synapse54,1753801424731,Synapse54
70,"G5A (La Malbaie, QC)",G5A,88728.88,88728.88,905867526.5,176911.55690727945,1753801424731,Synapse54,1753801424731,Synapse54
71,"G5B (Port-Cartier, QC)",G5B,118237.38,118237.38,742256392.5,203831.72178845698,1753801424731,Synapse54,1753801424731,Synapse54
72,"G5C (Baie-Comeau, QC)",G5C,102752.16,102752.16,78061848.0,48691.63220890317,1753801424731,Synapse54,1753801424731,Synapse54
73,"G5H (Mont-Joli, QC)",G5H,78036.9,78036.9,128376656.5,53923.191144203476,1753801424731,Synapse54,1753801424731,Synapse54
74,"G5J (Amqui, QC)",G5J,85518.29,85518.29,310530648.5,97437.56642828621,1753801424731,Synapse54,1753801424731,Synapse54
75,"G5L (Rimouski, QC)",G5L,81243.66,81243.66,115966883.0,88926.49071239203,1753801424731,Synapse54,1753801424731,Synapse54
76,"G5M (Rimouski, QC)",G5M,110034.6,110034.6,66332097.0,52169.63739391678,1753801424731,Synapse54,1753801424731,Synapse54
77,"G5N (Rimouski, QC)",G5N,111974.52,111974.52,414167429.0,104413.83144964176,1753801424731,Synapse54,1753801424731,Synapse54
78,"G5R (Riviere-Du-Loup, QC)",G5R,93609.18,93609.18,182737573.0,77061.18159356514,1753801424731,Synapse54,1753801424731,Synapse54
79,"G5T (Degelis, QC)",G5T,80473.11,80473.11,1107888892.0,146757.59518407704,1753801424731,Synapse54,1753801424731,Synapse54
80,"G5V (Montmagny, QC)",G5V,80097.02,80097.02,282245095.0,82682.88684580137,1753801424731,Synapse54,1753801424731,Synapse54
81,"G5X (Beauceville, QC)",G5X,92598.42,92598.42,336857190.0,91090.00846556539,1753801424731,Synapse54,1753801424731,Synapse54
82,"G5Y (Saint-Georges, QC)",G5Y,84461.07,84461.07,169548327.0,148240.89990521545,1753801424731,Synapse54,1753801424731,Synapse54
83,"G5Z (Saint-Georges, QC)",G5Z,107675.28,107675.28,219710089.0,133870.3845435117,1753801424731,Synapse54,1753801424731,Synapse54
84,"G6A (Saint-Georges, QC)",G6A,121231.15,121231.15,12731588.0,28099.846637013223,1753801424731,Synapse54,1753801424731,Synapse54
85,"G6B (Lac-Megantic, QC)",G6B,83407.63,83407.63,525968305.0,147830.6226949515,1753801424731,Synapse54,1753801424731,Synapse54
86,"G6C (Pintendre, QC)",G6C,113710.0,113710.0,171728656.5,62758.50767570228,1753801424731,Synapse54,1753801424731,Synapse54
87,"G6E (Sainte-Marie, QC)",G6E,106882.87,106882.87,242749292.5,88129.38426536831,1753801424731,Synapse54,1753801424731,Synapse54
88,"G6G (Thetford Mines, QC)",G6G,79249.26,79249.26,432553661.5,137866.85051543516,1753801424731,Synapse54,1753801424731,Synapse54
89,"G6H (Thetford Mines, QC)",G6H,82474.85,82474.85,381525955.5,208711.52055490302,1753801424731,Synapse54,1753801424731,Synapse54
90,"G6J (Saint-Etienne-De-Lauzon, QC)",G6J,117589.25,117589.25,170941088.5,68005.84099520143,1753801424731,Synapse54,1753801424731,Synapse54
91,"G6K (Saint-Redempteur, QC)",G6K,138417.31,138417.31,8847420.0,13869.752401834681,1753801424731,Synapse54,1753801424731,Synapse54
92,"G6L (Plessisville, QC)",G6L,83039.91,83039.91,727703425.5,150480.86599396955,1753801424731,Synapse54,1753801424731,Synapse54
93,"G6P (Victoriaville, QC)",G6P,76648.42,76648.42,43162857.0,67077.33804588739,1753801424731,Synapse54,1753801424731,Synapse54
94,"G6R (Victoriaville, QC)",G6R,112391.16,112391.16,111890007.5,67049.5189257073,1753801424731,Synapse54,1753801424731,Synapse54
95,"G6S (Victoriaville, QC)",G6S,102415.2,102415.2,93883157.5,65606.32420350032,1753801424731,Synapse54,1753801424731,Synapse54
96,"G6T (Victoriaville, QC)",G6T,111084.06,111084.06,97646146.0,79862.46403678902,1753801424731,Synapse54,1753801424731,Synapse54
97,"G6V (Levis, QC)",G6V,91442.75,91442.75,51005706.5,85820.66591178898,1753801424731,Synapse54,1753801424731,Synapse54
98,"G6W (Levis, QC)",G6W,106622.49,106622.49,54365583.5,57031.8227070878,1753801424731,Synapse54,1753801424731,Synapse54
99,"G6X (Levis, QC)",G6X,95768.6,95768.6,17532207.0,18566.178953389182,1753801424731,Synapse54,1753801424731,Synapse54
100,"G6Y (Levis, QC)",G6Y,124953.48,124953.48,48673784.5,36076.08982567784,1753801424731,Synapse54,1753801424731,Synapse54
101,"G6Z (Saint-Jean-Chrysostome, QC)",G6Z,138422.07,138422.07,206313300.5,81637.94553350794,1753801424731,Synapse54,1753801424731,Synapse54
102,"G7A (Saint-Nicolas, QC)",G7A,141411.21,141411.21,206385794.0,76585.07395132218,1753801424731,Synapse54,1753801424731,Synapse54
103,"G7B (La Baie, QC)",G7B,100707.17,100707.17,731098795.5,122236.04683671948,1753801424731,Synapse54,1753801424731,Synapse54
104,"G7G (Chicoutimi, QC)",G7G,109745.57,109745.57,83451590.0,72026.82978856695,1753801424731,Synapse54,1753801424731,Synapse54
105,"G7H (Chicoutimi, QC)",G7H,99191.46,99191.46,335780132.5,155297.87503251838,1753801424731,Synapse54,1753801424731,Synapse54
106,"G7J (Chicoutimi, QC)",G7J,95996.22,95996.22,48516569.0,31553.718168111947,1753801424731,Synapse54,1753801424731,Synapse54
107,"G7K (Chicoutimi, QC)",G7K,109247.79,109247.79,13787400.5,25129.491914885974,1753801424731,Synapse54,1753801424731,Synapse54
108,"G7N (Laterriere, QC)",G7N,131779.58,131779.58,572266521.5,131134.86527943268,1753801424731,Synapse54,1753801424731,Synapse54
109,"G7P (Chicoutimi, QC)",G7P,109848.82,109848.82,535052258.5,133662.40227307807,1753801424731,Synapse54,1753801424731,Synapse54
110,"G7S (Jonquiere, QC)",G7S,121433.99,121433.99,90965725.5,53543.07738017431,1753801424731,Synapse54,1753801424731,Synapse54
111,"G7T (Jonquiere, QC)",G7T,124868.35,124868.35,11024436.0,23113.794147733155,1753801424731,Synapse54,1753801424731,Synapse54
112,"G7X (Jonquiere, QC)",G7X,88630.89,88630.89,675028246.5,279259.2165036962,1753801424731,Synapse54,1753801424731,Synapse54
113,"G7Y (Jonquiere, QC)",G7Y,117909.18,117909.18,28364189.0,37375.76013155794,1753801424731,Synapse54,1753801424731,Synapse54
114,"G7Z (Jonquiere, QC)",G7Z,126474.41,126474.41,16183341.0,21290.870310459137,1753801424731,Synapse54,1753801424731,Synapse54
115,"G8A (Jonquiere, QC)",G8A,97592.76,97592.76,52092756.5,55678.19403946566,1753801424731,Synapse54,1753801424731,Synapse54
116,"G8B (Alma, QC)",G8B,88253.47,88253.47,297457310.0,211237.01895446505,1753801424731,Synapse54,1753801424731,Synapse54
117,"G8C (Alma, QC)",G8C,119161.89,119161.89,47590945.0,51183.77436174367,1753801424731,Synapse54,1753801424731,Synapse54
118,"G8E (Alma, QC)",G8E,104971.62,104971.62,198550679.5,111351.61663855895,1753801424731,Synapse54,1753801424731,Synapse54
119,"G8G (Metabetchouan-Lac-A-La-Croix, QC)",G8G,94619.87,94619.87,435537293.5,100773.33142038128,1753801424731,Synapse54,1753801424731,Synapse54
120,"G8H (Roberval, QC)",G8H,88496.01,88496.01,543189787.1757812,135904.14248114204,1753801424731,Synapse54,1753801424731,Synapse54
121,"G8J (Chicoutimi, QC)",G8J,92769.11,92769.11,2344096837.0,302744.5493028244,1753801424731,Synapse54,1753801424731,Synapse54
122,"G8K (Saint-Felicien, QC)",G8K,92134.76,92134.76,860422895.5,186957.39961478047,1753801424731,Synapse54,1753801424731,Synapse54
123,"G8L (Dolbeau-Mistassini, QC)",G8L,86390.65,86390.65,3537542888.8203125,527284.6001355818,1753801424731,Synapse54,1753801424731,Synapse54
124,"G8M (Normandin, QC)",G8M,93728.86,93728.86,1017813603.5,185656.56193391615,1753801424731,Synapse54,1753801424731,Synapse54
125,"G8N (Hebertville, QC)",G8N,97535.01,97535.01,473865737.0,121456.61747790436,1753801424731,Synapse54,1753801424731,Synapse54
126,"G8P (Chibougamau, QC)",G8P,104504.79,104504.79,2435879767.5,197043.63571528325,1753801424731,Synapse54,1753801424731,Synapse54
127,"G8T (Trois-Rivieres, QC)",G8T,77199.26,77199.26,53667241.0,76442.1934749919,1753801424731,Synapse54,1753801424731,Synapse54
128,"G8V (Trois-Rivieres, QC)",G8V,110260.78,110260.78,104632608.0,66015.1834431966,1753801424731,Synapse54,1753801424731,Synapse54
129,"G8W (Trois-Rivieres, QC)",G8W,103738.49,103738.49,128446737.0,76697.25349343411,1753801424731,Synapse54,1753801424731,Synapse54
130,"G8Y (Trois-Rivieres, QC)",G8Y,99552.84,99552.84,45724725.5,37933.330899285655,1753801424731,Synapse54,1753801424731,Synapse54
131,"G8Z (Trois-Rivieres, QC)",G8Z,67464.96,67464.96,16678138.0,22099.08240994394,1753801424731,Synapse54,1753801424731,Synapse54
132,"G9A (Trois-Rivieres, QC)",G9A,63766.07,63766.07,105086814.0,113245.62209754915,1753801424731,Synapse54,1753801424731,Synapse54
133,"G9B (Trois-Rivieres, QC)",G9B,120354.96,120354.96,216934834.5,89385.35803757486,1753801424731,Synapse54,1753801424731,Synapse54
134,"G9C (Trois-Rivieres, QC)",G9C,124152.09,124152.09,12875179.0,26201.339674832936,1753801424731,Synapse54,1753801424731,Synapse54
135,"G9H (Becancour, QC)",G9H,107222.97,107222.97,965246378.5,214717.67022828877,1753801424731,Synapse54,1753801424731,Synapse54
136,"G9N (Shawinigan, QC)",G9N,66896.02,66896.02,149583035.5,113854.1611209567,1753801424731,Synapse54,1753801424731,Synapse54
137,"G9P (Shawinigan, QC)",G9P,84398.04,84398.04,32510118.0,38949.97843748969,1753801424731,Synapse54,1753801424731,Synapse54
138,"G9R (Shawinigan, QC)",G9R,104734.19,104734.19,156430596.5,105284.31387222232,1753801424731,Synapse54,1753801424731,Synapse54
139,"G9T (Grand-Mere, QC)",G9T,77399.0,77399.0,175921560.5,90399.15322236488,1753801424731,Synapse54,1753801424731,Synapse54
140,"G9X (La Tuque, QC)",G9X,86378.17,86378.17,4798536478.5,388015.362952818,1753801424731,Synapse54,1753801424731,Synapse54
141,"H0M (Akwesasne, QC)",H0M,0.0,0.0,4195699.0,36371.52492841964,1753801424731,Synapse54,1753801424731,Synapse54
142,"H1A (Montreal, QC)",H1A,99099.41,99099.41,32047972.5,27217.161718354222,1753801424731,Synapse54,1753801424731,Synapse54
143,"H1B (Montreal, QC)",H1B,89386.53,89386.53,42382103.0,29920.24369847441,1753801424731,Synapse54,1753801424731,Synapse54
144,"H1C (Montreal, QC)",H1C,139554.34,139554.34,26679819.5,25870.587310829436,1753801424731,Synapse54,1753801424731,Synapse54
145,"H1E (Montreal, QC)",H1E,104220.87,104220.87,29995565.0,23264.2709841518,1753801424731,Synapse54,1753801424731,Synapse54
146,"H1G (Montreal, QC)",H1G,78474.07,78474.07,16132403.5,17322.15503203977,1753801424731,Synapse54,1753801424731,Synapse54
147,"H1H (Montreal, QC)",H1H,75139.61,75139.61,10210927.5,13709.108640935121,1753801424731,Synapse54,1753801424731,Synapse54
148,"H1J (Montreal, QC)",H1J,102050.85,102050.85,18502722.0,18581.449355666224,1753801424731,Synapse54,1753801424731,Synapse54
149,"H1K (Montreal, QC)",H1K,103867.62,103867.62,12667226.5,15052.99246391506,1753801424731,Synapse54,1753801424731,Synapse54
150,"H1L (Montreal, QC)",H1L,86595.92,86595.92,13596541.5,17573.19469361058,1753801424731,Synapse54,1753801424731,Synapse54
151,"H1M (Montreal, QC)",H1M,93875.93,93875.93,10690212.5,15457.65729265879,1753801424731,Synapse54,1753801424731,Synapse54
152,"H1N (Montreal, QC)",H1N,82778.89,82778.89,114734629.5,108616.9951420107,1753801424731,Synapse54,1753801424731,Synapse54
153,"H1P (Montreal, QC)",H1P,97194.61,97194.61,10601632.5,14342.38560083787,1753801424731,Synapse54,1753801424731,Synapse54
154,"H1R (Montreal, QC)",H1R,98161.61,98161.61,9518827.0,14180.86920094836,1753801424731,Synapse54,1753801424731,Synapse54
155,"H1S (Montreal, QC)",H1S,85040.51,85040.51,7438851.0,13261.062397135287,1753801424731,Synapse54,1753801424731,Synapse54
156,"H1T (Montreal, QC)",H1T,90165.6,90165.6,8407123.5,15836.037610683787,1753801424731,Synapse54,1753801424731,Synapse54
157,"H1V (Montreal, QC)",H1V,86269.35,86269.35,6852649.0,10988.833869692491,1753801424731,Synapse54,1753801424731,Synapse54
158,"H1W (Montreal, QC)",H1W,81528.74,81528.74,6100526.0,11263.239274717751,1753801424731,Synapse54,1753801424731,Synapse54
159,"H1X (Montreal, QC)",H1X,87368.61,87368.61,8450164.0,13619.608619583656,1753801424731,Synapse54,1753801424731,Synapse54
160,"H1Y (Montreal, QC)",H1Y,100828.03,100828.03,5352874.0,10916.549919811729,1753801424731,Synapse54,1753801424731,Synapse54
161,"H1Z (Montreal, QC)",H1Z,73155.88,73155.88,14307589.5,14883.881987328181,1753801424731,Synapse54,1753801424731,Synapse54
162,"H2A (Montreal, QC)",H2A,74327.45,74327.45,4232942.0,8758.55230005682,1753801424731,Synapse54,1753801424731,Synapse54
163,"H2B (Montreal, QC)",H2B,86521.27,86521.27,5947505.5,9676.70118562271,1753801424731,Synapse54,1753801424731,Synapse54
164,"H2C (Montreal, QC)",H2C,104206.88,104206.88,5556278.0,9971.926462140602,1753801424731,Synapse54,1753801424731,Synapse54
165,"H2E (Montreal, QC)",H2E,79647.88,79647.88,3830518.5,8073.841629300861,1753801424731,Synapse54,1753801424731,Synapse54
166,"H2G (Montreal, QC)",H2G,93342.97,93342.97,4217958.5,9248.80721597901,1753801424731,Synapse54,1753801424731,Synapse54
167,"H2H (Montreal, QC)",H2H,97818.51,97818.51,2682198.0,6982.709947140798,1753801424731,Synapse54,1753801424731,Synapse54
168,"H2J (Montreal, QC)",H2J,110376.56,110376.56,3975815.0,8085.511309426667,1753801424731,Synapse54,1753801424731,Synapse54
169,"H2K (Montreal, QC)",H2K,79552.56,79552.56,5762510.0,9775.787359183401,1753801424731,Synapse54,1753801424731,Synapse54
170,"H2L (Montreal, QC)",H2L,90601.49,90601.49,5652250.0,10530.305700195246,1753801424731,Synapse54,1753801424731,Synapse54
171,"H2M (Montreal, QC)",H2M,96975.42,96975.42,6840427.0,11504.156734199103,1753801424731,Synapse54,1753801424731,Synapse54
172,"H2N (Montreal, QC)",H2N,80980.49,80980.49,2336770.0,6414.770804238481,1753801424731,Synapse54,1753801424731,Synapse54
173,"H2P (Montreal, QC)",H2P,99498.29,99498.29,3440041.0,8481.97690702558,1753801424731,Synapse54,1753801424731,Synapse54
174,"H2R (Montreal, QC)",H2R,102118.26,102118.26,4573627.0,8588.564684485442,1753801424731,Synapse54,1753801424731,Synapse54
175,"H2S (Montreal, QC)",H2S,101005.56,101005.56,5062352.5,9483.95666520098,1753801424731,Synapse54,1753801424731,Synapse54
176,"H2T (Montreal, QC)",H2T,103113.31,103113.31,2792933.0,7309.603445409373,1753801424731,Synapse54,1753801424731,Synapse54
177,"H2V (Montreal, QC)",H2V,199904.82,199904.82,9406781.5,15649.479624539856,1753801424731,Synapse54,1753801424731,Synapse54
178,"H2W (Montreal, QC)",H2W,96539.89,96539.89,2122029.5,6886.736160398394,1753801424731,Synapse54,1753801424731,Synapse54
179,"H2X (Montreal, QC)",H2X,70705.65,70705.65,3260860.5,9016.990098210114,1753801424731,Synapse54,1753801424731,Synapse54
180,"H2Y (Montreal, QC)",H2Y,166398.57,166398.57,1658875.0,7811.331119881591,1753801424731,Synapse54,1753801424731,Synapse54
181,"H2Z (Montreal, QC)",H2Z,111798.47,111798.47,598367.5,3228.1201023826216,1753801424731,Synapse54,1753801424731,Synapse54
182,"H3A (Montreal, QC)",H3A,90085.65,90085.65,1952640.0,8051.6260641867375,1753801424731,Synapse54,1753801424731,Synapse54
183,"H3B (Montreal, QC)",H3B,87441.75,87441.75,927950.0,5036.520981944944,1753801424731,Synapse54,1753801424731,Synapse54
184,"H3C (Montreal, QC)",H3C,121198.76,121198.76,17209727.0,33681.90517416176,1753801424731,Synapse54,1753801424731,Synapse54
185,"H3E (Montreal, QC)",H3E,182430.07,182430.07,9825716.5,14615.034290309737,1753801424731,Synapse54,1753801424731,Synapse54
186,"H3G (Montreal, QC)",H3G,121976.81,121976.81,2139910.0,8520.81981818768,1753801424731,Synapse54,1753801424731,Synapse54
187,"H3H (Montreal, QC)",H3H,82149.52,82149.52,5138945.5,17420.06994824536,1753801424731,Synapse54,1753801424731,Synapse54
188,"H3J (Montreal, QC)",H3J,120604.53,120604.53,2674031.0,6742.466153977455,1753801424731,Synapse54,1753801424731,Synapse54
189,"H3K (Montreal, QC)",H3K,107507.78,107507.78,6571158.0,11318.657050191392,1753801424731,Synapse54,1753801424731,Synapse54
190,"H3L (Montreal, QC)",H3L,110345.51,110345.51,8682987.0,13055.356607199148,1753801424731,Synapse54,1753801424731,Synapse54
191,"H3M (Montreal, QC)",H3M,99770.15,99770.15,5900605.5,11105.82837103115,1753801424731,Synapse54,1753801424731,Synapse54
192,"H3N (Montreal, QC)",H3N,66955.06,66955.06,3362662.5,8891.918324885475,1753801424731,Synapse54,1753801424731,Synapse54
193,"H3P (Montreal, QC)",H3P,247436.58,247436.58,5651704.5,9798.453260458433,1753801424731,Synapse54,1753801424731,Synapse54
194,"H3R (Montreal, QC)",H3R,292597.76,292597.76,5400500.0,9553.23690396402,1753801424731,Synapse54,1753801424731,Synapse54
195,"H3S (Montreal, QC)",H3S,87293.2,87293.2,5351564.5,9656.774003388971,1753801424731,Synapse54,1753801424731,Synapse54
196,"H3T (Montreal, QC)",H3T,83556.1,83556.1,3607516.5,8899.065890536858,1753801424731,Synapse54,1753801424731,Synapse54
197,"H3V (Montreal, QC)",H3V,77462.39,77462.39,3676769.0,9340.08432806038,1753801424731,Synapse54,1753801424731,Synapse54
198,"H3W (Montreal, QC)",H3W,95930.04,95930.04,5569083.5,12464.00419712417,1753801424731,Synapse54,1753801424731,Synapse54
199,"H3X (Montreal, QC)",H3X,158068.15,158068.15,8676070.0,13038.712105834822,1753801424731,Synapse54,1753801424731,Synapse54
200,"H3Y (Montreal, QC)",H3Y,770360.69,770360.69,5680936.5,10400.46779440301,1753801424731,Synapse54,1753801424731,Synapse54
201,"H3Z (Montreal, QC)",H3Z,192408.65,192408.65,2971245.0,7979.12833061372,1753801424731,Synapse54,1753801424731,Synapse54
202,"H4A (Montreal, QC)",H4A,142662.25,142662.25,6339669.0,10830.775097279686,1753801424731,Synapse54,1753801424731,Synapse54
203,"H4B (Montreal, QC)",H4B,90877.09,90877.09,5495449.5,11430.593825626274,1753801424731,Synapse54,1753801424731,Synapse54
204,"H4C (Montreal, QC)",H4C,97586.62,97586.62,10079054.5,19231.90024241674,1753801424731,Synapse54,1753801424731,Synapse54
205,"H4E (Montreal, QC)",H4E,85191.8,85191.8,10446763.5,18116.080205740356,1753801424731,Synapse54,1753801424731,Synapse54
206,"H4G (Verdun, QC)",H4G,89425.25,89425.25,6200126.5,10435.627645908377,1753801424731,Synapse54,1753801424731,Synapse54
207,"H4H (Verdun, QC)",H4H,104479.64,104479.64,6500184.5,11023.978149390903,1753801424731,Synapse54,1753801424731,Synapse54
208,"H4J (Montreal, QC)",H4J,89874.32,89874.32,6400914.5,12111.703398579217,1753801424731,Synapse54,1753801424731,Synapse54
209,"H4K (Montreal, QC)",H4K,155504.96,155504.96,10268900.0,15365.586434704945,1753801424731,Synapse54,1753801424731,Synapse54
210,"H4L (Montreal, QC)",H4L,92291.15,92291.15,10499306.5,13425.367090877367,1753801424731,Synapse54,1753801424731,Synapse54
211,"H4M (Montreal, QC)",H4M,124354.23,124354.23,6193041.5,11376.386905744941,1753801424731,Synapse54,1753801424731,Synapse54
212,"H4N (Montreal, QC)",H4N,78465.97,78465.97,11515200.0,17692.530830513202,1753801424731,Synapse54,1753801424731,Synapse54
213,"H4P (Montreal, QC)",H4P,95291.2,95291.2,7616644.5,13917.162705093007,1753801424731,Synapse54,1753801424731,Synapse54
214,"H4R (Montreal, QC)",H4R,154719.16,154719.16,19778627.5,19925.041667183443,1753801424731,Synapse54,1753801424731,Synapse54
215,"H4S (Montreal, QC)",H4S,239409.19,239409.19,25736787.0,27350.179631335064,1753801424731,Synapse54,1753801424731,Synapse54
216,"H4T (Montreal, QC)",H4T,121747.66,121747.66,12913673.5,17286.679172996657,1753801424731,Synapse54,1753801424731,Synapse54
217,"H4V (Montreal, QC)",H4V,97890.86,97890.86,4860370.5,9490.823388671204,1753801424731,Synapse54,1753801424731,Synapse54
218,"H4W (Montreal, QC)",H4W,126701.64,126701.64,15741448.0,18055.60507168441,1753801424731,Synapse54,1753801424731,Synapse54
219,"H4X (Montreal, QC)",H4X,179343.21,179343.21,3272580.5,9711.337741501437,1753801424731,Synapse54,1753801424731,Synapse54
220,"H4Y (Pointe-Claire-Dorval, QC)",H4Y,0.0,0.0,13605865.0,21906.491759391112,1753801424731,Synapse54,1753801424731,Synapse54
221,"H4Z (Montreal, QC)",H4Z,95197.75,95197.75,48269.5,1084.0077881690113,1753801424731,Synapse54,1753801424731,Synapse54
222,"H5A (Montreal, QC)",H5A,0.0,0.0,70328.5,1077.3693943590201,1753801424731,Synapse54,1753801424731,Synapse54
223,"H5B (Montreal, QC)",H5B,110037.17,110037.17,69225.0,1241.39561389562,1753801424731,Synapse54,1753801424731,Synapse54
224,"H7A (Laval, QC)",H7A,124490.83,124490.83,55986161.0,35792.476329694015,1753801424731,Synapse54,1753801424731,Synapse54
225,"H7B (Laval, QC)",H7B,121823.86,121823.86,12833492.0,19465.102961418776,1753801424731,Synapse54,1753801424731,Synapse54
226,"H7C (Laval, QC)",H7C,99554.14,99554.14,26706438.0,33344.532757897236,1753801424731,Synapse54,1753801424731,Synapse54
227,"H7E (Laval, QC)",H7E,141660.67,141660.67,58603236.5,49715.749208773435,1753801424731,Synapse54,1753801424731,Synapse54
228,"H7G (Laval, QC)",H7G,102186.91,102186.91,12923832.5,19204.029301455565,1753801424731,Synapse54,1753801424731,Synapse54
229,"H7H (Laval, QC)",H7H,129655.24,129655.24,15956758.0,19199.605061874256,1753801424731,Synapse54,1753801424731,Synapse54
230,"H7J (Laval, QC)",H7J,131602.63,131602.63,53323302.0,33198.313020576155,1753801424731,Synapse54,1753801424731,Synapse54
231,"H7K (Laval, QC)",H7K,141739.57,141739.57,30865320.0,25890.412217277662,1753801424731,Synapse54,1753801424731,Synapse54
232,"H7L (Laval, QC)",H7L,141617.94,141617.94,44625160.0,29614.545742793118,1753801424731,Synapse54,1753801424731,Synapse54
233,"H7M (Laval, QC)",H7M,114238.03,114238.03,21060041.0,20135.878363934327,1753801424731,Synapse54,1753801424731,Synapse54
234,"H7N (Laval, QC)",H7N,88736.47,88736.47,22733173.5,31142.9739798465,1753801424731,Synapse54,1753801424731,Synapse54
235,"H7P (Laval, QC)",H7P,126234.48,126234.48,39418609.5,29119.748261948425,1753801424731,Synapse54,1753801424731,Synapse54
236,"H7R (Laval, QC)",H7R,125459.62,125459.62,39328921.5,33526.83151448517,1753801424731,Synapse54,1753801424731,Synapse54
237,"H7S (Laval, QC)",H7S,94162.81,94162.81,10962382.0,13461.308964386186,1753801424731,Synapse54,1753801424731,Synapse54
238,"H7T (Laval, QC)",H7T,108654.85,108654.85,19220992.5,21847.72561749218,1753801424731,Synapse54,1753801424731,Synapse54
239,"H7V (Laval, QC)",H7V,79559.95,79559.95,13084368.0,17090.83415240245,1753801424731,Synapse54,1753801424731,Synapse54
240,"H7W (Laval, QC)",H7W,98274.55,98274.55,21296664.5,20542.33134907331,1753801424731,Synapse54,1753801424731,Synapse54
241,"H7X (Laval, QC)",H7X,148462.36,148462.36,31137712.0,25106.867662548826,1753801424731,Synapse54,1753801424731,Synapse54
242,"H7Y (Laval, QC)",H7Y,173959.21,173959.21,14444971.0,18869.75173232823,1753801424731,Synapse54,1753801424731,Synapse54
243,"H8N (Lasalle, QC)",H8N,88255.46,88255.46,14389471.0,18103.010513945057,1753801424731,Synapse54,1753801424731,Synapse54
244,"H8P (Lasalle, QC)",H8P,94871.59,94871.59,21862717.5,20668.285538772176,1753801424731,Synapse54,1753801424731,Synapse54
245,"H8R (Lasalle, QC)",H8R,84095.19,84095.19,18116586.5,27293.21202861797,1753801424731,Synapse54,1753801424731,Synapse54
246,"H8S (Lasalle, QC)",H8S,85775.75,85775.75,19856874.0,24144.754425147134,1753801424731,Synapse54,1753801424731,Synapse54
247,"H8T (Pointe-Claire-Dorval, QC)",H8T,122101.48,122101.48,21610415.0,20729.17122189251,1753801424731,Synapse54,1753801424731,Synapse54
248,"H8Y (Roxboro, QC)",H8Y,113170.25,113170.25,14039619.0,22252.616674527148,1753801424731,Synapse54,1753801424731,Synapse54
249,"H8Z (Roxboro, QC)",H8Z,114671.83,114671.83,11082242.5,14451.759662340886,1753801424731,Synapse54,1753801424731,Synapse54
250,"H9A (Pierrefonds, QC)",H9A,159337.38,159337.38,9353959.0,13155.163982221264,1753801424731,Synapse54,1753801424731,Synapse54
251,"H9B (Roxboro, QC)",H9B,126654.88,126654.88,14796114.0,18421.91025899604,1753801424731,Synapse54,1753801424731,Synapse54
252,"H9C (Pierrefonds, QC)",H9C,178109.69,178109.69,24503744.5,20531.792890304176,1753801424731,Synapse54,1753801424731,Synapse54
253,"H9E (Pierrefonds, QC)",H9E,168892.49,168892.49,42250333.0,27083.5790617143,1753801424731,Synapse54,1753801424731,Synapse54
254,"H9G (Pointe-Claire-Dorval, QC)",H9G,144102.5,144102.5,8457140.5,12464.539249179079,1753801424731,Synapse54,1753801424731,Synapse54
255,"H9H (Pierrefonds, QC)",H9H,140491.99,140491.99,19613903.5,23879.67204388559,1753801424731,Synapse54,1753801424731,Synapse54
256,"H9J (Pierrefonds, QC)",H9J,158566.92,158566.92,17167469.0,23970.816444803262,1753801424731,Synapse54,1753801424731,Synapse54
257,"H9K (Pierrefonds, QC)",H9K,156490.19,156490.19,30500131.5,26824.382930325875,1753801424731,Synapse54,1753801424731,Synapse54
258,"H9P (Pointe-Claire-Dorval, QC)",H9P,122065.43,122065.43,19498535.0,39692.170261991225,1753801424731,Synapse54,1753801424731,Synapse54
259,"H9R (Pointe-Claire-Dorval, QC)",H9R,135242.62,135242.62,29882299.5,25305.84671237734,1753801424731,Synapse54,1753801424731,Synapse54
260,"H9S (Pointe-Claire-Dorval, QC)",H9S,144716.57,144716.57,78965867.0,44171.880466646624,1753801424731,Synapse54,1753801424731,Synapse54
261,"H9W (Beaconsfield, QC)",H9W,245889.75,245889.75,43852698.0,28888.96518701168,1753801424731,Synapse54,1753801424731,Synapse54
262,"H9X (Sainte-Anne-De-Bellevue, QC)",H9X,187635.45,187635.45,73291956.5,35517.603411509444,1753801424731,Synapse54,1753801424731,Synapse54
263,"J0A (Warwick, QC)",J0A,91926.76,91926.76,2834357143.0,359358.8229727042,1753801424731,Synapse54,1753801424731,Synapse54
264,"J0B (Richmond, QC)",J0B,101089.32,101089.32,10667378133.5,1065896.4278918828,1753801424731,Synapse54,1753801424731,Synapse54
265,"J0C (Saint-Germain-De-Grantham, QC)",J0C,94272.71,94272.71,2217789273.0,543899.6487326861,1753801424731,Synapse54,1753801424731,Synapse54
266,"J0E (Waterloo, QC)",J0E,109961.69,109961.69,4549634499.230469,648394.7017630582,1753801424731,Synapse54,1753801424731,Synapse54
267,"J0G (Saint-Francois-Du-Lac, QC)",J0G,90631.62,90631.62,2514787680.5,333340.5205009883,1753801424731,Synapse54,1753801424731,Synapse54
268,"J0H (Acton Vale, QC)",J0H,98164.84,98164.84,4017334345.9570312,538883.6400762808,1753801424731,Synapse54,1753801424731,Synapse54
269,"J0J (Napierville, QC)",J0J,100968.72,100968.72,3163504441.4609375,385870.6950955986,1753801424731,Synapse54,1753801424731,Synapse54
270,"J0K (Rawdon, QC)",J0K,88195.49,88195.49,29697039721.0,1406950.3334880418,1753801424731,Synapse54,1753801424731,Synapse54
271,"J0L (Saint-Amable, QC)",J0L,110109.66,110109.66,2780902762.0429688,596544.2844540038,1753801424731,Synapse54,1753801424731,Synapse54
272,"J0M (Chisasibi, QC)",J0M,122152.23,122152.23,2507274503756.0,24396187.397056405,1753801424731,Synapse54,1753801424731,Synapse54
273,"J0N (Sainte-Marthe-Sur-Le-Lac, QC)",J0N,120285.63,120285.63,341790001.0,92049.64421828423,1753801424731,Synapse54,1753801424731,Synapse54
274,"J0P (Saint-Zotique, QC)",J0P,118071.33,118071.33,1320873265.0,299819.56036801497,1753801424731,Synapse54,1753801424731,Synapse54
275,"J0R (Saint-Sauveur, QC)",J0R,120594.15,120594.15,549507968.0,153164.86554496005,1753801424731,Synapse54,1753801424731,Synapse54
276,"J0S (Sainte-Martine, QC)",J0S,94228.58,94228.58,3261392891.5,373681.8522427627,1753801424731,Synapse54,1753801424731,Synapse54
277,"J0T (Saint-Donat-De-Montcalm, QC)",J0T,92314.74,92314.74,10294024616.5,948593.2698027412,1753801424731,Synapse54,1753801424731,Synapse54
278,"J0V (Saint-Andre-Avellin, QC)",J0V,86727.25,86727.25,5169637352.5,604696.2148960141,1753801424731,Synapse54,1753801424731,Synapse54
279,"J0W (Lac-Des-Ecorces, QC)",J0W,79771.54,79771.54,72760667284.5,2116484.49890364,1753801424731,Synapse54,1753801424731,Synapse54
280,"J0X (Wakefield, QC)",J0X,98149.53,98149.53,18401542242.5,1302599.5812032141,1753801424731,Synapse54,1753801424731,Synapse54
281,"J0Y (Malartic, QC)",J0Y,105978.22,105978.22,223534310999.0,3278730.6722274064,1753801424731,Synapse54,1753801424731,Synapse54
282,"J0Z (Lorrainville, QC)",J0Z,99475.76,99475.76,59867601510.0,2216439.0400546975,1753801424731,Synapse54,1753801424731,Synapse54
283,"J1A (Coaticook, QC)",J1A,84110.65,84110.65,568143726.5,138682.11350637994,1753801424731,Synapse54,1753801424731,Synapse54
284,"J1C (Sherbrooke, QC)",J1C,104119.71,104119.71,148314795.5,58854.95341782354,1753801424731,Synapse54,1753801424731,Synapse54
285,"J1E (Sherbrooke, QC)",J1E,75056.46,75056.46,36392307.5,31305.785200373433,1753801424731,Synapse54,1753801424731,Synapse54
286,"J1G (Sherbrooke, QC)",J1G,91169.33,91169.33,23722537.5,26568.26494121696,1753801424731,Synapse54,1753801424731,Synapse54
287,"J1H (Sherbrooke, QC)",J1H,68559.08,68559.08,90156997.5,95524.0591322304,1753801424731,Synapse54,1753801424731,Synapse54
288,"J1J (Sherbrooke, QC)",J1J,106769.49,106769.49,14850239.5,21529.415696903085,1753801424731,Synapse54,1753801424731,Synapse54
289,"J1K (Sherbrooke, QC)",J1K,85489.88,85489.88,14646372.0,20632.820225363073,1753801424731,Synapse54,1753801424731,Synapse54
290,"J1L (Sherbrooke, QC)",J1L,89610.98,89610.98,27073074.0,24825.97616578884,1753801424731,Synapse54,1753801424731,Synapse54
291,"J1M (Sherbrooke, QC)",J1M,95781.86,95781.86,66319442.5,51850.27975629163,1753801424731,Synapse54,1753801424731,Synapse54
292,"J1N (Sherbrooke, QC)",J1N,118970.03,118970.03,196798113.5,75865.43435097949,1753801424731,Synapse54,1753801424731,Synapse54
293,"J1R (Sherbrooke, QC)",J1R,126512.06,126512.06,129969730.0,55500.89678544112,1753801424731,Synapse54,1753801424731,Synapse54
294,"J1S (Windsor, QC)",J1S,92516.05,92516.05,306725365.5,94080.75320925176,1753801424731,Synapse54,1753801424731,Synapse54
295,"J1T (Val-Des-Sources, QC)",J1T,71210.77,71210.77,94108625.0,49846.76465177346,1753801424731,Synapse54,1753801424731,Synapse54
296,"J1X (Magog, QC)",J1X,109001.06,109001.06,728921445.0,201253.21200864858,1753801424731,Synapse54,1753801424731,Synapse54
297,"J1Z (Saint-Cyrille-De-Wendover, QC)",J1Z,107799.46,107799.46,352999380.0,123836.95765720992,1753801424731,Synapse54,1753801424731,Synapse54
298,"J2A (Drummondville, QC)",J2A,104067.47,104067.47,210419353.0,83920.96306970775,1753801424731,Synapse54,1753801424731,Synapse54
299,"J2B (Drummondville, QC)",J2B,84726.48,84726.48,262759591.40234375,162201.91283563137,1753801424731,Synapse54,1753801424731,Synapse54
300,"J2C (Drummondville, QC)",J2C,87339.39,87339.39,46328225.59765625,41604.1853996451,1753801424731,Synapse54,1753801424731,Synapse54
301,"J2E (Drummondville, QC)",J2E,91272.33,91272.33,18350789.5,28926.839340474853,1753801424731,Synapse54,1753801424731,Synapse54
302,"J2G (Granby, QC)",J2G,73532.43,73532.43,27125065.5,40964.248286282396,1753801424731,Synapse54,1753801424731,Synapse54
303,"J2H (Granby, QC)",J2H,121364.79,121364.79,136788271.0,82651.78876586944,1753801424731,Synapse54,1753801424731,Synapse54
304,"J2J (Granby, QC)",J2J,89404.64,89404.64,158975426.5,75483.31166212616,1753801424731,Synapse54,1753801424731,Synapse54
305,"J2K (Cowansville, QC)",J2K,84575.75,84575.75,327067186.0,107161.13325887192,1753801424731,Synapse54,1753801424731,Synapse54
306,"J2L (Bromont, QC)",J2L,193427.17,193427.17,230068726.0,81624.30958657779,1753801424731,Synapse54,1753801424731,Synapse54
307,"J2M (Shefford, QC)",J2M,129868.5,129868.5,242332781.2734375,116121.4987637872,1753801424731,Synapse54,1753801424731,Synapse54
308,"J2N (Farnham, QC)",J2N,88069.99,88069.99,187541869.5,67299.99265741695,1753801424731,Synapse54,1753801424731,Synapse54
309,"J2R (Saint-Hyacinthe, QC)",J2R,103635.77,103635.77,202913088.0,104737.13437793839,1753801424731,Synapse54,1753801424731,Synapse54
310,"J2S (Saint-Hyacinthe, QC)",J2S,77919.34,77919.34,64473264.0,73386.10579135851,1753801424731,Synapse54,1753801424731,Synapse54
311,"J2T (Saint-Hyacinthe, QC)",J2T,94194.96,94194.96,91771688.0,53456.23963708392,1753801424731,Synapse54,1753801424731,Synapse54
312,"J2W (Saint-Jean-Sur-Richelieu, QC)",J2W,136677.13,136677.13,103463004.5,59571.138073747235,1753801424731,Synapse54,1753801424731,Synapse54
313,"J2X (Saint-Jean-Sur-Richelieu, QC)",J2X,110924.94,110924.94,145676986.0,80102.73759580929,1753801424731,Synapse54,1753801424731,Synapse54
314,"J2Y (Saint-Jean-Sur-Richelieu, QC)",J2Y,126365.01,126365.01,146400386.17578125,73826.30271667863,1753801424731,Synapse54,1753801424731,Synapse54
315,"J3A (Saint-Jean-Sur-Richelieu, QC)",J3A,66391.06,66391.06,6186209.0,11188.578319190965,1753801424731,Synapse54,1753801424731,Synapse54
316,"J3B (Saint-Jean-Sur-Richelieu, QC)",J3B,92719.51,92719.51,95704303.5,54381.46319865555,1753801424731,Synapse54,1753801424731,Synapse54
317,"J3E (Sainte-Julie, QC)",J3E,148656.44,148656.44,105827610.5,60902.63170645707,1753801424731,Synapse54,1753801424731,Synapse54
318,"J3G (Beloeil, QC)",J3G,121986.83,121986.83,171490984.5,98109.63892656052,1753801424731,Synapse54,1753801424731,Synapse54
319,"J3H (Beloeil, QC)",J3H,149402.16,149402.16,80996367.5,55540.40786090735,1753801424731,Synapse54,1753801424731,Synapse54
320,"J3L (Chambly, QC)",J3L,139753.28,139753.28,364093398.0,124754.83820581688,1753801424731,Synapse54,1753801424731,Synapse54
321,"J3M (Marieville, QC)",J3M,100914.35,100914.35,126097256.5,55752.50302456562,1753801424731,Synapse54,1753801424731,Synapse54
322,"J3N (St-Basile-Le-Grand, QC)",J3N,148279.05,148279.05,74736126.0,37659.20099111866,1753801424731,Synapse54,1753801424731,Synapse54
323,"J3P (Sorel-Tracy, QC)",J3P,85808.01,85808.01,211886795.0,80652.39762505802,1753801424731,Synapse54,1753801424731,Synapse54
324,"J3R (Sorel-Tracy, QC)",J3R,89131.69,89131.69,57862738.0,40488.46821105956,1753801424731,Synapse54,1753801424731,Synapse54
325,"J3T (Nicolet, QC)",J3T,89047.03,89047.03,271606732.5,71484.12258274788,1753801424731,Synapse54,1753801424731,Synapse54
326,"J3V (Saint-Bruno, QC)",J3V,173179.16,173179.16,90158805.5,51396.92313356961,1753801424731,Synapse54,1753801424731,Synapse54
327,"J3X (Varennes, QC)",J3X,136682.72,136682.72,232058892.5,71561.3428539275,1753801424731,Synapse54,1753801424731,Synapse54
328,"J3Y (Saint-Hubert, QC)",J3Y,117807.67,117807.67,101336037.0,100201.13539228243,1753801424731,Synapse54,1753801424731,Synapse54
329,"J3Z (Saint-Hubert, QC)",J3Z,149912.23,149912.23,22454206.0,63608.93575532092,1753801424731,Synapse54,1753801424731,Synapse54
330,"J4B (Boucherville, QC)",J4B,168060.74,168060.74,170076124.5,59886.44585342009,1753801424731,Synapse54,1753801424731,Synapse54
331,"J4G (Longueuil, QC)",J4G,118204.68,118204.68,25356829.5,23719.52752698455,1753801424731,Synapse54,1753801424731,Synapse54
332,"J4H (Longueuil, QC)",J4H,95228.86,95228.86,11650935.0,15524.513087115087,1753801424731,Synapse54,1753801424731,Synapse54
333,"J4J (Longueuil, QC)",J4J,84695.7,84695.7,15351226.5,21930.353895068798,1753801424731,Synapse54,1753801424731,Synapse54
334,"J4K (Longueuil, QC)",J4K,84047.76,84047.76,12801059.0,20426.997549827258,1753801424731,Synapse54,1753801424731,Synapse54
335,"J4L (Longueuil, QC)",J4L,89018.28,89018.28,14765810.5,16776.5326873664,1753801424731,Synapse54,1753801424731,Synapse54
336,"J4M (Longueuil, QC)",J4M,136980.58,136980.58,10545973.0,20915.15150342213,1753801424731,Synapse54,1753801424731,Synapse54
337,"J4N (Longueuil, QC)",J4N,147023.35,147023.35,9982414.5,18319.159231838094,1753801424731,Synapse54,1753801424731,Synapse54
338,"J4P (Longueuil, QC)",J4P,159133.78,159133.78,6998059.0,12458.778436344583,1753801424731,Synapse54,1753801424731,Synapse54
339,"J4R (Longueuil, QC)",J4R,151330.32,151330.32,5607448.0,11472.375668491168,1753801424731,Synapse54,1753801424731,Synapse54
340,"J4S (Longueuil, QC)",J4S,159339.71,159339.71,4293595.5,10044.635885759557,1753801424731,Synapse54,1753801424731,Synapse54
341,"J4T (Saint-Hubert, QC)",J4T,87293.25,87293.25,8655769.0,12531.329908587128,1753801424731,Synapse54,1753801424731,Synapse54
342,"J4V (Longueuil, QC)",J4V,102991.38,102991.38,9874770.0,19495.60469716676,1753801424731,Synapse54,1753801424731,Synapse54
343,"J4W (Longueuil, QC)",J4W,108372.88,108372.88,11512935.0,16336.628676963564,1753801424731,Synapse54,1753801424731,Synapse54
344,"J4X (Longueuil, QC)",J4X,139476.64,139476.64,13216489.5,15198.092586417742,1753801424731,Synapse54,1753801424731,Synapse54
345,"J4Y (Longueuil, QC)",J4Y,138656.38,138656.38,21259495.5,19670.691530096043,1753801424731,Synapse54,1753801424731,Synapse54
346,"J4Z (Longueuil, QC)",J4Z,109829.97,109829.97,42442433.5,36399.19983850107,1753801424731,Synapse54,1753801424731,Synapse54
347,"J5A (Saint-Constant, QC)",J5A,125501.03,125501.03,123489244.5,53706.37543156535,1753801424731,Synapse54,1753801424731,Synapse54
348,"J5B (Delson, QC)",J5B,115815.21,115815.21,13765665.5,25868.554957637258,1753801424731,Synapse54,1753801424731,Synapse54
349,"J5C (Sainte-Catherine, QC)",J5C,114063.61,114063.61,20056189.5,22328.89425891819,1753801424731,Synapse54,1753801424731,Synapse54
350,"J5J (Sainte-Sophie, QC)",J5J,103616.93,103616.93,230905181.0,66651.47964912902,1753801424731,Synapse54,1753801424731,Synapse54
351,"J5K (Saint-Colomban, QC)",J5K,124496.8,124496.8,193780426.5,69823.6154247918,1753801424731,Synapse54,1753801424731,Synapse54
352,"J5L (Saint-Jerome, QC)",J5L,114385.7,114385.7,95796285.0,58040.91698594175,1753801424731,Synapse54,1753801424731,Synapse54
353,"J5M (Saint-Lin-Laurentides, QC)",J5M,101649.97,101649.97,245439917.0,79215.19535436288,1753801424731,Synapse54,1753801424731,Synapse54
354,"J5N (Saint-Lin-Laurentides, QC)",J5N,102229.45,102229.45,190530835.0,58815.89393433861,1753801424731,Synapse54,1753801424731,Synapse54
355,"J5R (La Prairie, QC)",J5R,153546.52,153546.52,116490762.5,83791.09209902641,1753801424731,Synapse54,1753801424731,Synapse54
356,"J5T (Lavaltrie, QC)",J5T,108021.1,108021.1,154486438.5,59411.55582605956,1753801424731,Synapse54,1753801424731,Synapse54
357,"J5V (Louiseville, QC)",J5V,69084.63,69084.63,506748881.0,179854.3461791025,1753801424731,Synapse54,1753801424731,Synapse54
358,"J5W (L'assomption, QC)",J5W,115458.49,115458.49,332828346.5,103350.78663938354,1753801424731,Synapse54,1753801424731,Synapse54
359,"J5X (L'epiphanie, QC)",J5X,103921.12,103921.12,93137482.5,61537.5779427655,1753801424731,Synapse54,1753801424731,Synapse54
360,"J5Y (Repentigny, QC)",J5Y,135687.99,135687.99,22356230.5,21230.469901767003,1753801424731,Synapse54,1753801424731,Synapse54
361,"J5Z (Repentigny, QC)",J5Z,112756.05,112756.05,78014581.0,40720.846170485005,1753801424731,Synapse54,1753801424731,Synapse54
362,"J6A (Repentigny, QC)",J6A,112277.11,112277.11,48655375.5,39943.850012514275,1753801424731,Synapse54,1753801424731,Synapse54
363,"J6E (Joliette, QC)",J6E,85192.62,85192.62,137214208.0,95275.2587794035,1753801424731,Synapse54,1753801424731,Synapse54
364,"J6J (Chateauguay, QC)",J6J,106569.19,106569.19,74217052.0,72123.22068999698,1753801424731,Synapse54,1753801424731,Synapse54
365,"J6K (Chateauguay, QC)",J6K,107149.53,107149.53,20188406.0,28536.15419577854,1753801424731,Synapse54,1753801424731,Synapse54
366,"J6N (Beauharnois, QC)",J6N,97092.17,97092.17,233462281.0,99024.33793574793,1753801424731,Synapse54,1753801424731,Synapse54
367,"J6R (Mercier, QC)",J6R,128446.33,128446.33,115347180.0,49311.90260299979,1753801424731,Synapse54,1753801424731,Synapse54
368,"J6S (Salaberry-De-Valleyfield, QC)",J6S,87449.16,87449.16,210261044.5,73467.37727321035,1753801424731,Synapse54,1753801424731,Synapse54
369,"J6T (Salaberry-De-Valleyfield, QC)",J6T,80043.51,80043.51,46981135.0,36756.956833154014,1753801424731,Synapse54,1753801424731,Synapse54
370,"J6V (Terrebonne, QC)",J6V,146026.27,146026.27,60800572.0,35889.68273881664,1753801424731,Synapse54,1753801424731,Synapse54
371,"J6W (Terrebonne, QC)",J6W,115504.76,115504.76,39136671.0,33325.59650886826,1753801424731,Synapse54,1753801424731,Synapse54
372,"J6X (Terrebonne, QC)",J6X,124198.8,124198.8,60225849.5,43095.169343531845,1753801424731,Synapse54,1753801424731,Synapse54
373,"J6Y (Terrebonne, QC)",J6Y,144734.28,144734.28,81550557.0,61201.9952124608,1753801424731,Synapse54,1753801424731,Synapse54
374,"J6Z (Rosemere, QC)",J6Z,150861.25,150861.25,22537924.0,22963.79436186629,1753801424731,Synapse54,1753801424731,Synapse54
375,"J7A (Rosemere, QC)",J7A,166614.37,166614.37,24339416.5,22941.14213233615,1753801424731,Synapse54,1753801424731,Synapse54
376,"J7B (Boisbriand, QC)",J7B,236760.84,236760.84,14667986.5,16792.064136555553,1753801424731,Synapse54,1753801424731,Synapse54
377,"J7C (Boisbriand, QC)",J7C,135638.71,135638.71,94216134.5,48996.310543076004,1753801424731,Synapse54,1753801424731,Synapse54
378,"J7E (Boisbriand, QC)",J7E,96829.76,96829.76,38942666.0,66768.75062873606,1753801424731,Synapse54,1753801424731,Synapse54
379,"J7G (Boisbriand, QC)",J7G,124757.16,124757.16,24826343.0,22844.466974416475,1753801424731,Synapse54,1753801424731,Synapse54
380,"J7H (Boisbriand, QC)",J7H,119111.11,119111.11,18524557.5,29683.633390851617,1753801424731,Synapse54,1753801424731,Synapse54
381,"J7J (Boisbriand, QC)",J7J,121985.53,121985.53,216897455.5,103444.96666308724,1753801424731,Synapse54,1753801424731,Synapse54
382,"J7K (Terrebonne, QC)",J7K,119115.24,119115.24,193069363.5,83975.60969421153,1753801424731,Synapse54,1753801424731,Synapse54
383,"J7L (Terrebonne, QC)",J7L,129864.91,129864.91,28664221.0,25040.678807417222,1753801424731,Synapse54,1753801424731,Synapse54
384,"J7M (Terrebonne, QC)",J7M,113975.7,113975.7,82543767.0,48321.76398543206,1753801424731,Synapse54,1753801424731,Synapse54
385,"J7N (Boisbriand, QC)",J7N,115980.94,115980.94,781900527.5,198254.3737699631,1753801424731,Synapse54,1753801424731,Synapse54
386,"J7P (Saint-Eustache, QC)",J7P,110421.29,110421.29,34525041.5,29797.38514106549,1753801424731,Synapse54,1753801424731,Synapse54
387,"J7R (Saint-Eustache, QC)",J7R,114673.42,114673.42,124808411.0,71490.55014073827,1753801424731,Synapse54,1753801424731,Synapse54
388,"J7T (Vaudreuil-Dorion, QC)",J7T,151836.9,151836.9,297651983.5,93415.04234638221,1753801424731,Synapse54,1753801424731,Synapse54
389,"J7V (Vaudreuil-Dorion, QC)",J7V,119169.47,119169.47,362449115.0,152968.31394129083,1753801424731,Synapse54,1753801424731,Synapse54
390,"J7W (Vaudreuil-Dorion, QC)",J7W,120999.74,120999.74,24383265.0,23490.450057951097,1753801424731,Synapse54,1753801424731,Synapse54
391,"J7X (Salaberry-De-Valleyfield, QC)",J7X,103616.03,103616.03,64920487.0,46286.99583260664,1753801424731,Synapse54,1753801424731,Synapse54
392,"J7Y (Saint-Jerome, QC)",J7Y,81895.53,81895.53,50087471.02734375,55705.64280837206,1753801424731,Synapse54,1753801424731,Synapse54
393,"J7Z (Saint-Jerome, QC)",J7Z,79509.92,79509.92,36942944.47265625,33700.08035698858,1753801424731,Synapse54,1753801424731,Synapse54
394,"J8A (Saint-Hippolyte, QC)",J8A,110456.67,110456.67,272351866.0,88660.25650248205,1753801424731,Synapse54,1753801424731,Synapse54
395,"J8B (Sainte-Adele, QC)",J8B,108296.21,108296.21,257661278.5,87331.95722532229,1753801424731,Synapse54,1753801424731,Synapse54
396,"J8C (Sainte-Agathe-Des-Monts, QC)",J8C,87596.22,87596.22,363538345.5,105828.83702167151,1753801424731,Synapse54,1753801424731,Synapse54
397,"J8E (Mont-Tremblant, QC)",J8E,107119.29,107119.29,598027685.5,128502.35538817226,1753801424731,Synapse54,1753801424731,Synapse54
398,"J8G (Brownsburg-Chatham, QC)",J8G,87264.26,87264.26,1206240278.5,237511.8555793957,1753801424731,Synapse54,1753801424731,Synapse54
399,"J8H (Lachute, QC)",J8H,81871.69,81871.69,482502118.5,169179.8899596451,1753801424731,Synapse54,1753801424731,Synapse54
400,"J8L (Gatineau, QC)",J8L,111905.47,111905.47,1293058071.0,172060.6388984216,1753801424731,Synapse54,1753801424731,Synapse54
401,"J8M (Gatineau, QC)",J8M,119326.66,119326.66,154732777.5,65024.547084615566,1753801424731,Synapse54,1753801424731,Synapse54
402,"J8N (Val-Des-Monts, QC)",J8N,138059.29,138059.29,1732302854.5,285589.92276472907,1753801424731,Synapse54,1753801424731,Synapse54
403,"J8P (Gatineau, QC)",J8P,98484.77,98484.77,58693548.0,43657.291681754716,1753801424731,Synapse54,1753801424731,Synapse54
404,"J8R (Gatineau, QC)",J8R,141177.0,141177.0,156666056.5,68675.20266685543,1753801424731,Synapse54,1753801424731,Synapse54
405,"J8T (Gatineau, QC)",J8T,100294.37,100294.37,47793402.0,43358.360078022946,1753801424731,Synapse54,1753801424731,Synapse54
406,"J8V (Gatineau, QC)",J8V,162662.11,162662.11,324712509.0,103708.66049045212,1753801424731,Synapse54,1753801424731,Synapse54
407,"J8X (Gatineau, QC)",J8X,73807.04,73807.04,14811708.0,18647.21034649298,1753801424731,Synapse54,1753801424731,Synapse54
408,"J8Y (Gatineau, QC)",J8Y,81469.79,81469.79,19695262.5,21673.890152602384,1753801424731,Synapse54,1753801424731,Synapse54
409,"J8Z (Gatineau, QC)",J8Z,107859.49,107859.49,23130629.5,26602.970961144994,1753801424731,Synapse54,1753801424731,Synapse54
410,"J9A (Gatineau, QC)",J9A,130501.52,130501.52,30373310.5,26686.619129442304,1753801424731,Synapse54,1753801424731,Synapse54
411,"J9B (Chelsea, QC)",J9B,189413.18,189413.18,246189543.5,86816.99350066783,1753801424731,Synapse54,1753801424731,Synapse54
412,"J9E (Maniwaki, QC)",J9E,73167.85,73167.85,1377109169.5,310831.3640939274,1753801424731,Synapse54,1753801424731,Synapse54
413,"J9H (Gatineau, QC)",J9H,121946.24,121946.24,62556078.0,44664.06309859117,1753801424731,Synapse54,1753801424731,Synapse54
414,"J9J (Gatineau, QC)",J9J,146337.03,146337.03,151255466.5,58327.94180700536,1753801424731,Synapse54,1753801424731,Synapse54
415,"J9L (Mont-Laurier, QC)",J9L,83933.74,83933.74,1339338847.0,180384.92529711727,1753801424731,Synapse54,1753801424731,Synapse54
416,"J9P (Val-D'or, QC)",J9P,111096.48,111096.48,3829796876.0,458548.2575127482,1753801424731,Synapse54,1753801424731,Synapse54
417,"J9T (Amos, QC)",J9T,102470.32,102470.32,683602510.0,189908.9748917051,1753801424731,Synapse54,1753801424731,Synapse54
418,"J9V (Rouyn-Noranda, QC)",J9V,94928.23,94928.23,297071822.0,76817.77391779536,1753801424731,Synapse54,1753801424731,Synapse54
419,"J9X (Rouyn-Noranda, QC)",J9X,91451.52,91451.52,301651162.0,120674.85661136823,1753801424731,Synapse54,1753801424731,Synapse54
420,"J9Y (Rouyn-Noranda, QC)",J9Y,134394.43,134394.43,2199066233.0,465878.96082864003,1753801424731,Synapse54,1753801424731,Synapse54
421,"J9Z (La Sarre, QC)",J9Z,90600.99,90600.99,348212296.0,88902.99107383726,1753801424731,Synapse54,1753801424731,Synapse54
