OBJECTID,DESCRIPTION,ID,ECYHRIAVG,thematic_value,Shape__Area,Shape__Length,CreationDate,Creator,EditDate,Editor
1,"G0A (Sainte-Anne-De-Beaupre, QC)",G0A,98108.45,98108.45,72760823790.5,3028971.212854449,1753801739027,Synapse54,1753801739027,Synapse54
2,"G0C (New Richmond, QC)",G0C,74241.17,74241.17,22075337398.492188,967680.4043130332,1753801739027,Synapse54,1753801739027,Synapse54
3,"G0E (Grande-Vallee, QC)",G0E,65581.59,65581.59,17330251329.5,625766.1683453334,1753801739027,Synapse54,1753801739027,Synapse54
4,"G0G (Fermont, QC)",G0G,102352.34,102352.34,488246740388.7383,13452850.295035336,1753801739027,Synapse54,1753801739027,Synapse54
5,"G0H (Pessamit, QC)",G0H,82065.87,82065.87,123893631441.5,3217405.6747955983,1753801739027,Synapse54,1753801739027,Synapse54
6,"G0J (Causapscal, QC)",G0J,66398.27,66398.27,30795263589.0,1187342.219615261,1753801739027,Synapse54,1753801739027,Synapse54
7,"G0K (Sainte-Luce, QC)",G0K,76743.5,76743.5,8964482448.5,530269.0600895187,1753801739027,Synapse54,1753801739027,Synapse54
8,"G0L (Trois-Pistoles, QC)",G0L,76291.39,76291.39,23226305480.5,1017338.6635460304,1753801739027,Synapse54,1753801739027,Synapse54
9,"G0M (Saint-Prosper-De-Dorchester, QC)",G0M,78587.09,78587.09,6354665678.5,678703.1375911924,1753801739027,Synapse54,1753801739027,Synapse54
10,"G0N (Disraeli, QC)",G0N,74808.16,74808.16,3579667597.5,610336.508657239,1753801739027,Synapse54,1753801739027,Synapse54
11,"G0P (Ham-Nord, QC)",G0P,74746.38,74746.38,1964344449.0,415202.1877963802,1753801739027,Synapse54,1753801739027,Synapse54
12,"G0R (La Pocatiere, QC)",G0R,78428.08,78428.08,17275130739.5,769075.2097201231,1753801739027,Synapse54,1753801739027,Synapse54
13,"G0S (Saint-Apollinaire, QC)",G0S,85909.28,85909.28,7546000235.5,718279.0049398947,1753801739027,Synapse54,1753801739027,Synapse54
14,"G0T (Forestville, QC)",G0T,75441.79,75441.79,20313438075.0,1270528.890385615,1753801739027,Synapse54,1753801739027,Synapse54
15,"G0V (Saint-Honore-De-Chicoutimi, QC)",G0V,90934.86,90934.86,24624561090.5,1237538.7672922572,1753801739027,Synapse54,1753801739027,Synapse54
16,"G0W (Saint-Bruno-Lac-Saint-Jean, QC)",G0W,83486.69,83486.69,380327320475.0,4323366.579971259,1753801739027,Synapse54,1753801739027,Synapse54
17,"G0X (Notre-Dame-Du-Mont-Carmel, QC)",G0X,77630.04,77630.04,39978887685.5,2171889.905015521,1753801739027,Synapse54,1753801739027,Synapse54
18,"G0Y (Lac-Drolet, QC)",G0Y,72920.29,72920.29,3810924397.5,557635.8571484805,1753801739027,Synapse54,1753801739027,Synapse54
19,"G0Z (Daveluyville, QC)",G0Z,75729.18,75729.18,1313913827.0,254093.22841298912,1753801739027,Synapse54,1753801739027,Synapse54
20,"G1A (Quebec, QC)",G1A,0.0,0.0,82312.0,1266.954133788689,1753801739027,Synapse54,1753801739027,Synapse54
21,"G1B (Quebec, QC)",G1B,109741.8,109741.8,87273797.0,41431.67400838665,1753801739027,Synapse54,1753801739027,Synapse54
22,"G1C (Quebec, QC)",G1C,94485.02,94485.02,42832173.5,38990.399766328665,1753801739027,Synapse54,1753801739027,Synapse54
23,"G1E (Quebec, QC)",G1E,74750.89,74750.89,21963715.5,24460.60804483201,1753801739027,Synapse54,1753801739027,Synapse54
24,"G1G (Quebec, QC)",G1G,93909.25,93909.25,23261499.5,21244.010790424363,1753801739027,Synapse54,1753801739027,Synapse54
25,"G1H (Quebec, QC)",G1H,75458.66,75458.66,17070653.5,16728.070206687444,1753801739027,Synapse54,1753801739027,Synapse54
26,"G1J (Quebec, QC)",G1J,63017.26,63017.26,15486417.5,18318.282612942763,1753801739027,Synapse54,1753801739027,Synapse54
27,"G1K (Quebec, QC)",G1K,65005.15,65005.15,9532326.5,27604.32226056824,1753801739027,Synapse54,1753801739027,Synapse54
28,"G1L (Quebec, QC)",G1L,63053.72,63053.72,8545974.0,13500.51656374446,1753801739027,Synapse54,1753801739027,Synapse54
29,"G1M (Quebec, QC)",G1M,78316.54,78316.54,17720734.5,19033.029965482125,1753801739027,Synapse54,1753801739027,Synapse54
30,"G1N (Quebec, QC)",G1N,60602.18,60602.18,13120575.0,20830.816804197915,1753801739027,Synapse54,1753801739027,Synapse54
31,"G1P (Quebec, QC)",G1P,76150.82,76150.82,23560383.5,22665.24353657779,1753801739027,Synapse54,1753801739027,Synapse54
32,"G1R (Quebec, QC)",G1R,78454.64,78454.64,6291861.0,12661.880571938687,1753801739027,Synapse54,1753801739027,Synapse54
33,"G1S (Quebec, QC)",G1S,100068.49,100068.49,11216915.28125,15661.567182113036,1753801739027,Synapse54,1753801739027,Synapse54
34,"G1T (Quebec, QC)",G1T,167013.27,167013.27,7077771.5,17602.81541790566,1753801739027,Synapse54,1753801739027,Synapse54
35,"G1V (Quebec, QC)",G1V,69435.51,69435.51,15730102.0,17979.112647239195,1753801739027,Synapse54,1753801739027,Synapse54
36,"G1W (Quebec, QC)",G1W,113690.46,113690.46,17198639.5,21801.94208985731,1753801739027,Synapse54,1753801739027,Synapse54
37,"G1X (Quebec, QC)",G1X,100410.58,100410.58,27103326.0,27337.079999136095,1753801739027,Synapse54,1753801739027,Synapse54
38,"G1Y (Quebec, QC)",G1Y,134218.73,134218.73,14262450.5,17939.63034370007,1753801739027,Synapse54,1753801739027,Synapse54
39,"G2A (Quebec, QC)",G2A,98210.89,98210.89,47271562.5,46123.605864486206,1753801739027,Synapse54,1753801739027,Synapse54
40,"G2B (Quebec, QC)",G2B,93717.05,93717.05,24328924.5,22475.77399457994,1753801739027,Synapse54,1753801739027,Synapse54
41,"G2C (Quebec, QC)",G2C,100409.46,100409.46,18432837.5,23131.360190110616,1753801739027,Synapse54,1753801739027,Synapse54
42,"G2E (Quebec, QC)",G2E,101547.44,101547.44,27707972.5,23903.30796073271,1753801739027,Synapse54,1753801739027,Synapse54
43,"G2G (Quebec, QC)",G2G,104192.0,104192.0,101799470.5,45275.85044604026,1753801739027,Synapse54,1753801739027,Synapse54
44,"G2J (Quebec, QC)",G2J,80762.4,80762.4,5412144.5,9862.14108739791,1753801739027,Synapse54,1753801739027,Synapse54
45,"G2K (Quebec, QC)",G2K,101935.98,101935.98,30349819.5,31745.12588440936,1753801739027,Synapse54,1753801739027,Synapse54
46,"G2L (Quebec, QC)",G2L,105180.6,105180.6,25127554.5,22805.966601331882,1753801739027,Synapse54,1753801739027,Synapse54
47,"G2M (Quebec, QC)",G2M,120562.37,120562.37,44779584.0,34604.08492657024,1753801739027,Synapse54,1753801739027,Synapse54
48,"G2N (Quebec, QC)",G2N,101415.18,101415.18,31035228.5,31796.238354131285,1753801739027,Synapse54,1753801739027,Synapse54
49,"G3A (St-Augustin-De-Desmaures, QC)",G3A,135412.55,135412.55,188876871.0,74472.4753726992,1753801739027,Synapse54,1753801739027,Synapse54
50,"G3B (Lac-Beauport, QC)",G3B,159887.16,159887.16,139197319.5,64423.23371099803,1753801739027,Synapse54,1753801739027,Synapse54
51,"G3C (Stoneham-Et-Tewkesbury, QC)",G3C,120654.51,120654.51,1330849498.5,175874.56931808186,1753801739027,Synapse54,1753801739027,Synapse54
52,"G3E (Quebec, QC)",G3E,112295.2,112295.2,18489209.0,20620.301807363456,1753801739027,Synapse54,1753801739027,Synapse54
53,"G3G (Quebec, QC)",G3G,100390.1,100390.1,83002473.0,53192.861834286385,1753801739027,Synapse54,1753801739027,Synapse54
54,"G3H (Pont-Rouge, QC)",G3H,96383.78,96383.78,279179695.0,100842.62742278028,1753801739027,Synapse54,1753801739027,Synapse54
55,"G3J (Quebec, QC)",G3J,97246.45,97246.45,85589532.0,54640.87343863765,1753801739027,Synapse54,1753801739027,Synapse54
56,"G3K (Quebec, QC)",G3K,111529.48,111529.48,66926850.0,43417.9629367511,1753801739027,Synapse54,1753801739027,Synapse54
57,"G3L (Saint-Raymond, QC)",G3L,83593.24,83593.24,2499240685.5,293711.66523440205,1753801739027,Synapse54,1753801739027,Synapse54
58,"G3M (Donnacona, QC)",G3M,81403.39,81403.39,76895468.5,38932.06578942634,1753801739027,Synapse54,1753801739027,Synapse54
59,"G3N (Ste-Catherine-De-La-J-Cartier, QC)",G3N,118692.39,118692.39,179093818.5,91193.27748891739,1753801739027,Synapse54,1753801739027,Synapse54
60,"G3S (Quebec, QC)",G3S,131250.31,131250.31,162242772.5,88360.35793053103,1753801739027,Synapse54,1753801739027,Synapse54
61,"G3Z (Baie-Saint-Paul, QC)",G3Z,76509.88,76509.88,1221045873.0,165284.53951195258,1753801739027,Synapse54,1753801739027,Synapse54
62,"G4A (Clermont, QC)",G4A,77315.99,77315.99,1226794529.0,167560.43929327332,1753801739027,Synapse54,1753801739027,Synapse54
63,"G4R (Sept-Iles, QC)",G4R,96508.02,96508.02,1888740693.0195312,364416.3918226564,1753801739027,Synapse54,1753801739027,Synapse54
64,"G4S (Sept-Iles, QC)",G4S,101560.97,101560.97,13736729.5,31952.335224803264,1753801739027,Synapse54,1753801739027,Synapse54
65,"G4T (Les Iles-De-La-Madeleine, QC)",G4T,92295.08,92295.08,500054815.0,511013.5871236407,1753801739027,Synapse54,1753801739027,Synapse54
66,"G4V (Sainte-Anne-Des-Monts, QC)",G4V,68660.24,68660.24,780273522.0,168670.12216022852,1753801739027,Synapse54,1753801739027,Synapse54
67,"G4W (Matane, QC)",G4W,70047.72,70047.72,466220652.0,100520.51806568402,1753801739027,Synapse54,1753801739027,Synapse54
68,"G4X (Gaspe, QC)",G4X,83283.04,83283.04,2615126201.546875,406673.89112098655,1753801739027,Synapse54,1753801739027,Synapse54
69,"G4Z (Baie-Comeau, QC)",G4Z,94361.66,94361.66,1669244051.0,336717.80497552885,1753801739027,Synapse54,1753801739027,Synapse54
70,"G5A (La Malbaie, QC)",G5A,77045.89,77045.89,905867526.5,176911.55690727945,1753801739027,Synapse54,1753801739027,Synapse54
71,"G5B (Port-Cartier, QC)",G5B,102668.99,102668.99,742256392.5,203831.72178845698,1753801739027,Synapse54,1753801739027,Synapse54
72,"G5C (Baie-Comeau, QC)",G5C,89222.73,89222.73,78061848.0,48691.63220890317,1753801739027,Synapse54,1753801739027,Synapse54
73,"G5H (Mont-Joli, QC)",G5H,67761.74,67761.74,128376656.5,53923.191144203476,1753801739027,Synapse54,1753801739027,Synapse54
74,"G5J (Amqui, QC)",G5J,74258.05,74258.05,310530648.5,97437.56642828621,1753801739027,Synapse54,1753801739027,Synapse54
75,"G5L (Rimouski, QC)",G5L,70546.26,70546.26,115966883.0,88926.49071239203,1753801739027,Synapse54,1753801739027,Synapse54
76,"G5M (Rimouski, QC)",G5M,95546.28,95546.28,66332097.0,52169.63739391678,1753801739027,Synapse54,1753801739027,Synapse54
77,"G5N (Rimouski, QC)",G5N,97230.76,97230.76,414167429.0,104413.83144964176,1753801739027,Synapse54,1753801739027,Synapse54
78,"G5R (Riviere-Du-Loup, QC)",G5R,81283.6,81283.6,182737573.0,77061.18159356514,1753801739027,Synapse54,1753801739027,Synapse54
79,"G5T (Degelis, QC)",G5T,69877.17,69877.17,1107888892.0,146757.59518407704,1753801739027,Synapse54,1753801739027,Synapse54
80,"G5V (Montmagny, QC)",G5V,69550.6,69550.6,282245095.0,82682.88684580137,1753801739027,Synapse54,1753801739027,Synapse54
81,"G5X (Beauceville, QC)",G5X,80405.93,80405.93,336857190.0,91090.00846556539,1753801739027,Synapse54,1753801739027,Synapse54
82,"G5Y (Saint-Georges, QC)",G5Y,73340.03,73340.03,169548327.0,148240.89990521545,1753801739027,Synapse54,1753801739027,Synapse54
83,"G5Z (Saint-Georges, QC)",G5Z,93497.61,93497.61,219710089.0,133870.3845435117,1753801739027,Synapse54,1753801739027,Synapse54
84,"G6A (Saint-Georges, QC)",G6A,105268.57,105268.57,12731588.0,28099.846637013223,1753801739027,Synapse54,1753801739027,Synapse54
85,"G6B (Lac-Megantic, QC)",G6B,72425.3,72425.3,525968305.0,147830.6226949515,1753801739027,Synapse54,1753801739027,Synapse54
86,"G6C (Pintendre, QC)",G6C,98737.74,98737.74,171728656.5,62758.50767570228,1753801739027,Synapse54,1753801739027,Synapse54
87,"G6E (Sainte-Marie, QC)",G6E,92809.54,92809.54,242749292.5,88129.38426536831,1753801739027,Synapse54,1753801739027,Synapse54
88,"G6G (Thetford Mines, QC)",G6G,68814.46,68814.46,432553661.5,137866.85051543516,1753801739027,Synapse54,1753801739027,Synapse54
89,"G6H (Thetford Mines, QC)",G6H,71615.34,71615.34,381525955.5,208711.52055490302,1753801739027,Synapse54,1753801739027,Synapse54
90,"G6J (Saint-Etienne-De-Lauzon, QC)",G6J,102106.2,102106.2,170941088.5,68005.84099520143,1753801739027,Synapse54,1753801739027,Synapse54
91,"G6K (Saint-Redempteur, QC)",G6K,120191.82,120191.82,8847420.0,13869.752401834681,1753801739027,Synapse54,1753801739027,Synapse54
92,"G6L (Plessisville, QC)",G6L,72106.0,72106.0,727703425.5,150480.86599396955,1753801739027,Synapse54,1753801739027,Synapse54
93,"G6P (Victoriaville, QC)",G6P,66556.08,66556.08,43162857.0,67077.33804588739,1753801739027,Synapse54,1753801739027,Synapse54
94,"G6R (Victoriaville, QC)",G6R,97592.55,97592.55,111890007.5,67049.5189257073,1753801739027,Synapse54,1753801739027,Synapse54
95,"G6S (Victoriaville, QC)",G6S,88930.13,88930.13,93883157.5,65606.32420350032,1753801739027,Synapse54,1753801739027,Synapse54
96,"G6T (Victoriaville, QC)",G6T,96457.55,96457.55,97646146.0,79862.46403678902,1753801739027,Synapse54,1753801739027,Synapse54
97,"G6V (Levis, QC)",G6V,79402.43,79402.43,51005706.5,85820.66591178898,1753801739027,Synapse54,1753801739027,Synapse54
98,"G6W (Levis, QC)",G6W,92583.44,92583.44,54365583.5,57031.8227070878,1753801739027,Synapse54,1753801739027,Synapse54
99,"G6X (Levis, QC)",G6X,83158.69,83158.69,17532207.0,18566.178953389182,1753801739027,Synapse54,1753801739027,Synapse54
100,"G6Y (Levis, QC)",G6Y,108500.78,108500.78,48673784.5,36076.08982567784,1753801739027,Synapse54,1753801739027,Synapse54
101,"G6Z (Saint-Jean-Chrysostome, QC)",G6Z,120195.95,120195.95,206313300.5,81637.94553350794,1753801739027,Synapse54,1753801739027,Synapse54
102,"G7A (Saint-Nicolas, QC)",G7A,122791.51,122791.51,206385794.0,76585.07395132218,1753801739027,Synapse54,1753801739027,Synapse54
103,"G7B (La Baie, QC)",G7B,87446.99,87446.99,731098795.5,122236.04683671948,1753801739027,Synapse54,1753801739027,Synapse54
104,"G7G (Chicoutimi, QC)",G7G,95295.3,95295.3,83451590.0,72026.82978856695,1753801739027,Synapse54,1753801739027,Synapse54
105,"G7H (Chicoutimi, QC)",G7H,86130.86,86130.86,335780132.5,155297.87503251838,1753801739027,Synapse54,1753801739027,Synapse54
106,"G7J (Chicoutimi, QC)",G7J,83356.34,83356.34,48516569.0,31553.718168111947,1753801739027,Synapse54,1753801739027,Synapse54
107,"G7K (Chicoutimi, QC)",G7K,94863.07,94863.07,13787400.5,25129.491914885974,1753801739027,Synapse54,1753801739027,Synapse54
108,"G7N (Laterriere, QC)",G7N,114428.08,114428.08,572266521.5,131134.86527943268,1753801739027,Synapse54,1753801739027,Synapse54
109,"G7P (Chicoutimi, QC)",G7P,95384.96,95384.96,535052258.5,133662.40227307807,1753801739027,Synapse54,1753801739027,Synapse54
110,"G7S (Jonquiere, QC)",G7S,105444.71,105444.71,90965725.5,53543.07738017431,1753801739027,Synapse54,1753801739027,Synapse54
111,"G7T (Jonquiere, QC)",G7T,108426.86,108426.86,11024436.0,23113.794147733155,1753801739027,Synapse54,1753801739027,Synapse54
112,"G7X (Jonquiere, QC)",G7X,76960.81,76960.81,675028246.5,279259.2165036962,1753801739027,Synapse54,1753801739027,Synapse54
113,"G7Y (Jonquiere, QC)",G7Y,102384.01,102384.01,28364189.0,37375.76013155794,1753801739027,Synapse54,1753801739027,Synapse54
114,"G7Z (Jonquiere, QC)",G7Z,109821.45,109821.45,16183341.0,21290.870310459137,1753801739027,Synapse54,1753801739027,Synapse54
115,"G8A (Jonquiere, QC)",G8A,84742.66,84742.66,52092756.5,55678.19403946566,1753801739027,Synapse54,1753801739027,Synapse54
116,"G8B (Alma, QC)",G8B,76633.08,76633.08,297457310.0,211237.01895446505,1753801739027,Synapse54,1753801739027,Synapse54
117,"G8C (Alma, QC)",G8C,103471.77,103471.77,47590945.0,51183.77436174367,1753801739027,Synapse54,1753801739027,Synapse54
118,"G8E (Alma, QC)",G8E,91149.94,91149.94,198550679.5,111351.61663855895,1753801739027,Synapse54,1753801739027,Synapse54
119,"G8G (Metabetchouan-Lac-A-La-Croix, QC)",G8G,82161.22,82161.22,435537293.5,100773.33142038128,1753801739027,Synapse54,1753801739027,Synapse54
120,"G8H (Roberval, QC)",G8H,76843.68,76843.68,543189787.1757812,135904.14248114204,1753801739027,Synapse54,1753801739027,Synapse54
121,"G8J (Chicoutimi, QC)",G8J,80554.14,80554.14,2344096837.0,302744.5493028244,1753801739027,Synapse54,1753801739027,Synapse54
122,"G8K (Saint-Felicien, QC)",G8K,80003.32,80003.32,860422895.5,186957.39961478047,1753801739027,Synapse54,1753801739027,Synapse54
123,"G8L (Dolbeau-Mistassini, QC)",G8L,75015.54,75015.54,3537542888.8203125,527284.6001355818,1753801739027,Synapse54,1753801739027,Synapse54
124,"G8M (Normandin, QC)",G8M,81387.53,81387.53,1017813603.5,185656.56193391615,1753801739027,Synapse54,1753801739027,Synapse54
125,"G8N (Hebertville, QC)",G8N,84692.52,84692.52,473865737.0,121456.61747790436,1753801739027,Synapse54,1753801739027,Synapse54
126,"G8P (Chibougamau, QC)",G8P,90744.58,90744.58,2435879767.5,197043.63571528325,1753801739027,Synapse54,1753801739027,Synapse54
127,"G8T (Trois-Rivieres, QC)",G8T,67034.39,67034.39,53667241.0,76442.1934749919,1753801739027,Synapse54,1753801739027,Synapse54
128,"G8V (Trois-Rivieres, QC)",G8V,95742.68,95742.68,104632608.0,66015.1834431966,1753801739027,Synapse54,1753801739027,Synapse54
129,"G8W (Trois-Rivieres, QC)",G8W,90079.18,90079.18,128446737.0,76697.25349343411,1753801739027,Synapse54,1753801739027,Synapse54
130,"G8Y (Trois-Rivieres, QC)",G8Y,86444.66,86444.66,45724725.5,37933.330899285655,1753801739027,Synapse54,1753801739027,Synapse54
131,"G8Z (Trois-Rivieres, QC)",G8Z,58581.8,58581.8,16678138.0,22099.08240994394,1753801739027,Synapse54,1753801739027,Synapse54
132,"G9A (Trois-Rivieres, QC)",G9A,55369.95,55369.95,105086814.0,113245.62209754915,1753801739027,Synapse54,1753801739027,Synapse54
133,"G9B (Trois-Rivieres, QC)",G9B,104507.75,104507.75,216934834.5,89385.35803757486,1753801739027,Synapse54,1753801739027,Synapse54
134,"G9C (Trois-Rivieres, QC)",G9C,107804.91,107804.91,12875179.0,26201.339674832936,1753801739027,Synapse54,1753801739027,Synapse54
135,"G9H (Becancour, QC)",G9H,93104.86,93104.86,965246378.5,214717.67022828877,1753801739027,Synapse54,1753801739027,Synapse54
136,"G9N (Shawinigan, QC)",G9N,58087.78,58087.78,149583035.5,113854.1611209567,1753801739027,Synapse54,1753801739027,Synapse54
137,"G9P (Shawinigan, QC)",G9P,73285.3,73285.3,32510118.0,38949.97843748969,1753801739027,Synapse54,1753801739027,Synapse54
138,"G9R (Shawinigan, QC)",G9R,90943.78,90943.78,156430596.5,105284.31387222232,1753801739027,Synapse54,1753801739027,Synapse54
139,"G9T (Grand-Mere, QC)",G9T,67207.82,67207.82,175921560.5,90399.15322236488,1753801739027,Synapse54,1753801739027,Synapse54
140,"G9X (La Tuque, QC)",G9X,75004.7,75004.7,4798536478.5,388015.362952818,1753801739027,Synapse54,1753801739027,Synapse54
141,"H0M (Akwesasne, QC)",H0M,0.0,0.0,4195699.0,36371.52492841964,1753801739027,Synapse54,1753801739027,Synapse54
142,"H1A (Montreal, QC)",H1A,86050.93,86050.93,32047972.5,27217.161718354222,1753801739027,Synapse54,1753801739027,Synapse54
143,"H1B (Montreal, QC)",H1B,77616.95,77616.95,42382103.0,29920.24369847441,1753801739027,Synapse54,1753801739027,Synapse54
144,"H1C (Montreal, QC)",H1C,121179.13,121179.13,26679819.5,25870.587310829436,1753801739027,Synapse54,1753801739027,Synapse54
145,"H1E (Montreal, QC)",H1E,90498.05,90498.05,29995565.0,23264.2709841518,1753801739027,Synapse54,1753801739027,Synapse54
146,"H1G (Montreal, QC)",H1G,68141.34,68141.34,16132403.5,17322.15503203977,1753801739027,Synapse54,1753801739027,Synapse54
147,"H1H (Montreal, QC)",H1H,65245.93,65245.93,10210927.5,13709.108640935121,1753801739027,Synapse54,1753801739027,Synapse54
148,"H1J (Montreal, QC)",H1J,88613.75,88613.75,18502722.0,18581.449355666224,1753801739027,Synapse54,1753801739027,Synapse54
149,"H1K (Montreal, QC)",H1K,90191.31,90191.31,12667226.5,15052.99246391506,1753801739027,Synapse54,1753801739027,Synapse54
150,"H1L (Montreal, QC)",H1L,75193.78,75193.78,13596541.5,17573.19469361058,1753801739027,Synapse54,1753801739027,Synapse54
151,"H1M (Montreal, QC)",H1M,81515.23,81515.23,10690212.5,15457.65729265879,1753801739027,Synapse54,1753801739027,Synapse54
152,"H1N (Montreal, QC)",H1N,71879.34,71879.34,114734629.5,108616.9951420107,1753801739027,Synapse54,1753801739027,Synapse54
153,"H1P (Montreal, QC)",H1P,84396.94,84396.94,10601632.5,14342.38560083787,1753801739027,Synapse54,1753801739027,Synapse54
154,"H1R (Montreal, QC)",H1R,85236.62,85236.62,9518827.0,14180.86920094836,1753801739027,Synapse54,1753801739027,Synapse54
155,"H1S (Montreal, QC)",H1S,73843.18,73843.18,7438851.0,13261.062397135287,1753801739027,Synapse54,1753801739027,Synapse54
156,"H1T (Montreal, QC)",H1T,78293.44,78293.44,8407123.5,15836.037610683787,1753801739027,Synapse54,1753801739027,Synapse54
157,"H1V (Montreal, QC)",H1V,74910.21,74910.21,6852649.0,10988.833869692491,1753801739027,Synapse54,1753801739027,Synapse54
158,"H1W (Montreal, QC)",H1W,70793.8,70793.8,6100526.0,11263.239274717751,1753801739027,Synapse54,1753801739027,Synapse54
159,"H1X (Montreal, QC)",H1X,75864.73,75864.73,8450164.0,13619.608619583656,1753801739027,Synapse54,1753801739027,Synapse54
160,"H1Y (Montreal, QC)",H1Y,87551.94,87551.94,5352874.0,10916.549919811729,1753801739027,Synapse54,1753801739027,Synapse54
161,"H1Z (Montreal, QC)",H1Z,63523.4,63523.4,14307589.5,14883.881987328181,1753801739027,Synapse54,1753801739027,Synapse54
162,"H2A (Montreal, QC)",H2A,64540.71,64540.71,4232942.0,8758.55230005682,1753801739027,Synapse54,1753801739027,Synapse54
163,"H2B (Montreal, QC)",H2B,75128.96,75128.96,5947505.5,9676.70118562271,1753801739027,Synapse54,1753801739027,Synapse54
164,"H2C (Montreal, QC)",H2C,90485.9,90485.9,5556278.0,9971.926462140602,1753801739027,Synapse54,1753801739027,Synapse54
165,"H2E (Montreal, QC)",H2E,69160.6,69160.6,3830518.5,8073.841629300861,1753801739027,Synapse54,1753801739027,Synapse54
166,"H2G (Montreal, QC)",H2G,81052.44,81052.44,4217958.5,9248.80721597901,1753801739027,Synapse54,1753801739027,Synapse54
167,"H2H (Montreal, QC)",H2H,84938.69,84938.69,2682198.0,6982.709947140798,1753801739027,Synapse54,1753801739027,Synapse54
168,"H2J (Montreal, QC)",H2J,95843.21,95843.21,3975815.0,8085.511309426667,1753801739027,Synapse54,1753801739027,Synapse54
169,"H2K (Montreal, QC)",H2K,69077.83,69077.83,5762510.0,9775.787359183401,1753801739027,Synapse54,1753801739027,Synapse54
170,"H2L (Montreal, QC)",H2L,78671.94,78671.94,5652250.0,10530.305700195246,1753801739027,Synapse54,1753801739027,Synapse54
171,"H2M (Montreal, QC)",H2M,84206.6,84206.6,6840427.0,11504.156734199103,1753801739027,Synapse54,1753801739027,Synapse54
172,"H2N (Montreal, QC)",H2N,70317.74,70317.74,2336770.0,6414.770804238481,1753801739027,Synapse54,1753801739027,Synapse54
173,"H2P (Montreal, QC)",H2P,86397.29,86397.29,3440041.0,8481.97690702558,1753801739027,Synapse54,1753801739027,Synapse54
174,"H2R (Montreal, QC)",H2R,88672.29,88672.29,4573627.0,8588.564684485442,1753801739027,Synapse54,1753801739027,Synapse54
175,"H2S (Montreal, QC)",H2S,87706.1,87706.1,5062352.5,9483.95666520098,1753801739027,Synapse54,1753801739027,Synapse54
176,"H2T (Montreal, QC)",H2T,89536.32,89536.32,2792933.0,7309.603445409373,1753801739027,Synapse54,1753801739027,Synapse54
177,"H2V (Montreal, QC)",H2V,173583.24,173583.24,9406781.5,15649.479624539856,1753801739027,Synapse54,1753801739027,Synapse54
178,"H2W (Montreal, QC)",H2W,83828.43,83828.43,2122029.5,6886.736160398394,1753801739027,Synapse54,1753801739027,Synapse54
179,"H2X (Montreal, QC)",H2X,61395.8,61395.8,3260860.5,9016.990098210114,1753801739027,Synapse54,1753801739027,Synapse54
180,"H2Y (Montreal, QC)",H2Y,144488.77,144488.77,1658875.0,7811.331119881591,1753801739027,Synapse54,1753801739027,Synapse54
181,"H2Z (Montreal, QC)",H2Z,97077.9,97077.9,598367.5,3228.1201023826216,1753801739027,Synapse54,1753801739027,Synapse54
182,"H3A (Montreal, QC)",H3A,78224.02,78224.02,1952640.0,8051.6260641867375,1753801739027,Synapse54,1753801739027,Synapse54
183,"H3B (Montreal, QC)",H3B,75928.24,75928.24,927950.0,5036.520981944944,1753801739027,Synapse54,1753801739027,Synapse54
184,"H3C (Montreal, QC)",H3C,105240.45,105240.45,17209727.0,33681.90517416176,1753801739027,Synapse54,1753801739027,Synapse54
185,"H3E (Montreal, QC)",H3E,158409.39,158409.39,9825716.5,14615.034290309737,1753801739027,Synapse54,1753801739027,Synapse54
186,"H3G (Montreal, QC)",H3G,105916.05,105916.05,2139910.0,8520.81981818768,1753801739027,Synapse54,1753801739027,Synapse54
187,"H3H (Montreal, QC)",H3H,71332.84,71332.84,5138945.5,17420.06994824536,1753801739027,Synapse54,1753801739027,Synapse54
188,"H3J (Montreal, QC)",H3J,104724.46,104724.46,2674031.0,6742.466153977455,1753801739027,Synapse54,1753801739027,Synapse54
189,"H3K (Montreal, QC)",H3K,93352.16,93352.16,6571158.0,11318.657050191392,1753801739027,Synapse54,1753801739027,Synapse54
190,"H3L (Montreal, QC)",H3L,95816.25,95816.25,8682987.0,13055.356607199148,1753801739027,Synapse54,1753801739027,Synapse54
191,"H3M (Montreal, QC)",H3M,86633.36,86633.36,5900605.5,11105.82837103115,1753801739027,Synapse54,1753801739027,Synapse54
192,"H3N (Montreal, QC)",H3N,58139.05,58139.05,3362662.5,8891.918324885475,1753801739027,Synapse54,1753801739027,Synapse54
193,"H3P (Montreal, QC)",H3P,214856.45,214856.45,5651704.5,9798.453260458433,1753801739027,Synapse54,1753801739027,Synapse54
194,"H3R (Montreal, QC)",H3R,254071.23,254071.23,5400500.0,9553.23690396402,1753801739027,Synapse54,1753801739027,Synapse54
195,"H3S (Montreal, QC)",H3S,75799.25,75799.25,5351564.5,9656.774003388971,1753801739027,Synapse54,1753801739027,Synapse54
196,"H3T (Montreal, QC)",H3T,72554.22,72554.22,3607516.5,8899.065890536858,1753801739027,Synapse54,1753801739027,Synapse54
197,"H3V (Montreal, QC)",H3V,67262.87,67262.87,3676769.0,9340.08432806038,1753801739027,Synapse54,1753801739027,Synapse54
198,"H3W (Montreal, QC)",H3W,83298.87,83298.87,5569083.5,12464.00419712417,1753801739027,Synapse54,1753801739027,Synapse54
199,"H3X (Montreal, QC)",H3X,137255.22,137255.22,8676070.0,13038.712105834822,1753801739027,Synapse54,1753801739027,Synapse54
200,"H3Y (Montreal, QC)",H3Y,668926.83,668926.83,5680936.5,10400.46779440301,1753801739027,Synapse54,1753801739027,Synapse54
201,"H3Z (Montreal, QC)",H3Z,167074.09,167074.09,2971245.0,7979.12833061372,1753801739027,Synapse54,1753801739027,Synapse54
202,"H4A (Montreal, QC)",H4A,123877.83,123877.83,6339669.0,10830.775097279686,1753801739027,Synapse54,1753801739027,Synapse54
203,"H4B (Montreal, QC)",H4B,78911.25,78911.25,5495449.5,11430.593825626274,1753801739027,Synapse54,1753801739027,Synapse54
204,"H4C (Montreal, QC)",H4C,84737.33,84737.33,10079054.5,19231.90024241674,1753801739027,Synapse54,1753801739027,Synapse54
205,"H4E (Montreal, QC)",H4E,73974.54,73974.54,10446763.5,18116.080205740356,1753801739027,Synapse54,1753801739027,Synapse54
206,"H4G (Verdun, QC)",H4G,77650.58,77650.58,6200126.5,10435.627645908377,1753801739027,Synapse54,1753801739027,Synapse54
207,"H4H (Verdun, QC)",H4H,90722.75,90722.75,6500184.5,11023.978149390903,1753801739027,Synapse54,1753801739027,Synapse54
208,"H4J (Montreal, QC)",H4J,78040.51,78040.51,6400914.5,12111.703398579217,1753801739027,Synapse54,1753801739027,Synapse54
209,"H4K (Montreal, QC)",H4K,135029.53,135029.53,10268900.0,15365.586434704945,1753801739027,Synapse54,1753801739027,Synapse54
210,"H4L (Montreal, QC)",H4L,80139.12,80139.12,10499306.5,13425.367090877367,1753801739027,Synapse54,1753801739027,Synapse54
211,"H4M (Montreal, QC)",H4M,107980.43,107980.43,6193041.5,11376.386905744941,1753801739027,Synapse54,1753801739027,Synapse54
212,"H4N (Montreal, QC)",H4N,68134.31,68134.31,11515200.0,17692.530830513202,1753801739027,Synapse54,1753801739027,Synapse54
213,"H4P (Montreal, QC)",H4P,82744.15,82744.15,7616644.5,13917.162705093007,1753801739027,Synapse54,1753801739027,Synapse54
214,"H4R (Montreal, QC)",H4R,134347.2,134347.2,19778627.5,19925.041667183443,1753801739027,Synapse54,1753801739027,Synapse54
215,"H4S (Montreal, QC)",H4S,207886.04,207886.04,25736787.0,27350.179631335064,1753801739027,Synapse54,1753801739027,Synapse54
216,"H4T (Montreal, QC)",H4T,105717.07,105717.07,12913673.5,17286.679172996657,1753801739027,Synapse54,1753801739027,Synapse54
217,"H4V (Montreal, QC)",H4V,85001.52,85001.52,4860370.5,9490.823388671204,1753801739027,Synapse54,1753801739027,Synapse54
218,"H4W (Montreal, QC)",H4W,110018.76,110018.76,15741448.0,18055.60507168441,1753801739027,Synapse54,1753801739027,Synapse54
219,"H4X (Montreal, QC)",H4X,155728.98,155728.98,3272580.5,9711.337741501437,1753801739027,Synapse54,1753801739027,Synapse54
220,"H4Y (Pointe-Claire-Dorval, QC)",H4Y,0.0,0.0,13605865.0,21906.491759391112,1753801739027,Synapse54,1753801739027,Synapse54
221,"H4Z (Montreal, QC)",H4Z,82663.01,82663.01,48269.5,1084.0077881690113,1753801739027,Synapse54,1753801739027,Synapse54
222,"H5A (Montreal, QC)",H5A,0.0,0.0,70328.5,1077.3693943590201,1753801739027,Synapse54,1753801739027,Synapse54
223,"H5B (Montreal, QC)",H5B,95548.51,95548.51,69225.0,1241.39561389562,1753801739027,Synapse54,1753801739027,Synapse54
224,"H7A (Laval, QC)",H7A,108099.05,108099.05,55986161.0,35792.476329694015,1753801739027,Synapse54,1753801739027,Synapse54
225,"H7B (Laval, QC)",H7B,105783.24,105783.24,12833492.0,19465.102961418776,1753801739027,Synapse54,1753801739027,Synapse54
226,"H7C (Laval, QC)",H7C,86445.79,86445.79,26706438.0,33344.532757897236,1753801739027,Synapse54,1753801739027,Synapse54
227,"H7E (Laval, QC)",H7E,123008.12,123008.12,58603236.5,49715.749208773435,1753801739027,Synapse54,1753801739027,Synapse54
228,"H7G (Laval, QC)",H7G,88731.9,88731.9,12923832.5,19204.029301455565,1753801739027,Synapse54,1753801739027,Synapse54
229,"H7H (Laval, QC)",H7H,112583.46,112583.46,15956758.0,19199.605061874256,1753801739027,Synapse54,1753801739027,Synapse54
230,"H7J (Laval, QC)",H7J,114274.43,114274.43,53323302.0,33198.313020576155,1753801739027,Synapse54,1753801739027,Synapse54
231,"H7K (Laval, QC)",H7K,123076.64,123076.64,30865320.0,25890.412217277662,1753801739027,Synapse54,1753801739027,Synapse54
232,"H7L (Laval, QC)",H7L,122971.02,122971.02,44625160.0,29614.545742793118,1753801739027,Synapse54,1753801739027,Synapse54
233,"H7M (Laval, QC)",H7M,99196.24,99196.24,21060041.0,20135.878363934327,1753801739027,Synapse54,1753801739027,Synapse54
234,"H7N (Laval, QC)",H7N,77052.48,77052.48,22733173.5,31142.9739798465,1753801739027,Synapse54,1753801739027,Synapse54
235,"H7P (Laval, QC)",H7P,109613.11,109613.11,39418609.5,29119.748261948425,1753801739027,Synapse54,1753801739027,Synapse54
236,"H7R (Laval, QC)",H7R,108940.27,108940.27,39328921.5,33526.83151448517,1753801739027,Synapse54,1753801739027,Synapse54
237,"H7S (Laval, QC)",H7S,81764.33,81764.33,10962382.0,13461.308964386186,1753801739027,Synapse54,1753801739027,Synapse54
238,"H7T (Laval, QC)",H7T,94348.2,94348.2,19220992.5,21847.72561749218,1753801739027,Synapse54,1753801739027,Synapse54
239,"H7V (Laval, QC)",H7V,69084.24,69084.24,13084368.0,17090.83415240245,1753801739027,Synapse54,1753801739027,Synapse54
240,"H7W (Laval, QC)",H7W,85334.68,85334.68,21296664.5,20542.33134907331,1753801739027,Synapse54,1753801739027,Synapse54
241,"H7X (Laval, QC)",H7X,128914.24,128914.24,31137712.0,25106.867662548826,1753801739027,Synapse54,1753801739027,Synapse54
242,"H7Y (Laval, QC)",H7Y,151053.89,151053.89,14444971.0,18869.75173232823,1753801739027,Synapse54,1753801739027,Synapse54
243,"H8N (Lasalle, QC)",H8N,76634.81,76634.81,14389471.0,18103.010513945057,1753801739027,Synapse54,1753801739027,Synapse54
244,"H8P (Lasalle, QC)",H8P,82379.79,82379.79,21862717.5,20668.285538772176,1753801739027,Synapse54,1753801739027,Synapse54
245,"H8R (Lasalle, QC)",H8R,73022.32,73022.32,18116586.5,27293.21202861797,1753801739027,Synapse54,1753801739027,Synapse54
246,"H8S (Lasalle, QC)",H8S,74481.6,74481.6,19856874.0,24144.754425147134,1753801739027,Synapse54,1753801739027,Synapse54
247,"H8T (Pointe-Claire-Dorval, QC)",H8T,106024.3,106024.3,21610415.0,20729.17122189251,1753801739027,Synapse54,1753801739027,Synapse54
248,"H8Y (Roxboro, QC)",H8Y,98269.05,98269.05,14039619.0,22252.616674527148,1753801739027,Synapse54,1753801739027,Synapse54
249,"H8Z (Roxboro, QC)",H8Z,99572.93,99572.93,11082242.5,14451.759662340886,1753801739027,Synapse54,1753801739027,Synapse54
250,"H9A (Pierrefonds, QC)",H9A,138357.33,138357.33,9353959.0,13155.163982221264,1753801739027,Synapse54,1753801739027,Synapse54
251,"H9B (Roxboro, QC)",H9B,109978.16,109978.16,14796114.0,18421.91025899604,1753801739027,Synapse54,1753801739027,Synapse54
252,"H9C (Pierrefonds, QC)",H9C,154657.88,154657.88,24503744.5,20531.792890304176,1753801739027,Synapse54,1753801739027,Synapse54
253,"H9E (Pierrefonds, QC)",H9E,146654.31,146654.31,42250333.0,27083.5790617143,1753801739027,Synapse54,1753801739027,Synapse54
254,"H9G (Pointe-Claire-Dorval, QC)",H9G,125128.43,125128.43,8457140.5,12464.539249179079,1753801739027,Synapse54,1753801739027,Synapse54
255,"H9H (Pierrefonds, QC)",H9H,121993.33,121993.33,19613903.5,23879.67204388559,1753801739027,Synapse54,1753801739027,Synapse54
256,"H9J (Pierrefonds, QC)",H9J,137688.32,137688.32,17167469.0,23970.816444803262,1753801739027,Synapse54,1753801739027,Synapse54
257,"H9K (Pierrefonds, QC)",H9K,135885.03,135885.03,30500131.5,26824.382930325875,1753801739027,Synapse54,1753801739027,Synapse54
258,"H9P (Pointe-Claire-Dorval, QC)",H9P,105993.0,105993.0,19498535.0,39692.170261991225,1753801739027,Synapse54,1753801739027,Synapse54
259,"H9R (Pointe-Claire-Dorval, QC)",H9R,117435.15,117435.15,29882299.5,25305.84671237734,1753801739027,Synapse54,1753801739027,Synapse54
260,"H9S (Pointe-Claire-Dorval, QC)",H9S,125661.65,125661.65,78965867.0,44171.880466646624,1753801739027,Synapse54,1753801739027,Synapse54
261,"H9W (Beaconsfield, QC)",H9W,213513.3,213513.3,43852698.0,28888.96518701168,1753801739027,Synapse54,1753801739027,Synapse54
262,"H9X (Sainte-Anne-De-Bellevue, QC)",H9X,162929.38,162929.38,73291956.5,35517.603411509444,1753801739027,Synapse54,1753801739027,Synapse54
263,"J0A (Warwick, QC)",J0A,79822.71,79822.71,2834357143.0,359358.8229727042,1753801739027,Synapse54,1753801739027,Synapse54
264,"J0B (Richmond, QC)",J0B,87778.82,87778.82,10667378133.5,1065896.4278918828,1753801739027,Synapse54,1753801739027,Synapse54
265,"J0C (Saint-Germain-De-Grantham, QC)",J0C,81859.76,81859.76,2217789273.0,543899.6487326861,1753801739027,Synapse54,1753801739027,Synapse54
266,"J0E (Waterloo, QC)",J0E,95482.97,95482.97,4549634499.230469,648394.7017630582,1753801739027,Synapse54,1753801739027,Synapse54
267,"J0G (Saint-Francois-Du-Lac, QC)",J0G,78698.1,78698.1,2514787680.5,333340.5205009883,1753801739027,Synapse54,1753801739027,Synapse54
268,"J0H (Acton Vale, QC)",J0H,85239.42,85239.42,4017334345.9570312,538883.6400762808,1753801739027,Synapse54,1753801739027,Synapse54
269,"J0J (Napierville, QC)",J0J,87674.11,87674.11,3163504441.4609375,385870.6950955986,1753801739027,Synapse54,1753801739027,Synapse54
270,"J0K (Rawdon, QC)",J0K,76582.74,76582.74,29697039721.0,1406950.3334880418,1753801739027,Synapse54,1753801739027,Synapse54
271,"J0L (Saint-Amable, QC)",J0L,95611.46,95611.46,2780902762.0429688,596544.2844540038,1753801739027,Synapse54,1753801739027,Synapse54
272,"J0M (Chisasibi, QC)",J0M,106068.38,106068.38,2507274503756.0,24396187.397056405,1753801739027,Synapse54,1753801739027,Synapse54
273,"J0N (Sainte-Marthe-Sur-Le-Lac, QC)",J0N,104447.55,104447.55,341790001.0,92049.64421828423,1753801739027,Synapse54,1753801739027,Synapse54
274,"J0P (Saint-Zotique, QC)",J0P,102524.81,102524.81,1320873265.0,299819.56036801497,1753801739027,Synapse54,1753801739027,Synapse54
275,"J0R (Saint-Sauveur, QC)",J0R,104715.44,104715.44,549507968.0,153164.86554496005,1753801739027,Synapse54,1753801739027,Synapse54
276,"J0S (Sainte-Martine, QC)",J0S,81821.45,81821.45,3261392891.5,373681.8522427627,1753801739027,Synapse54,1753801739027,Synapse54
277,"J0T (Saint-Donat-De-Montcalm, QC)",J0T,80159.6,80159.6,10294024616.5,948593.2698027412,1753801739027,Synapse54,1753801739027,Synapse54
278,"J0V (Saint-Andre-Avellin, QC)",J0V,75307.82,75307.82,5169637352.5,604696.2148960141,1753801739027,Synapse54,1753801739027,Synapse54
279,"J0W (Lac-Des-Ecorces, QC)",J0W,69267.97,69267.97,72760667284.5,2116484.49890364,1753801739027,Synapse54,1753801739027,Synapse54
280,"J0X (Wakefield, QC)",J0X,85226.13,85226.13,18401542242.5,1302599.5812032141,1753801739027,Synapse54,1753801739027,Synapse54
281,"J0Y (Malartic, QC)",J0Y,92024.0,92024.0,223534310999.0,3278730.6722274064,1753801739027,Synapse54,1753801739027,Synapse54
282,"J0Z (Lorrainville, QC)",J0Z,86377.72,86377.72,59867601510.0,2216439.0400546975,1753801739027,Synapse54,1753801739027,Synapse54
283,"J1A (Coaticook, QC)",J1A,73035.75,73035.75,568143726.5,138682.11350637994,1753801739027,Synapse54,1753801739027,Synapse54
284,"J1C (Sherbrooke, QC)",J1C,90410.2,90410.2,148314795.5,58854.95341782354,1753801739027,Synapse54,1753801739027,Synapse54
285,"J1E (Sherbrooke, QC)",J1E,65173.73,65173.73,36392307.5,31305.785200373433,1753801739027,Synapse54,1753801739027,Synapse54
286,"J1G (Sherbrooke, QC)",J1G,79165.01,79165.01,23722537.5,26568.26494121696,1753801739027,Synapse54,1753801739027,Synapse54
287,"J1H (Sherbrooke, QC)",J1H,59531.87,59531.87,90156997.5,95524.0591322304,1753801739027,Synapse54,1753801739027,Synapse54
288,"J1J (Sherbrooke, QC)",J1J,92711.08,92711.08,14850239.5,21529.415696903085,1753801739027,Synapse54,1753801739027,Synapse54
289,"J1K (Sherbrooke, QC)",J1K,74233.38,74233.38,14646372.0,20632.820225363073,1753801739027,Synapse54,1753801739027,Synapse54
290,"J1L (Sherbrooke, QC)",J1L,77811.84,77811.84,27073074.0,24825.97616578884,1753801739027,Synapse54,1753801739027,Synapse54
291,"J1M (Sherbrooke, QC)",J1M,83170.21,83170.21,66319442.5,51850.27975629163,1753801739027,Synapse54,1753801739027,Synapse54
292,"J1N (Sherbrooke, QC)",J1N,103305.17,103305.17,196798113.5,75865.43435097949,1753801739027,Synapse54,1753801739027,Synapse54
293,"J1R (Sherbrooke, QC)",J1R,109854.14,109854.14,129969730.0,55500.89678544112,1753801739027,Synapse54,1753801739027,Synapse54
294,"J1S (Windsor, QC)",J1S,80334.4,80334.4,306725365.5,94080.75320925176,1753801739027,Synapse54,1753801739027,Synapse54
295,"J1T (Val-Des-Sources, QC)",J1T,61834.4,61834.4,94108625.0,49846.76465177346,1753801739027,Synapse54,1753801739027,Synapse54
296,"J1X (Magog, QC)",J1X,94648.82,94648.82,728921445.0,201253.21200864858,1753801739027,Synapse54,1753801739027,Synapse54
297,"J1Z (Saint-Cyrille-De-Wendover, QC)",J1Z,93605.44,93605.44,352999380.0,123836.95765720992,1753801739027,Synapse54,1753801739027,Synapse54
298,"J2A (Drummondville, QC)",J2A,90364.85,90364.85,210419353.0,83920.96306970775,1753801739027,Synapse54,1753801739027,Synapse54
299,"J2B (Drummondville, QC)",J2B,73570.49,73570.49,262759591.40234375,162201.91283563137,1753801739027,Synapse54,1753801739027,Synapse54
300,"J2C (Drummondville, QC)",J2C,75839.36,75839.36,46328225.59765625,41604.1853996451,1753801739027,Synapse54,1753801739027,Synapse54
301,"J2E (Drummondville, QC)",J2E,79254.45,79254.45,18350789.5,28926.839340474853,1753801739027,Synapse54,1753801739027,Synapse54
302,"J2G (Granby, QC)",J2G,63850.37,63850.37,27125065.5,40964.248286282396,1753801739027,Synapse54,1753801739027,Synapse54
303,"J2H (Granby, QC)",J2H,105384.62,105384.62,136788271.0,82651.78876586944,1753801739027,Synapse54,1753801739027,Synapse54
304,"J2J (Granby, QC)",J2J,77632.68,77632.68,158975426.5,75483.31166212616,1753801739027,Synapse54,1753801739027,Synapse54
305,"J2K (Cowansville, QC)",J2K,73439.61,73439.61,327067186.0,107161.13325887192,1753801739027,Synapse54,1753801739027,Synapse54
306,"J2L (Bromont, QC)",J2L,167958.5,167958.5,230068726.0,81624.30958657779,1753801739027,Synapse54,1753801739027,Synapse54
307,"J2M (Shefford, QC)",J2M,112768.63,112768.63,242332781.2734375,116121.4987637872,1753801739027,Synapse54,1753801739027,Synapse54
308,"J2N (Farnham, QC)",J2N,76473.76,76473.76,187541869.5,67299.99265741695,1753801739027,Synapse54,1753801739027,Synapse54
309,"J2R (Saint-Hyacinthe, QC)",J2R,89989.98,89989.98,202913088.0,104737.13437793839,1753801739027,Synapse54,1753801739027,Synapse54
310,"J2S (Saint-Hyacinthe, QC)",J2S,67659.66,67659.66,64473264.0,73386.10579135851,1753801739027,Synapse54,1753801739027,Synapse54
311,"J2T (Saint-Hyacinthe, QC)",J2T,81792.26,81792.26,91771688.0,53456.23963708392,1753801739027,Synapse54,1753801739027,Synapse54
312,"J2W (Saint-Jean-Sur-Richelieu, QC)",J2W,118680.77,118680.77,103463004.5,59571.138073747235,1753801739027,Synapse54,1753801739027,Synapse54
313,"J2X (Saint-Jean-Sur-Richelieu, QC)",J2X,96319.39,96319.39,145676986.0,80102.73759580929,1753801739027,Synapse54,1753801739027,Synapse54
314,"J2Y (Saint-Jean-Sur-Richelieu, QC)",J2Y,109726.46,109726.46,146400386.17578125,73826.30271667863,1753801739027,Synapse54,1753801739027,Synapse54
315,"J3A (Saint-Jean-Sur-Richelieu, QC)",J3A,57649.31,57649.31,6186209.0,11188.578319190965,1753801739027,Synapse54,1753801739027,Synapse54
316,"J3B (Saint-Jean-Sur-Richelieu, QC)",J3B,80511.07,80511.07,95704303.5,54381.46319865555,1753801739027,Synapse54,1753801739027,Synapse54
317,"J3E (Sainte-Julie, QC)",J3E,129082.75,129082.75,105827610.5,60902.63170645707,1753801739027,Synapse54,1753801739027,Synapse54
318,"J3G (Beloeil, QC)",J3G,105924.75,105924.75,171490984.5,98109.63892656052,1753801739027,Synapse54,1753801739027,Synapse54
319,"J3H (Beloeil, QC)",J3H,129730.29,129730.29,80996367.5,55540.40786090735,1753801739027,Synapse54,1753801739027,Synapse54
320,"J3L (Chambly, QC)",J3L,121351.88,121351.88,364093398.0,124754.83820581688,1753801739027,Synapse54,1753801739027,Synapse54
321,"J3M (Marieville, QC)",J3M,87626.9,87626.9,126097256.5,55752.50302456562,1753801739027,Synapse54,1753801739027,Synapse54
322,"J3N (St-Basile-Le-Grand, QC)",J3N,128755.06,128755.06,74736126.0,37659.20099111866,1753801739027,Synapse54,1753801739027,Synapse54
323,"J3P (Sorel-Tracy, QC)",J3P,74509.62,74509.62,211886795.0,80652.39762505802,1753801739027,Synapse54,1753801739027,Synapse54
324,"J3R (Sorel-Tracy, QC)",J3R,77395.66,77395.66,57862738.0,40488.46821105956,1753801739027,Synapse54,1753801739027,Synapse54
325,"J3T (Nicolet, QC)",J3T,77322.16,77322.16,271606732.5,71484.12258274788,1753801739027,Synapse54,1753801739027,Synapse54
326,"J3V (Saint-Bruno, QC)",J3V,150376.55,150376.55,90158805.5,51396.92313356961,1753801739027,Synapse54,1753801739027,Synapse54
327,"J3X (Varennes, QC)",J3X,118685.62,118685.62,232058892.5,71561.3428539275,1753801739027,Synapse54,1753801739027,Synapse54
328,"J3Y (Saint-Hubert, QC)",J3Y,102295.86,102295.86,101336037.0,100201.13539228243,1753801739027,Synapse54,1753801739027,Synapse54
329,"J3Z (Saint-Hubert, QC)",J3Z,130173.2,130173.2,22454206.0,63608.93575532092,1753801739027,Synapse54,1753801739027,Synapse54
330,"J4B (Boucherville, QC)",J4B,145932.08,145932.08,170076124.5,59886.44585342009,1753801739027,Synapse54,1753801739027,Synapse54
331,"J4G (Longueuil, QC)",J4G,102640.6,102640.6,25356829.5,23719.52752698455,1753801739027,Synapse54,1753801739027,Synapse54
332,"J4H (Longueuil, QC)",J4H,82690.02,82690.02,11650935.0,15524.513087115087,1753801739027,Synapse54,1753801739027,Synapse54
333,"J4J (Longueuil, QC)",J4J,73543.77,73543.77,15351226.5,21930.353895068798,1753801739027,Synapse54,1753801739027,Synapse54
334,"J4K (Longueuil, QC)",J4K,72981.14,72981.14,12801059.0,20426.997549827258,1753801739027,Synapse54,1753801739027,Synapse54
335,"J4L (Longueuil, QC)",J4L,77297.19,77297.19,14765810.5,16776.5326873664,1753801739027,Synapse54,1753801739027,Synapse54
336,"J4M (Longueuil, QC)",J4M,118944.27,118944.27,10545973.0,20915.15150342213,1753801739027,Synapse54,1753801739027,Synapse54
337,"J4N (Longueuil, QC)",J4N,127664.7,127664.7,9982414.5,18319.159231838094,1753801739027,Synapse54,1753801739027,Synapse54
338,"J4P (Longueuil, QC)",J4P,138180.54,138180.54,6998059.0,12458.778436344583,1753801739027,Synapse54,1753801739027,Synapse54
339,"J4R (Longueuil, QC)",J4R,131404.56,131404.56,5607448.0,11472.375668491168,1753801739027,Synapse54,1753801739027,Synapse54
340,"J4S (Longueuil, QC)",J4S,138359.36,138359.36,4293595.5,10044.635885759557,1753801739027,Synapse54,1753801739027,Synapse54
341,"J4T (Saint-Hubert, QC)",J4T,75799.3,75799.3,8655769.0,12531.329908587128,1753801739027,Synapse54,1753801739027,Synapse54
342,"J4V (Longueuil, QC)",J4V,89430.44,89430.44,9874770.0,19495.60469716676,1753801739027,Synapse54,1753801739027,Synapse54
343,"J4W (Longueuil, QC)",J4W,94103.36,94103.36,11512935.0,16336.628676963564,1753801739027,Synapse54,1753801739027,Synapse54
344,"J4X (Longueuil, QC)",J4X,121111.66,121111.66,13216489.5,15198.092586417742,1753801739027,Synapse54,1753801739027,Synapse54
345,"J4Y (Longueuil, QC)",J4Y,120399.41,120399.41,21259495.5,19670.691530096043,1753801739027,Synapse54,1753801739027,Synapse54
346,"J4Z (Longueuil, QC)",J4Z,95368.59,95368.59,42442433.5,36399.19983850107,1753801739027,Synapse54,1753801739027,Synapse54
347,"J5A (Saint-Constant, QC)",J5A,108976.24,108976.24,123489244.5,53706.37543156535,1753801739027,Synapse54,1753801739027,Synapse54
348,"J5B (Delson, QC)",J5B,100565.75,100565.75,13765665.5,25868.554957637258,1753801739027,Synapse54,1753801739027,Synapse54
349,"J5C (Sainte-Catherine, QC)",J5C,99044.78,99044.78,20056189.5,22328.89425891819,1753801739027,Synapse54,1753801739027,Synapse54
350,"J5J (Sainte-Sophie, QC)",J5J,89973.62,89973.62,230905181.0,66651.47964912902,1753801739027,Synapse54,1753801739027,Synapse54
351,"J5K (Saint-Colomban, QC)",J5K,108104.23,108104.23,193780426.5,69823.6154247918,1753801739027,Synapse54,1753801739027,Synapse54
352,"J5L (Saint-Jerome, QC)",J5L,99324.47,99324.47,95796285.0,58040.91698594175,1753801739027,Synapse54,1753801739027,Synapse54
353,"J5M (Saint-Lin-Laurentides, QC)",J5M,88265.66,88265.66,245439917.0,79215.19535436288,1753801739027,Synapse54,1753801739027,Synapse54
354,"J5N (Saint-Lin-Laurentides, QC)",J5N,88768.84,88768.84,190530835.0,58815.89393433861,1753801739027,Synapse54,1753801739027,Synapse54
355,"J5R (La Prairie, QC)",J5R,133328.96,133328.96,116490762.5,83791.09209902641,1753801739027,Synapse54,1753801739027,Synapse54
356,"J5T (Lavaltrie, QC)",J5T,93797.9,93797.9,154486438.5,59411.55582605956,1753801739027,Synapse54,1753801739027,Synapse54
357,"J5V (Louiseville, QC)",J5V,59988.22,59988.22,506748881.0,179854.3461791025,1753801739027,Synapse54,1753801739027,Synapse54
358,"J5W (L'assomption, QC)",J5W,100256.0,100256.0,332828346.5,103350.78663938354,1753801739027,Synapse54,1753801739027,Synapse54
359,"J5X (L'epiphanie, QC)",J5X,90237.76,90237.76,93137482.5,61537.5779427655,1753801739027,Synapse54,1753801739027,Synapse54
360,"J5Y (Repentigny, QC)",J5Y,117821.87,117821.87,22356230.5,21230.469901767003,1753801739027,Synapse54,1753801739027,Synapse54
361,"J5Z (Repentigny, QC)",J5Z,97909.39,97909.39,78014581.0,40720.846170485005,1753801739027,Synapse54,1753801739027,Synapse54
362,"J6A (Repentigny, QC)",J6A,97493.52,97493.52,48655375.5,39943.850012514275,1753801739027,Synapse54,1753801739027,Synapse54
363,"J6E (Joliette, QC)",J6E,73975.26,73975.26,137214208.0,95275.2587794035,1753801739027,Synapse54,1753801739027,Synapse54
364,"J6J (Chateauguay, QC)",J6J,92537.16,92537.16,74217052.0,72123.22068999698,1753801739027,Synapse54,1753801739027,Synapse54
365,"J6K (Chateauguay, QC)",J6K,93041.09,93041.09,20188406.0,28536.15419577854,1753801739027,Synapse54,1753801739027,Synapse54
366,"J6N (Beauharnois, QC)",J6N,84307.98,84307.98,233462281.0,99024.33793574793,1753801739027,Synapse54,1753801739027,Synapse54
367,"J6R (Mercier, QC)",J6R,111533.72,111533.72,115347180.0,49311.90260299979,1753801739027,Synapse54,1753801739027,Synapse54
368,"J6S (Salaberry-De-Valleyfield, QC)",J6S,75934.68,75934.68,210261044.5,73467.37727321035,1753801739027,Synapse54,1753801739027,Synapse54
369,"J6T (Salaberry-De-Valleyfield, QC)",J6T,69504.13,69504.13,46981135.0,36756.956833154014,1753801739027,Synapse54,1753801739027,Synapse54
370,"J6V (Terrebonne, QC)",J6V,126798.9,126798.9,60800572.0,35889.68273881664,1753801739027,Synapse54,1753801739027,Synapse54
371,"J6W (Terrebonne, QC)",J6W,100296.18,100296.18,39136671.0,33325.59650886826,1753801739027,Synapse54,1753801739027,Synapse54
372,"J6X (Terrebonne, QC)",J6X,107845.47,107845.47,60225849.5,43095.169343531845,1753801739027,Synapse54,1753801739027,Synapse54
373,"J6Y (Terrebonne, QC)",J6Y,125677.03,125677.03,81550557.0,61201.9952124608,1753801739027,Synapse54,1753801739027,Synapse54
374,"J6Z (Rosemere, QC)",J6Z,130997.25,130997.25,22537924.0,22963.79436186629,1753801739027,Synapse54,1753801739027,Synapse54
375,"J7A (Rosemere, QC)",J7A,144676.15,144676.15,24339416.5,22941.14213233615,1753801739027,Synapse54,1753801739027,Synapse54
376,"J7B (Boisbriand, QC)",J7B,205586.4,205586.4,14667986.5,16792.064136555553,1753801739027,Synapse54,1753801739027,Synapse54
377,"J7C (Boisbriand, QC)",J7C,117779.08,117779.08,94216134.5,48996.310543076004,1753801739027,Synapse54,1753801739027,Synapse54
378,"J7E (Boisbriand, QC)",J7E,84080.13,84080.13,38942666.0,66768.75062873606,1753801739027,Synapse54,1753801739027,Synapse54
379,"J7G (Boisbriand, QC)",J7G,108330.31,108330.31,24826343.0,22844.466974416475,1753801739027,Synapse54,1753801739027,Synapse54
380,"J7H (Boisbriand, QC)",J7H,103427.68,103427.68,18524557.5,29683.633390851617,1753801739027,Synapse54,1753801739027,Synapse54
381,"J7J (Boisbriand, QC)",J7J,105923.62,105923.62,216897455.5,103444.96666308724,1753801739027,Synapse54,1753801739027,Synapse54
382,"J7K (Terrebonne, QC)",J7K,103431.26,103431.26,193069363.5,83975.60969421153,1753801739027,Synapse54,1753801739027,Synapse54
383,"J7L (Terrebonne, QC)",J7L,112765.52,112765.52,28664221.0,25040.678807417222,1753801739027,Synapse54,1753801739027,Synapse54
384,"J7M (Terrebonne, QC)",J7M,98968.45,98968.45,82543767.0,48321.76398543206,1753801739027,Synapse54,1753801739027,Synapse54
385,"J7N (Boisbriand, QC)",J7N,100709.66,100709.66,781900527.5,198254.3737699631,1753801739027,Synapse54,1753801739027,Synapse54
386,"J7P (Saint-Eustache, QC)",J7P,95882.05,95882.05,34525041.5,29797.38514106549,1753801739027,Synapse54,1753801739027,Synapse54
387,"J7R (Saint-Eustache, QC)",J7R,99574.3,99574.3,124808411.0,71490.55014073827,1753801739027,Synapse54,1753801739027,Synapse54
388,"J7T (Vaudreuil-Dorion, QC)",J7T,131844.44,131844.44,297651983.5,93415.04234638221,1753801739027,Synapse54,1753801739027,Synapse54
389,"J7V (Vaudreuil-Dorion, QC)",J7V,103478.35,103478.35,362449115.0,152968.31394129083,1753801739027,Synapse54,1753801739027,Synapse54
390,"J7W (Vaudreuil-Dorion, QC)",J7W,105067.63,105067.63,24383265.0,23490.450057951097,1753801739027,Synapse54,1753801739027,Synapse54
391,"J7X (Salaberry-De-Valleyfield, QC)",J7X,89972.84,89972.84,64920487.0,46286.99583260664,1753801739027,Synapse54,1753801739027,Synapse54
392,"J7Y (Saint-Jerome, QC)",J7Y,71112.3,71112.3,50087471.02734375,55705.64280837206,1753801739027,Synapse54,1753801739027,Synapse54
393,"J7Z (Saint-Jerome, QC)",J7Z,69040.8,69040.8,36942944.47265625,33700.08035698858,1753801739027,Synapse54,1753801739027,Synapse54
394,"J8A (Saint-Hippolyte, QC)",J8A,95912.77,95912.77,272351866.0,88660.25650248205,1753801739027,Synapse54,1753801739027,Synapse54
395,"J8B (Sainte-Adele, QC)",J8B,94036.78,94036.78,257661278.5,87331.95722532229,1753801739027,Synapse54,1753801739027,Synapse54
396,"J8C (Sainte-Agathe-Des-Monts, QC)",J8C,76062.37,76062.37,363538345.5,105828.83702167151,1753801739027,Synapse54,1753801739027,Synapse54
397,"J8E (Mont-Tremblant, QC)",J8E,93014.83,93014.83,598027685.5,128502.35538817226,1753801739027,Synapse54,1753801739027,Synapse54
398,"J8G (Brownsburg-Chatham, QC)",J8G,75774.12,75774.12,1206240278.5,237511.8555793957,1753801739027,Synapse54,1753801739027,Synapse54
399,"J8H (Lachute, QC)",J8H,71091.59,71091.59,482502118.5,169179.8899596451,1753801739027,Synapse54,1753801739027,Synapse54
400,"J8L (Gatineau, QC)",J8L,97170.81,97170.81,1293058071.0,172060.6388984216,1753801739027,Synapse54,1753801739027,Synapse54
401,"J8M (Gatineau, QC)",J8M,103614.85,103614.85,154732777.5,65024.547084615566,1753801739027,Synapse54,1753801739027,Synapse54
402,"J8N (Val-Des-Monts, QC)",J8N,119880.94,119880.94,1732302854.5,285589.92276472907,1753801739027,Synapse54,1753801739027,Synapse54
403,"J8P (Gatineau, QC)",J8P,85517.22,85517.22,58693548.0,43657.291681754716,1753801739027,Synapse54,1753801739027,Synapse54
404,"J8R (Gatineau, QC)",J8R,122588.14,122588.14,156666056.5,68675.20266685543,1753801739027,Synapse54,1753801739027,Synapse54
405,"J8T (Gatineau, QC)",J8T,87088.55,87088.55,47793402.0,43358.360078022946,1753801739027,Synapse54,1753801739027,Synapse54
406,"J8V (Gatineau, QC)",J8V,141244.3,141244.3,324712509.0,103708.66049045212,1753801739027,Synapse54,1753801739027,Synapse54
407,"J8X (Gatineau, QC)",J8X,64088.82,64088.82,14811708.0,18647.21034649298,1753801739027,Synapse54,1753801739027,Synapse54
408,"J8Y (Gatineau, QC)",J8Y,70742.61,70742.61,19695262.5,21673.890152602384,1753801739027,Synapse54,1753801739027,Synapse54
409,"J8Z (Gatineau, QC)",J8Z,93657.57,93657.57,23130629.5,26602.970961144994,1753801739027,Synapse54,1753801739027,Synapse54
410,"J9A (Gatineau, QC)",J9A,113318.31,113318.31,30373310.5,26686.619129442304,1753801739027,Synapse54,1753801739027,Synapse54
411,"J9B (Chelsea, QC)",J9B,164473.03,164473.03,246189543.5,86816.99350066783,1753801739027,Synapse54,1753801739027,Synapse54
412,"J9E (Maniwaki, QC)",J9E,63533.8,63533.8,1377109169.5,310831.3640939274,1753801739027,Synapse54,1753801739027,Synapse54
413,"J9H (Gatineau, QC)",J9H,105889.51,105889.51,62556078.0,44664.06309859117,1753801739027,Synapse54,1753801739027,Synapse54
414,"J9J (Gatineau, QC)",J9J,127068.74,127068.74,151255466.5,58327.94180700536,1753801739027,Synapse54,1753801739027,Synapse54
415,"J9L (Mont-Laurier, QC)",J9L,72882.14,72882.14,1339338847.0,180384.92529711727,1753801739027,Synapse54,1753801739027,Synapse54
416,"J9P (Val-D'or, QC)",J9P,96468.34,96468.34,3829796876.0,458548.2575127482,1753801739027,Synapse54,1753801739027,Synapse54
417,"J9T (Amos, QC)",J9T,88977.99,88977.99,683602510.0,189908.9748917051,1753801739027,Synapse54,1753801739027,Synapse54
418,"J9V (Rouyn-Noranda, QC)",J9V,82428.98,82428.98,297071822.0,76817.77391779536,1753801739027,Synapse54,1753801739027,Synapse54
419,"J9X (Rouyn-Noranda, QC)",J9X,79410.04,79410.04,301651162.0,120674.85661136823,1753801739027,Synapse54,1753801739027,Synapse54
420,"J9Y (Rouyn-Noranda, QC)",J9Y,116698.64,116698.64,2199066233.0,465878.96082864003,1753801739027,Synapse54,1753801739027,Synapse54
421,"J9Z (La Sarre, QC)",J9Z,78671.51,78671.51,348212296.0,88902.99107383726,1753801739027,Synapse54,1753801739027,Synapse54
