OBJECTID,DESCRIPTION,ID,ECYMTN1524,ECYMTN1524_P,thematic_value,Shape__Area,Shape__Length,CreationDate,Creator,EditDate,Editor
1,"G0A (Sainte-Anne-De-Beaupre, QC)",G0A,619,1.6,1.6,72760823790.5,3028971.212854449,1753800849569,Synapse54,1753800849569,Synapse54
2,"G0C (New Richmond, QC)",G0C,490,2.14,2.14,22075337398.492188,967680.4043130332,1753800849569,Synapse54,1753800849569,Synapse54
3,"G0E (Grande-Vallee, QC)",G0E,23,0.95,0.95,17330251329.5,625766.1683453334,1753800849569,Synapse54,1753800849569,Synapse54
4,"G0G (Fermont, QC)",G0G,197,2.81,2.81,488246740388.7383,13452850.295035336,1753800849569,Synapse54,1753800849569,Synapse54
5,"G0H (Pessamit, QC)",G0H,88,1.82,1.82,123893631441.5,3217405.6747955983,1753800849569,Synapse54,1753800849569,Synapse54
6,"G0J (Causapscal, QC)",G0J,222,1.59,1.59,30795263589.0,1187342.219615261,1753800849569,Synapse54,1753800849569,Synapse54
7,"G0K (Sainte-Luce, QC)",G0K,118,2.03,2.03,8964482448.5,530269.0600895187,1753800849569,Synapse54,1753800849569,Synapse54
8,"G0L (Trois-Pistoles, QC)",G0L,611,2.19,2.19,23226305480.5,1017338.6635460304,1753800849569,Synapse54,1753800849569,Synapse54
9,"G0M (Saint-Prosper-De-Dorchester, QC)",G0M,354,2.27,2.27,6354665678.5,678703.1375911924,1753800849569,Synapse54,1753800849569,Synapse54
10,"G0N (Disraeli, QC)",G0N,143,1.52,1.52,3579667597.5,610336.508657239,1753800849569,Synapse54,1753800849569,Synapse54
11,"G0P (Ham-Nord, QC)",G0P,25,0.82,0.82,1964344449.0,415202.1877963802,1753800849569,Synapse54,1753800849569,Synapse54
12,"G0R (La Pocatiere, QC)",G0R,849,2.18,2.18,17275130739.5,769075.2097201231,1753800849569,Synapse54,1753800849569,Synapse54
13,"G0S (Saint-Apollinaire, QC)",G0S,783,2.46,2.46,7546000235.5,718279.0049398947,1753800849569,Synapse54,1753800849569,Synapse54
14,"G0T (Forestville, QC)",G0T,115,1.77,1.77,20313438075.0,1270528.890385615,1753800849569,Synapse54,1753800849569,Synapse54
15,"G0V (Saint-Honore-De-Chicoutimi, QC)",G0V,160,1.88,1.88,24624561090.5,1237538.7672922572,1753800849569,Synapse54,1753800849569,Synapse54
16,"G0W (Saint-Bruno-Lac-Saint-Jean, QC)",G0W,436,2.79,2.79,380327320475.0,4323366.579971259,1753800849569,Synapse54,1753800849569,Synapse54
17,"G0X (Notre-Dame-Du-Mont-Carmel, QC)",G0X,493,1.77,1.77,39978887685.5,2171889.905015521,1753800849569,Synapse54,1753800849569,Synapse54
18,"G0Y (Lac-Drolet, QC)",G0Y,57,1.19,1.19,3810924397.5,557635.8571484805,1753800849569,Synapse54,1753800849569,Synapse54
19,"G0Z (Daveluyville, QC)",G0Z,129,3.19,3.19,1313913827.0,254093.22841298912,1753800849569,Synapse54,1753800849569,Synapse54
20,"G1A (Quebec, QC)",G1A,0,0.0,0.0,82312.0,1266.954133788689,1753800849569,Synapse54,1753800849569,Synapse54
21,"G1B (Quebec, QC)",G1B,68,0.95,0.95,87273797.0,41431.67400838665,1753800849569,Synapse54,1753800849569,Synapse54
22,"G1C (Quebec, QC)",G1C,250,1.5,1.5,42832173.5,38990.399766328665,1753800849569,Synapse54,1753800849569,Synapse54
23,"G1E (Quebec, QC)",G1E,601,4.13,4.13,21963715.5,24460.60804483201,1753800849569,Synapse54,1753800849569,Synapse54
24,"G1G (Quebec, QC)",G1G,253,2.16,2.16,23261499.5,21244.010790424363,1753800849569,Synapse54,1753800849569,Synapse54
25,"G1H (Quebec, QC)",G1H,610,3.96,3.96,17070653.5,16728.070206687444,1753800849569,Synapse54,1753800849569,Synapse54
26,"G1J (Quebec, QC)",G1J,820,6.01,6.01,15486417.5,18318.282612942763,1753800849569,Synapse54,1753800849569,Synapse54
27,"G1K (Quebec, QC)",G1K,655,5.59,5.59,9532326.5,27604.32226056824,1753800849569,Synapse54,1753800849569,Synapse54
28,"G1L (Quebec, QC)",G1L,822,6.13,6.13,8545974.0,13500.51656374446,1753800849569,Synapse54,1753800849569,Synapse54
29,"G1M (Quebec, QC)",G1M,432,3.99,3.99,17720734.5,19033.029965482125,1753800849569,Synapse54,1753800849569,Synapse54
30,"G1N (Quebec, QC)",G1N,480,8.33,8.33,13120575.0,20830.816804197915,1753800849569,Synapse54,1753800849569,Synapse54
31,"G1P (Quebec, QC)",G1P,383,4.72,4.72,23560383.5,22665.24353657779,1753800849569,Synapse54,1753800849569,Synapse54
32,"G1R (Quebec, QC)",G1R,660,6.27,6.27,6291861.0,12661.880571938687,1753800849569,Synapse54,1753800849569,Synapse54
33,"G1S (Quebec, QC)",G1S,750,5.19,5.19,11216915.28125,15661.567182113036,1753800849569,Synapse54,1753800849569,Synapse54
34,"G1T (Quebec, QC)",G1T,55,1.89,1.89,7077771.5,17602.81541790566,1753800849569,Synapse54,1753800849569,Synapse54
35,"G1V (Quebec, QC)",G1V,2100,16.02,16.02,15730102.0,17979.112647239195,1753800849569,Synapse54,1753800849569,Synapse54
36,"G1W (Quebec, QC)",G1W,496,4.45,4.45,17198639.5,21801.94208985731,1753800849569,Synapse54,1753800849569,Synapse54
37,"G1X (Quebec, QC)",G1X,758,5.57,5.57,27103326.0,27337.079999136095,1753800849569,Synapse54,1753800849569,Synapse54
38,"G1Y (Quebec, QC)",G1Y,48,0.83,0.83,14262450.5,17939.63034370007,1753800849569,Synapse54,1753800849569,Synapse54
39,"G2A (Quebec, QC)",G2A,271,3.21,3.21,47271562.5,46123.605864486206,1753800849569,Synapse54,1753800849569,Synapse54
40,"G2B (Quebec, QC)",G2B,361,3.17,3.17,24328924.5,22475.77399457994,1753800849569,Synapse54,1753800849569,Synapse54
41,"G2C (Quebec, QC)",G2C,151,2.42,2.42,18432837.5,23131.360190110616,1753800849569,Synapse54,1753800849569,Synapse54
42,"G2E (Quebec, QC)",G2E,127,1.32,1.32,27707972.5,23903.30796073271,1753800849569,Synapse54,1753800849569,Synapse54
43,"G2G (Quebec, QC)",G2G,97,2.01,2.01,101799470.5,45275.85044604026,1753800849569,Synapse54,1753800849569,Synapse54
44,"G2J (Quebec, QC)",G2J,75,4.23,4.23,5412144.5,9862.14108739791,1753800849569,Synapse54,1753800849569,Synapse54
45,"G2K (Quebec, QC)",G2K,157,2.16,2.16,30349819.5,31745.12588440936,1753800849569,Synapse54,1753800849569,Synapse54
46,"G2L (Quebec, QC)",G2L,89,1.3,1.3,25127554.5,22805.966601331882,1753800849569,Synapse54,1753800849569,Synapse54
47,"G2M (Quebec, QC)",G2M,55,2.22,2.22,44779584.0,34604.08492657024,1753800849569,Synapse54,1753800849569,Synapse54
48,"G2N (Quebec, QC)",G2N,125,3.46,3.46,31035228.5,31796.238354131285,1753800849569,Synapse54,1753800849569,Synapse54
49,"G3A (St-Augustin-De-Desmaures, QC)",G3A,79,0.86,0.86,188876871.0,74472.4753726992,1753800849569,Synapse54,1753800849569,Synapse54
50,"G3B (Lac-Beauport, QC)",G3B,46,1.34,1.34,139197319.5,64423.23371099803,1753800849569,Synapse54,1753800849569,Synapse54
51,"G3C (Stoneham-Et-Tewkesbury, QC)",G3C,49,1.08,1.08,1330849498.5,175874.56931808186,1753800849569,Synapse54,1753800849569,Synapse54
52,"G3E (Quebec, QC)",G3E,100,1.58,1.58,18489209.0,20620.301807363456,1753800849569,Synapse54,1753800849569,Synapse54
53,"G3G (Quebec, QC)",G3G,80,1.87,1.87,83002473.0,53192.861834286385,1753800849569,Synapse54,1753800849569,Synapse54
54,"G3H (Pont-Rouge, QC)",G3H,105,2.29,2.29,279179695.0,100842.62742278028,1753800849569,Synapse54,1753800849569,Synapse54
55,"G3J (Quebec, QC)",G3J,181,3.87,3.87,85589532.0,54640.87343863765,1753800849569,Synapse54,1753800849569,Synapse54
56,"G3K (Quebec, QC)",G3K,381,4.45,4.45,66926850.0,43417.9629367511,1753800849569,Synapse54,1753800849569,Synapse54
57,"G3L (Saint-Raymond, QC)",G3L,111,2.09,2.09,2499240685.5,293711.66523440205,1753800849569,Synapse54,1753800849569,Synapse54
58,"G3M (Donnacona, QC)",G3M,74,2.07,2.07,76895468.5,38932.06578942634,1753800849569,Synapse54,1753800849569,Synapse54
59,"G3N (Ste-Catherine-De-La-J-Cartier, QC)",G3N,134,2.9,2.9,179093818.5,91193.27748891739,1753800849569,Synapse54,1753800849569,Synapse54
60,"G3S (Quebec, QC)",G3S,65,2.45,2.45,162242772.5,88360.35793053103,1753800849569,Synapse54,1753800849569,Synapse54
61,"G3Z (Baie-Saint-Paul, QC)",G3Z,85,2.29,2.29,1221045873.0,165284.53951195258,1753800849569,Synapse54,1753800849569,Synapse54
62,"G4A (Clermont, QC)",G4A,69,4.47,4.47,1226794529.0,167560.43929327332,1753800849569,Synapse54,1753800849569,Synapse54
63,"G4R (Sept-Iles, QC)",G4R,332,3.6,3.6,1888740693.0195312,364416.3918226564,1753800849569,Synapse54,1753800849569,Synapse54
64,"G4S (Sept-Iles, QC)",G4S,76,3.51,3.51,13736729.5,31952.335224803264,1753800849569,Synapse54,1753800849569,Synapse54
65,"G4T (Les Iles-De-La-Madeleine, QC)",G4T,35,0.56,0.56,500054815.0,511013.5871236407,1753800849569,Synapse54,1753800849569,Synapse54
66,"G4V (Sainte-Anne-Des-Monts, QC)",G4V,67,2.07,2.07,780273522.0,168670.12216022852,1753800849569,Synapse54,1753800849569,Synapse54
67,"G4W (Matane, QC)",G4W,367,4.93,4.93,466220652.0,100520.51806568402,1753800849569,Synapse54,1753800849569,Synapse54
68,"G4X (Gaspe, QC)",G4X,182,2.53,2.53,2615126201.546875,406673.89112098655,1753800849569,Synapse54,1753800849569,Synapse54
69,"G4Z (Baie-Comeau, QC)",G4Z,166,3.78,3.78,1669244051.0,336717.80497552885,1753800849569,Synapse54,1753800849569,Synapse54
70,"G5A (La Malbaie, QC)",G5A,97,2.42,2.42,905867526.5,176911.55690727945,1753800849569,Synapse54,1753800849569,Synapse54
71,"G5B (Port-Cartier, QC)",G5B,149,5.35,5.35,742256392.5,203831.72178845698,1753800849569,Synapse54,1753800849569,Synapse54
72,"G5C (Baie-Comeau, QC)",G5C,206,3.92,3.92,78061848.0,48691.63220890317,1753800849569,Synapse54,1753800849569,Synapse54
73,"G5H (Mont-Joli, QC)",G5H,143,4.27,4.27,128376656.5,53923.191144203476,1753800849569,Synapse54,1753800849569,Synapse54
74,"G5J (Amqui, QC)",G5J,113,3.76,3.76,310530648.5,97437.56642828621,1753800849569,Synapse54,1753800849569,Synapse54
75,"G5L (Rimouski, QC)",G5L,977,6.47,6.47,115966883.0,88926.49071239203,1753800849569,Synapse54,1753800849569,Synapse54
76,"G5M (Rimouski, QC)",G5M,83,2.04,2.04,66332097.0,52169.63739391678,1753800849569,Synapse54,1753800849569,Synapse54
77,"G5N (Rimouski, QC)",G5N,52,1.4,1.4,414167429.0,104413.83144964176,1753800849569,Synapse54,1753800849569,Synapse54
78,"G5R (Riviere-Du-Loup, QC)",G5R,456,4.59,4.59,182737573.0,77061.18159356514,1753800849569,Synapse54,1753800849569,Synapse54
79,"G5T (Degelis, QC)",G5T,60,4.21,4.21,1107888892.0,146757.59518407704,1753800849569,Synapse54,1753800849569,Synapse54
80,"G5V (Montmagny, QC)",G5V,183,3.18,3.18,282245095.0,82682.88684580137,1753800849569,Synapse54,1753800849569,Synapse54
81,"G5X (Beauceville, QC)",G5X,81,2.86,2.86,336857190.0,91090.00846556539,1753800849569,Synapse54,1753800849569,Synapse54
82,"G5Y (Saint-Georges, QC)",G5Y,496,4.13,4.13,169548327.0,148240.89990521545,1753800849569,Synapse54,1753800849569,Synapse54
83,"G5Z (Saint-Georges, QC)",G5Z,83,2.47,2.47,219710089.0,133870.3845435117,1753800849569,Synapse54,1753800849569,Synapse54
84,"G6A (Saint-Georges, QC)",G6A,21,2.42,2.42,12731588.0,28099.846637013223,1753800849569,Synapse54,1753800849569,Synapse54
85,"G6B (Lac-Megantic, QC)",G6B,108,2.56,2.56,525968305.0,147830.6226949515,1753800849569,Synapse54,1753800849569,Synapse54
86,"G6C (Pintendre, QC)",G6C,137,3.75,3.75,171728656.5,62758.50767570228,1753800849569,Synapse54,1753800849569,Synapse54
87,"G6E (Sainte-Marie, QC)",G6E,124,2.12,2.12,242749292.5,88129.38426536831,1753800849569,Synapse54,1753800849569,Synapse54
88,"G6G (Thetford Mines, QC)",G6G,361,3.59,3.59,432553661.5,137866.85051543516,1753800849569,Synapse54,1753800849569,Synapse54
89,"G6H (Thetford Mines, QC)",G6H,92,2.89,2.89,381525955.5,208711.52055490302,1753800849569,Synapse54,1753800849569,Synapse54
90,"G6J (Saint-Etienne-De-Lauzon, QC)",G6J,99,2.16,2.16,170941088.5,68005.84099520143,1753800849569,Synapse54,1753800849569,Synapse54
91,"G6K (Saint-Redempteur, QC)",G6K,31,0.93,0.93,8847420.0,13869.752401834681,1753800849569,Synapse54,1753800849569,Synapse54
92,"G6L (Plessisville, QC)",G6L,211,2.83,2.83,727703425.5,150480.86599396955,1753800849569,Synapse54,1753800849569,Synapse54
93,"G6P (Victoriaville, QC)",G6P,666,4.35,4.35,43162857.0,67077.33804588739,1753800849569,Synapse54,1753800849569,Synapse54
94,"G6R (Victoriaville, QC)",G6R,26,1.4,1.4,111890007.5,67049.5189257073,1753800849569,Synapse54,1753800849569,Synapse54
95,"G6S (Victoriaville, QC)",G6S,44,1.87,1.87,93883157.5,65606.32420350032,1753800849569,Synapse54,1753800849569,Synapse54
96,"G6T (Victoriaville, QC)",G6T,135,2.75,2.75,97646146.0,79862.46403678902,1753800849569,Synapse54,1753800849569,Synapse54
97,"G6V (Levis, QC)",G6V,728,4.31,4.31,51005706.5,85820.66591178898,1753800849569,Synapse54,1753800849569,Synapse54
98,"G6W (Levis, QC)",G6W,424,3.36,3.36,54365583.5,57031.8227070878,1753800849569,Synapse54,1753800849569,Synapse54
99,"G6X (Levis, QC)",G6X,209,4.37,4.37,17532207.0,18566.178953389182,1753800849569,Synapse54,1753800849569,Synapse54
100,"G6Y (Levis, QC)",G6Y,103,3.01,3.01,48673784.5,36076.08982567784,1753800849569,Synapse54,1753800849569,Synapse54
101,"G6Z (Saint-Jean-Chrysostome, QC)",G6Z,155,1.57,1.57,206313300.5,81637.94553350794,1753800849569,Synapse54,1753800849569,Synapse54
102,"G7A (Saint-Nicolas, QC)",G7A,267,2.42,2.42,206385794.0,76585.07395132218,1753800849569,Synapse54,1753800849569,Synapse54
103,"G7B (La Baie, QC)",G7B,304,3.55,3.55,731098795.5,122236.04683671948,1753800849569,Synapse54,1753800849569,Synapse54
104,"G7G (Chicoutimi, QC)",G7G,266,3.5,3.5,83451590.0,72026.82978856695,1753800849569,Synapse54,1753800849569,Synapse54
105,"G7H (Chicoutimi, QC)",G7H,996,6.65,6.65,335780132.5,155297.87503251838,1753800849569,Synapse54,1753800849569,Synapse54
106,"G7J (Chicoutimi, QC)",G7J,334,4.68,4.68,48516569.0,31553.718168111947,1753800849569,Synapse54,1753800849569,Synapse54
107,"G7K (Chicoutimi, QC)",G7K,15,4.13,4.13,13787400.5,25129.491914885974,1753800849569,Synapse54,1753800849569,Synapse54
108,"G7N (Laterriere, QC)",G7N,33,1.24,1.24,572266521.5,131134.86527943268,1753800849569,Synapse54,1753800849569,Synapse54
109,"G7P (Chicoutimi, QC)",G7P,59,1.77,1.77,535052258.5,133662.40227307807,1753800849569,Synapse54,1753800849569,Synapse54
110,"G7S (Jonquiere, QC)",G7S,209,2.38,2.38,90965725.5,53543.07738017431,1753800849569,Synapse54,1753800849569,Synapse54
111,"G7T (Jonquiere, QC)",G7T,36,4.47,4.47,11024436.0,23113.794147733155,1753800849569,Synapse54,1753800849569,Synapse54
112,"G7X (Jonquiere, QC)",G7X,773,5.81,5.81,675028246.5,279259.2165036962,1753800849569,Synapse54,1753800849569,Synapse54
113,"G7Y (Jonquiere, QC)",G7Y,13,4.36,4.36,28364189.0,37375.76013155794,1753800849569,Synapse54,1753800849569,Synapse54
114,"G7Z (Jonquiere, QC)",G7Z,11,1.01,1.01,16183341.0,21290.870310459137,1753800849569,Synapse54,1753800849569,Synapse54
115,"G8A (Jonquiere, QC)",G8A,143,4.95,4.95,52092756.5,55678.19403946566,1753800849569,Synapse54,1753800849569,Synapse54
116,"G8B (Alma, QC)",G8B,316,3.03,3.03,297457310.0,211237.01895446505,1753800849569,Synapse54,1753800849569,Synapse54
117,"G8C (Alma, QC)",G8C,29,1.26,1.26,47590945.0,51183.77436174367,1753800849569,Synapse54,1753800849569,Synapse54
118,"G8E (Alma, QC)",G8E,64,3.69,3.69,198550679.5,111351.61663855895,1753800849569,Synapse54,1753800849569,Synapse54
119,"G8G (Metabetchouan-Lac-A-La-Croix, QC)",G8G,39,2.04,2.04,435537293.5,100773.33142038128,1753800849569,Synapse54,1753800849569,Synapse54
120,"G8H (Roberval, QC)",G8H,128,2.57,2.57,543189787.1757812,135904.14248114204,1753800849569,Synapse54,1753800849569,Synapse54
121,"G8J (Chicoutimi, QC)",G8J,60,3.16,3.16,2344096837.0,302744.5493028244,1753800849569,Synapse54,1753800849569,Synapse54
122,"G8K (Saint-Felicien, QC)",G8K,229,4.6,4.6,860422895.5,186957.39961478047,1753800849569,Synapse54,1753800849569,Synapse54
123,"G8L (Dolbeau-Mistassini, QC)",G8L,185,2.76,2.76,3537542888.8203125,527284.6001355818,1753800849569,Synapse54,1753800849569,Synapse54
124,"G8M (Normandin, QC)",G8M,57,2.46,2.46,1017813603.5,185656.56193391615,1753800849569,Synapse54,1753800849569,Synapse54
125,"G8N (Hebertville, QC)",G8N,22,1.94,1.94,473865737.0,121456.61747790436,1753800849569,Synapse54,1753800849569,Synapse54
126,"G8P (Chibougamau, QC)",G8P,95,2.9,2.9,2435879767.5,197043.63571528325,1753800849569,Synapse54,1753800849569,Synapse54
127,"G8T (Trois-Rivieres, QC)",G8T,621,4.36,4.36,53667241.0,76442.1934749919,1753800849569,Synapse54,1753800849569,Synapse54
128,"G8V (Trois-Rivieres, QC)",G8V,90,1.92,1.92,104632608.0,66015.1834431966,1753800849569,Synapse54,1753800849569,Synapse54
129,"G8W (Trois-Rivieres, QC)",G8W,136,2.66,2.66,128446737.0,76697.25349343411,1753800849569,Synapse54,1753800849569,Synapse54
130,"G8Y (Trois-Rivieres, QC)",G8Y,829,5.04,5.04,45724725.5,37933.330899285655,1753800849569,Synapse54,1753800849569,Synapse54
131,"G8Z (Trois-Rivieres, QC)",G8Z,1100,14.71,14.71,16678138.0,22099.08240994394,1753800849569,Synapse54,1753800849569,Synapse54
132,"G9A (Trois-Rivieres, QC)",G9A,949,7.81,7.81,105086814.0,113245.62209754915,1753800849569,Synapse54,1753800849569,Synapse54
133,"G9B (Trois-Rivieres, QC)",G9B,199,2.31,2.31,216934834.5,89385.35803757486,1753800849569,Synapse54,1753800849569,Synapse54
134,"G9C (Trois-Rivieres, QC)",G9C,18,1.02,1.02,12875179.0,26201.339674832936,1753800849569,Synapse54,1753800849569,Synapse54
135,"G9H (Becancour, QC)",G9H,145,2.16,2.16,965246378.5,214717.67022828877,1753800849569,Synapse54,1753800849569,Synapse54
136,"G9N (Shawinigan, QC)",G9N,415,4.54,4.54,149583035.5,113854.1611209567,1753800849569,Synapse54,1753800849569,Synapse54
137,"G9P (Shawinigan, QC)",G9P,127,2.15,2.15,32510118.0,38949.97843748969,1753800849569,Synapse54,1753800849569,Synapse54
138,"G9R (Shawinigan, QC)",G9R,15,1.26,1.26,156430596.5,105284.31387222232,1753800849569,Synapse54,1753800849569,Synapse54
139,"G9T (Grand-Mere, QC)",G9T,221,2.55,2.55,175921560.5,90399.15322236488,1753800849569,Synapse54,1753800849569,Synapse54
140,"G9X (La Tuque, QC)",G9X,136,2.56,2.56,4798536478.5,388015.362952818,1753800849569,Synapse54,1753800849569,Synapse54
141,"H0M (Akwesasne, QC)",H0M,0,0.0,0.0,4195699.0,36371.52492841964,1753800849569,Synapse54,1753800849569,Synapse54
142,"H1A (Montreal, QC)",H1A,309,2.0,2.0,32047972.5,27217.161718354222,1753800849569,Synapse54,1753800849569,Synapse54
143,"H1B (Montreal, QC)",H1B,257,2.76,2.76,42382103.0,29920.24369847441,1753800849569,Synapse54,1753800849569,Synapse54
144,"H1C (Montreal, QC)",H1C,47,0.93,0.93,26679819.5,25870.587310829436,1753800849569,Synapse54,1753800849569,Synapse54
145,"H1E (Montreal, QC)",H1E,191,1.1,1.1,29995565.0,23264.2709841518,1753800849569,Synapse54,1753800849569,Synapse54
146,"H1G (Montreal, QC)",H1G,619,2.95,2.95,16132403.5,17322.15503203977,1753800849569,Synapse54,1753800849569,Synapse54
147,"H1H (Montreal, QC)",H1H,449,2.69,2.69,10210927.5,13709.108640935121,1753800849569,Synapse54,1753800849569,Synapse54
148,"H1J (Montreal, QC)",H1J,103,2.12,2.12,18502722.0,18581.449355666224,1753800849569,Synapse54,1753800849569,Synapse54
149,"H1K (Montreal, QC)",H1K,388,2.45,2.45,12667226.5,15052.99246391506,1753800849569,Synapse54,1753800849569,Synapse54
150,"H1L (Montreal, QC)",H1L,660,3.91,3.91,13596541.5,17573.19469361058,1753800849569,Synapse54,1753800849569,Synapse54
151,"H1M (Montreal, QC)",H1M,448,3.12,3.12,10690212.5,15457.65729265879,1753800849569,Synapse54,1753800849569,Synapse54
152,"H1N (Montreal, QC)",H1N,491,4.02,4.02,114734629.5,108616.9951420107,1753800849569,Synapse54,1753800849569,Synapse54
153,"H1P (Montreal, QC)",H1P,99,1.28,1.28,10601632.5,14342.38560083787,1753800849569,Synapse54,1753800849569,Synapse54
154,"H1R (Montreal, QC)",H1R,222,1.82,1.82,9518827.0,14180.86920094836,1753800849569,Synapse54,1753800849569,Synapse54
155,"H1S (Montreal, QC)",H1S,227,1.98,1.98,7438851.0,13261.062397135287,1753800849569,Synapse54,1753800849569,Synapse54
156,"H1T (Montreal, QC)",H1T,716,4.47,4.47,8407123.5,15836.037610683787,1753800849569,Synapse54,1753800849569,Synapse54
157,"H1V (Montreal, QC)",H1V,627,5.15,5.15,6852649.0,10988.833869692491,1753800849569,Synapse54,1753800849569,Synapse54
158,"H1W (Montreal, QC)",H1W,1049,5.83,5.83,6100526.0,11263.239274717751,1753800849569,Synapse54,1753800849569,Synapse54
159,"H1X (Montreal, QC)",H1X,802,4.94,4.94,8450164.0,13619.608619583656,1753800849569,Synapse54,1753800849569,Synapse54
160,"H1Y (Montreal, QC)",H1Y,609,3.96,3.96,5352874.0,10916.549919811729,1753800849569,Synapse54,1753800849569,Synapse54
161,"H1Z (Montreal, QC)",H1Z,543,3.74,3.74,14307589.5,14883.881987328181,1753800849569,Synapse54,1753800849569,Synapse54
162,"H2A (Montreal, QC)",H2A,557,5.71,5.71,4232942.0,8758.55230005682,1753800849569,Synapse54,1753800849569,Synapse54
163,"H2B (Montreal, QC)",H2B,313,3.69,3.69,5947505.5,9676.70118562271,1753800849569,Synapse54,1753800849569,Synapse54
164,"H2C (Montreal, QC)",H2C,369,3.9,3.9,5556278.0,9971.926462140602,1753800849569,Synapse54,1753800849569,Synapse54
165,"H2E (Montreal, QC)",H2E,741,6.42,6.42,3830518.5,8073.841629300861,1753800849569,Synapse54,1753800849569,Synapse54
166,"H2G (Montreal, QC)",H2G,599,5.26,5.26,4217958.5,9248.80721597901,1753800849569,Synapse54,1753800849569,Synapse54
167,"H2H (Montreal, QC)",H2H,483,6.5,6.5,2682198.0,6982.709947140798,1753800849569,Synapse54,1753800849569,Synapse54
168,"H2J (Montreal, QC)",H2J,1100,7.29,7.29,3975815.0,8085.511309426667,1753800849569,Synapse54,1753800849569,Synapse54
169,"H2K (Montreal, QC)",H2K,1410,8.04,8.04,5762510.0,9775.787359183401,1753800849569,Synapse54,1753800849569,Synapse54
170,"H2L (Montreal, QC)",H2L,1574,9.16,9.16,5652250.0,10530.305700195246,1753800849569,Synapse54,1753800849569,Synapse54
171,"H2M (Montreal, QC)",H2M,351,3.72,3.72,6840427.0,11504.156734199103,1753800849569,Synapse54,1753800849569,Synapse54
172,"H2N (Montreal, QC)",H2N,103,3.61,3.61,2336770.0,6414.770804238481,1753800849569,Synapse54,1753800849569,Synapse54
173,"H2P (Montreal, QC)",H2P,449,5.92,5.92,3440041.0,8481.97690702558,1753800849569,Synapse54,1753800849569,Synapse54
174,"H2R (Montreal, QC)",H2R,702,5.36,5.36,4573627.0,8588.564684485442,1753800849569,Synapse54,1753800849569,Synapse54
175,"H2S (Montreal, QC)",H2S,900,5.56,5.56,5062352.5,9483.95666520098,1753800849569,Synapse54,1753800849569,Synapse54
176,"H2T (Montreal, QC)",H2T,690,7.17,7.17,2792933.0,7309.603445409373,1753800849569,Synapse54,1753800849569,Synapse54
177,"H2V (Montreal, QC)",H2V,859,6.59,6.59,9406781.5,15649.479624539856,1753800849569,Synapse54,1753800849569,Synapse54
178,"H2W (Montreal, QC)",H2W,879,14.26,14.26,2122029.5,6886.736160398394,1753800849569,Synapse54,1753800849569,Synapse54
179,"H2X (Montreal, QC)",H2X,2999,20.52,20.52,3260860.5,9016.990098210114,1753800849569,Synapse54,1753800849569,Synapse54
180,"H2Y (Montreal, QC)",H2Y,119,4.51,4.51,1658875.0,7811.331119881591,1753800849569,Synapse54,1753800849569,Synapse54
181,"H2Z (Montreal, QC)",H2Z,346,12.91,12.91,598367.5,3228.1201023826216,1753800849569,Synapse54,1753800849569,Synapse54
182,"H3A (Montreal, QC)",H3A,923,27.77,27.77,1952640.0,8051.6260641867375,1753800849569,Synapse54,1753800849569,Synapse54
183,"H3B (Montreal, QC)",H3B,372,24.68,24.68,927950.0,5036.520981944944,1753800849569,Synapse54,1753800849569,Synapse54
184,"H3C (Montreal, QC)",H3C,1302,9.26,9.26,17209727.0,33681.90517416176,1753800849569,Synapse54,1753800849569,Synapse54
185,"H3E (Montreal, QC)",H3E,150,1.35,1.35,9825716.5,14615.034290309737,1753800849569,Synapse54,1753800849569,Synapse54
186,"H3G (Montreal, QC)",H3G,1671,20.2,20.2,2139910.0,8520.81981818768,1753800849569,Synapse54,1753800849569,Synapse54
187,"H3H (Montreal, QC)",H3H,2587,19.86,19.86,5138945.5,17420.06994824536,1753800849569,Synapse54,1753800849569,Synapse54
188,"H3J (Montreal, QC)",H3J,120,1.84,1.84,2674031.0,6742.466153977455,1753800849569,Synapse54,1753800849569,Synapse54
189,"H3K (Montreal, QC)",H3K,224,2.8,2.8,6571158.0,11318.657050191392,1753800849569,Synapse54,1753800849569,Synapse54
190,"H3L (Montreal, QC)",H3L,469,4.59,4.59,8682987.0,13055.356607199148,1753800849569,Synapse54,1753800849569,Synapse54
191,"H3M (Montreal, QC)",H3M,94,1.5,1.5,5900605.5,11105.82837103115,1753800849569,Synapse54,1753800849569,Synapse54
192,"H3N (Montreal, QC)",H3N,861,6.73,6.73,3362662.5,8891.918324885475,1753800849569,Synapse54,1753800849569,Synapse54
193,"H3P (Montreal, QC)",H3P,49,1.28,1.28,5651704.5,9798.453260458433,1753800849569,Synapse54,1753800849569,Synapse54
194,"H3R (Montreal, QC)",H3R,62,1.6,1.6,5400500.0,9553.23690396402,1753800849569,Synapse54,1753800849569,Synapse54
195,"H3S (Montreal, QC)",H3S,1535,9.79,9.79,5351564.5,9656.774003388971,1753800849569,Synapse54,1753800849569,Synapse54
196,"H3T (Montreal, QC)",H3T,1490,20.98,20.98,3607516.5,8899.065890536858,1753800849569,Synapse54,1753800849569,Synapse54
197,"H3V (Montreal, QC)",H3V,605,14.83,14.83,3676769.0,9340.08432806038,1753800849569,Synapse54,1753800849569,Synapse54
198,"H3W (Montreal, QC)",H3W,914,6.84,6.84,5569083.5,12464.00419712417,1753800849569,Synapse54,1753800849569,Synapse54
199,"H3X (Montreal, QC)",H3X,506,4.65,4.65,8676070.0,13038.712105834822,1753800849569,Synapse54,1753800849569,Synapse54
200,"H3Y (Montreal, QC)",H3Y,62,1.57,1.57,5680936.5,10400.46779440301,1753800849569,Synapse54,1753800849569,Synapse54
201,"H3Z (Montreal, QC)",H3Z,158,2.92,2.92,2971245.0,7979.12833061372,1753800849569,Synapse54,1753800849569,Synapse54
202,"H4A (Montreal, QC)",H4A,702,5.67,5.67,6339669.0,10830.775097279686,1753800849569,Synapse54,1753800849569,Synapse54
203,"H4B (Montreal, QC)",H4B,784,6.79,6.79,5495449.5,11430.593825626274,1753800849569,Synapse54,1753800849569,Synapse54
204,"H4C (Montreal, QC)",H4C,589,5.82,5.82,10079054.5,19231.90024241674,1753800849569,Synapse54,1753800849569,Synapse54
205,"H4E (Montreal, QC)",H4E,758,4.78,4.78,10446763.5,18116.080205740356,1753800849569,Synapse54,1753800849569,Synapse54
206,"H4G (Verdun, QC)",H4G,737,4.42,4.42,6200126.5,10435.627645908377,1753800849569,Synapse54,1753800849569,Synapse54
207,"H4H (Verdun, QC)",H4H,270,3.02,3.02,6500184.5,11023.978149390903,1753800849569,Synapse54,1753800849569,Synapse54
208,"H4J (Montreal, QC)",H4J,296,3.87,3.87,6400914.5,12111.703398579217,1753800849569,Synapse54,1753800849569,Synapse54
209,"H4K (Montreal, QC)",H4K,8,0.2,0.2,10268900.0,15365.586434704945,1753800849569,Synapse54,1753800849569,Synapse54
210,"H4L (Montreal, QC)",H4L,541,3.52,3.52,10499306.5,13425.367090877367,1753800849569,Synapse54,1753800849569,Synapse54
211,"H4M (Montreal, QC)",H4M,108,2.15,2.15,6193041.5,11376.386905744941,1753800849569,Synapse54,1753800849569,Synapse54
212,"H4N (Montreal, QC)",H4N,470,3.62,3.62,11515200.0,17692.530830513202,1753800849569,Synapse54,1753800849569,Synapse54
213,"H4P (Montreal, QC)",H4P,399,8.05,8.05,7616644.5,13917.162705093007,1753800849569,Synapse54,1753800849569,Synapse54
214,"H4R (Montreal, QC)",H4R,256,2.04,2.04,19778627.5,19925.041667183443,1753800849569,Synapse54,1753800849569,Synapse54
215,"H4S (Montreal, QC)",H4S,0,0.0,0.0,25736787.0,27350.179631335064,1753800849569,Synapse54,1753800849569,Synapse54
216,"H4T (Montreal, QC)",H4T,0,0.0,0.0,12913673.5,17286.679172996657,1753800849569,Synapse54,1753800849569,Synapse54
217,"H4V (Montreal, QC)",H4V,295,3.24,3.24,4860370.5,9490.823388671204,1753800849569,Synapse54,1753800849569,Synapse54
218,"H4W (Montreal, QC)",H4W,279,2.41,2.41,15741448.0,18055.60507168441,1753800849569,Synapse54,1753800849569,Synapse54
219,"H4X (Montreal, QC)",H4X,90,3.24,3.24,3272580.5,9711.337741501437,1753800849569,Synapse54,1753800849569,Synapse54
220,"H4Y (Pointe-Claire-Dorval, QC)",H4Y,0,0.0,0.0,13605865.0,21906.491759391112,1753800849569,Synapse54,1753800849569,Synapse54
221,"H4Z (Montreal, QC)",H4Z,4,17.39,17.39,48269.5,1084.0077881690113,1753800849569,Synapse54,1753800849569,Synapse54
222,"H5A (Montreal, QC)",H5A,0,0.0,0.0,70328.5,1077.3693943590201,1753800849569,Synapse54,1753800849569,Synapse54
223,"H5B (Montreal, QC)",H5B,3,9.38,9.38,69225.0,1241.39561389562,1753800849569,Synapse54,1753800849569,Synapse54
224,"H7A (Laval, QC)",H7A,54,0.7,0.7,55986161.0,35792.476329694015,1753800849569,Synapse54,1753800849569,Synapse54
225,"H7B (Laval, QC)",H7B,12,1.13,1.13,12833492.0,19465.102961418776,1753800849569,Synapse54,1753800849569,Synapse54
226,"H7C (Laval, QC)",H7C,65,1.81,1.81,26706438.0,33344.532757897236,1753800849569,Synapse54,1753800849569,Synapse54
227,"H7E (Laval, QC)",H7E,63,0.6,0.6,58603236.5,49715.749208773435,1753800849569,Synapse54,1753800849569,Synapse54
228,"H7G (Laval, QC)",H7G,228,2.51,2.51,12923832.5,19204.029301455565,1753800849569,Synapse54,1753800849569,Synapse54
229,"H7H (Laval, QC)",H7H,29,0.58,0.58,15956758.0,19199.605061874256,1753800849569,Synapse54,1753800849569,Synapse54
230,"H7J (Laval, QC)",H7J,6,0.69,0.69,53323302.0,33198.313020576155,1753800849569,Synapse54,1753800849569,Synapse54
231,"H7K (Laval, QC)",H7K,80,0.92,0.92,30865320.0,25890.412217277662,1753800849569,Synapse54,1753800849569,Synapse54
232,"H7L (Laval, QC)",H7L,119,0.84,0.84,44625160.0,29614.545742793118,1753800849569,Synapse54,1753800849569,Synapse54
233,"H7M (Laval, QC)",H7M,87,0.8,0.8,21060041.0,20135.878363934327,1753800849569,Synapse54,1753800849569,Synapse54
234,"H7N (Laval, QC)",H7N,726,3.33,3.33,22733173.5,31142.9739798465,1753800849569,Synapse54,1753800849569,Synapse54
235,"H7P (Laval, QC)",H7P,166,1.13,1.13,39418609.5,29119.748261948425,1753800849569,Synapse54,1753800849569,Synapse54
236,"H7R (Laval, QC)",H7R,126,1.04,1.04,39328921.5,33526.83151448517,1753800849569,Synapse54,1753800849569,Synapse54
237,"H7S (Laval, QC)",H7S,72,2.1,2.1,10962382.0,13461.308964386186,1753800849569,Synapse54,1753800849569,Synapse54
238,"H7T (Laval, QC)",H7T,157,1.34,1.34,19220992.5,21847.72561749218,1753800849569,Synapse54,1753800849569,Synapse54
239,"H7V (Laval, QC)",H7V,279,2.62,2.62,13084368.0,17090.83415240245,1753800849569,Synapse54,1753800849569,Synapse54
240,"H7W (Laval, QC)",H7W,137,0.78,0.78,21296664.5,20542.33134907331,1753800849569,Synapse54,1753800849569,Synapse54
241,"H7X (Laval, QC)",H7X,79,0.79,0.79,31137712.0,25106.867662548826,1753800849569,Synapse54,1753800849569,Synapse54
242,"H7Y (Laval, QC)",H7Y,0,0.0,0.0,14444971.0,18869.75173232823,1753800849569,Synapse54,1753800849569,Synapse54
243,"H8N (Lasalle, QC)",H8N,663,4.59,4.59,14389471.0,18103.010513945057,1753800849569,Synapse54,1753800849569,Synapse54
244,"H8P (Lasalle, QC)",H8P,280,2.61,2.61,21862717.5,20668.285538772176,1753800849569,Synapse54,1753800849569,Synapse54
245,"H8R (Lasalle, QC)",H8R,552,3.87,3.87,18116586.5,27293.21202861797,1753800849569,Synapse54,1753800849569,Synapse54
246,"H8S (Lasalle, QC)",H8S,455,3.55,3.55,19856874.0,24144.754425147134,1753800849569,Synapse54,1753800849569,Synapse54
247,"H8T (Pointe-Claire-Dorval, QC)",H8T,105,1.62,1.62,21610415.0,20729.17122189251,1753800849569,Synapse54,1753800849569,Synapse54
248,"H8Y (Roxboro, QC)",H8Y,136,1.81,1.81,14039619.0,22252.616674527148,1753800849569,Synapse54,1753800849569,Synapse54
249,"H8Z (Roxboro, QC)",H8Z,79,1.35,1.35,11082242.5,14451.759662340886,1753800849569,Synapse54,1753800849569,Synapse54
250,"H9A (Pierrefonds, QC)",H9A,44,0.71,0.71,9353959.0,13155.163982221264,1753800849569,Synapse54,1753800849569,Synapse54
251,"H9B (Roxboro, QC)",H9B,134,1.73,1.73,14796114.0,18421.91025899604,1753800849569,Synapse54,1753800849569,Synapse54
252,"H9C (Pierrefonds, QC)",H9C,13,0.3,0.3,24503744.5,20531.792890304176,1753800849569,Synapse54,1753800849569,Synapse54
253,"H9E (Pierrefonds, QC)",H9E,14,1.08,1.08,42250333.0,27083.5790617143,1753800849569,Synapse54,1753800849569,Synapse54
254,"H9G (Pointe-Claire-Dorval, QC)",H9G,52,0.88,0.88,8457140.5,12464.539249179079,1753800849569,Synapse54,1753800849569,Synapse54
255,"H9H (Pierrefonds, QC)",H9H,160,1.66,1.66,19613903.5,23879.67204388559,1753800849569,Synapse54,1753800849569,Synapse54
256,"H9J (Pierrefonds, QC)",H9J,16,0.21,0.21,17167469.0,23970.816444803262,1753800849569,Synapse54,1753800849569,Synapse54
257,"H9K (Pierrefonds, QC)",H9K,26,0.79,0.79,30500131.5,26824.382930325875,1753800849569,Synapse54,1753800849569,Synapse54
258,"H9P (Pointe-Claire-Dorval, QC)",H9P,3,0.19,0.19,19498535.0,39692.170261991225,1753800849569,Synapse54,1753800849569,Synapse54
259,"H9R (Pointe-Claire-Dorval, QC)",H9R,124,1.15,1.15,29882299.5,25305.84671237734,1753800849569,Synapse54,1753800849569,Synapse54
260,"H9S (Pointe-Claire-Dorval, QC)",H9S,233,2.09,2.09,78965867.0,44171.880466646624,1753800849569,Synapse54,1753800849569,Synapse54
261,"H9W (Beaconsfield, QC)",H9W,45,0.63,0.63,43852698.0,28888.96518701168,1753800849569,Synapse54,1753800849569,Synapse54
262,"H9X (Sainte-Anne-De-Bellevue, QC)",H9X,116,2.92,2.92,73291956.5,35517.603411509444,1753800849569,Synapse54,1753800849569,Synapse54
263,"J0A (Warwick, QC)",J0A,241,2.82,2.82,2834357143.0,359358.8229727042,1753800849569,Synapse54,1753800849569,Synapse54
264,"J0B (Richmond, QC)",J0B,670,2.28,2.28,10667378133.5,1065896.4278918828,1753800849569,Synapse54,1753800849569,Synapse54
265,"J0C (Saint-Germain-De-Grantham, QC)",J0C,186,1.87,1.87,2217789273.0,543899.6487326861,1753800849569,Synapse54,1753800849569,Synapse54
266,"J0E (Waterloo, QC)",J0E,360,1.41,1.41,4549634499.230469,648394.7017630582,1753800849569,Synapse54,1753800849569,Synapse54
267,"J0G (Saint-Francois-Du-Lac, QC)",J0G,172,2.02,2.02,2514787680.5,333340.5205009883,1753800849569,Synapse54,1753800849569,Synapse54
268,"J0H (Acton Vale, QC)",J0H,492,2.15,2.15,4017334345.9570312,538883.6400762808,1753800849569,Synapse54,1753800849569,Synapse54
269,"J0J (Napierville, QC)",J0J,250,1.36,1.36,3163504441.4609375,385870.6950955986,1753800849569,Synapse54,1753800849569,Synapse54
270,"J0K (Rawdon, QC)",J0K,1561,2.1,2.1,29697039721.0,1406950.3334880418,1753800849569,Synapse54,1753800849569,Synapse54
271,"J0L (Saint-Amable, QC)",J0L,770,2.0,2.0,2780902762.0429688,596544.2844540038,1753800849569,Synapse54,1753800849569,Synapse54
272,"J0M (Chisasibi, QC)",J0M,318,4.55,4.55,2507274503756.0,24396187.397056405,1753800849569,Synapse54,1753800849569,Synapse54
273,"J0N (Sainte-Marthe-Sur-Le-Lac, QC)",J0N,195,1.24,1.24,341790001.0,92049.64421828423,1753800849569,Synapse54,1753800849569,Synapse54
274,"J0P (Saint-Zotique, QC)",J0P,271,1.47,1.47,1320873265.0,299819.56036801497,1753800849569,Synapse54,1753800849569,Synapse54
275,"J0R (Saint-Sauveur, QC)",J0R,154,0.81,0.81,549507968.0,153164.86554496005,1753800849569,Synapse54,1753800849569,Synapse54
276,"J0S (Sainte-Martine, QC)",J0S,337,2.1,2.1,3261392891.5,373681.8522427627,1753800849569,Synapse54,1753800849569,Synapse54
277,"J0T (Saint-Donat-De-Montcalm, QC)",J0T,399,1.41,1.41,10294024616.5,948593.2698027412,1753800849569,Synapse54,1753800849569,Synapse54
278,"J0V (Saint-Andre-Avellin, QC)",J0V,200,1.48,1.48,5169637352.5,604696.2148960141,1753800849569,Synapse54,1753800849569,Synapse54
279,"J0W (Lac-Des-Ecorces, QC)",J0W,113,1.29,1.29,72760667284.5,2116484.49890364,1753800849569,Synapse54,1753800849569,Synapse54
280,"J0X (Wakefield, QC)",J0X,333,1.5,1.5,18401542242.5,1302599.5812032141,1753800849569,Synapse54,1753800849569,Synapse54
281,"J0Y (Malartic, QC)",J0Y,345,3.0,3.0,223534310999.0,3278730.6722274064,1753800849569,Synapse54,1753800849569,Synapse54
282,"J0Z (Lorrainville, QC)",J0Z,454,3.01,3.01,59867601510.0,2216439.0400546975,1753800849569,Synapse54,1753800849569,Synapse54
283,"J1A (Coaticook, QC)",J1A,139,3.15,3.15,568143726.5,138682.11350637994,1753800849569,Synapse54,1753800849569,Synapse54
284,"J1C (Sherbrooke, QC)",J1C,70,2.45,2.45,148314795.5,58854.95341782354,1753800849569,Synapse54,1753800849569,Synapse54
285,"J1E (Sherbrooke, QC)",J1E,1098,8.13,8.13,36392307.5,31305.785200373433,1753800849569,Synapse54,1753800849569,Synapse54
286,"J1G (Sherbrooke, QC)",J1G,407,4.27,4.27,23722537.5,26568.26494121696,1753800849569,Synapse54,1753800849569,Synapse54
287,"J1H (Sherbrooke, QC)",J1H,2233,12.99,12.99,90156997.5,95524.0591322304,1753800849569,Synapse54,1753800849569,Synapse54
288,"J1J (Sherbrooke, QC)",J1J,354,4.55,4.55,14850239.5,21529.415696903085,1753800849569,Synapse54,1753800849569,Synapse54
289,"J1K (Sherbrooke, QC)",J1K,652,17.5,17.5,14646372.0,20632.820225363073,1753800849569,Synapse54,1753800849569,Synapse54
290,"J1L (Sherbrooke, QC)",J1L,318,3.88,3.88,27073074.0,24825.97616578884,1753800849569,Synapse54,1753800849569,Synapse54
291,"J1M (Sherbrooke, QC)",J1M,315,11.26,11.26,66319442.5,51850.27975629163,1753800849569,Synapse54,1753800849569,Synapse54
292,"J1N (Sherbrooke, QC)",J1N,385,2.51,2.51,196798113.5,75865.43435097949,1753800849569,Synapse54,1753800849569,Synapse54
293,"J1R (Sherbrooke, QC)",J1R,61,1.3,1.3,129969730.0,55500.89678544112,1753800849569,Synapse54,1753800849569,Synapse54
294,"J1S (Windsor, QC)",J1S,123,3.51,3.51,306725365.5,94080.75320925176,1753800849569,Synapse54,1753800849569,Synapse54
295,"J1T (Val-Des-Sources, QC)",J1T,153,3.71,3.71,94108625.0,49846.76465177346,1753800849569,Synapse54,1753800849569,Synapse54
296,"J1X (Magog, QC)",J1X,330,1.93,1.93,728921445.0,201253.21200864858,1753800849569,Synapse54,1753800849569,Synapse54
297,"J1Z (Saint-Cyrille-De-Wendover, QC)",J1Z,60,2.62,2.62,352999380.0,123836.95765720992,1753800849569,Synapse54,1753800849569,Synapse54
298,"J2A (Drummondville, QC)",J2A,179,3.37,3.37,210419353.0,83920.96306970775,1753800849569,Synapse54,1753800849569,Synapse54
299,"J2B (Drummondville, QC)",J2B,806,4.87,4.87,262759591.40234375,162201.91283563137,1753800849569,Synapse54,1753800849569,Synapse54
300,"J2C (Drummondville, QC)",J2C,660,4.36,4.36,46328225.59765625,41604.1853996451,1753800849569,Synapse54,1753800849569,Synapse54
301,"J2E (Drummondville, QC)",J2E,76,3.59,3.59,18350789.5,28926.839340474853,1753800849569,Synapse54,1753800849569,Synapse54
302,"J2G (Granby, QC)",J2G,643,4.37,4.37,27125065.5,40964.248286282396,1753800849569,Synapse54,1753800849569,Synapse54
303,"J2H (Granby, QC)",J2H,96,0.98,0.98,136788271.0,82651.78876586944,1753800849569,Synapse54,1753800849569,Synapse54
304,"J2J (Granby, QC)",J2J,346,3.81,3.81,158975426.5,75483.31166212616,1753800849569,Synapse54,1753800849569,Synapse54
305,"J2K (Cowansville, QC)",J2K,270,2.95,2.95,327067186.0,107161.13325887192,1753800849569,Synapse54,1753800849569,Synapse54
306,"J2L (Bromont, QC)",J2L,113,1.91,1.91,230068726.0,81624.30958657779,1753800849569,Synapse54,1753800849569,Synapse54
307,"J2M (Shefford, QC)",J2M,36,1.15,1.15,242332781.2734375,116121.4987637872,1753800849569,Synapse54,1753800849569,Synapse54
308,"J2N (Farnham, QC)",J2N,218,4.36,4.36,187541869.5,67299.99265741695,1753800849569,Synapse54,1753800849569,Synapse54
309,"J2R (Saint-Hyacinthe, QC)",J2R,71,1.65,1.65,202913088.0,104737.13437793839,1753800849569,Synapse54,1753800849569,Synapse54
310,"J2S (Saint-Hyacinthe, QC)",J2S,909,5.93,5.93,64473264.0,73386.10579135851,1753800849569,Synapse54,1753800849569,Synapse54
311,"J2T (Saint-Hyacinthe, QC)",J2T,215,2.63,2.63,91771688.0,53456.23963708392,1753800849569,Synapse54,1753800849569,Synapse54
312,"J2W (Saint-Jean-Sur-Richelieu, QC)",J2W,107,0.91,0.91,103463004.5,59571.138073747235,1753800849569,Synapse54,1753800849569,Synapse54
313,"J2X (Saint-Jean-Sur-Richelieu, QC)",J2X,211,2.35,2.35,145676986.0,80102.73759580929,1753800849569,Synapse54,1753800849569,Synapse54
314,"J2Y (Saint-Jean-Sur-Richelieu, QC)",J2Y,0,0.0,0.0,146400386.17578125,73826.30271667863,1753800849569,Synapse54,1753800849569,Synapse54
315,"J3A (Saint-Jean-Sur-Richelieu, QC)",J3A,182,3.5,3.5,6186209.0,11188.578319190965,1753800849569,Synapse54,1753800849569,Synapse54
316,"J3B (Saint-Jean-Sur-Richelieu, QC)",J3B,616,3.79,3.79,95704303.5,54381.46319865555,1753800849569,Synapse54,1753800849569,Synapse54
317,"J3E (Sainte-Julie, QC)",J3E,138,1.14,1.14,105827610.5,60902.63170645707,1753800849569,Synapse54,1753800849569,Synapse54
318,"J3G (Beloeil, QC)",J3G,252,1.69,1.69,171490984.5,98109.63892656052,1753800849569,Synapse54,1753800849569,Synapse54
319,"J3H (Beloeil, QC)",J3H,117,1.05,1.05,80996367.5,55540.40786090735,1753800849569,Synapse54,1753800849569,Synapse54
320,"J3L (Chambly, QC)",J3L,335,1.49,1.49,364093398.0,124754.83820581688,1753800849569,Synapse54,1753800849569,Synapse54
321,"J3M (Marieville, QC)",J3M,133,2.71,2.71,126097256.5,55752.50302456562,1753800849569,Synapse54,1753800849569,Synapse54
322,"J3N (St-Basile-Le-Grand, QC)",J3N,21,0.31,0.31,74736126.0,37659.20099111866,1753800849569,Synapse54,1753800849569,Synapse54
323,"J3P (Sorel-Tracy, QC)",J3P,282,2.21,2.21,211886795.0,80652.39762505802,1753800849569,Synapse54,1753800849569,Synapse54
324,"J3R (Sorel-Tracy, QC)",J3R,198,2.68,2.68,57862738.0,40488.46821105956,1753800849569,Synapse54,1753800849569,Synapse54
325,"J3T (Nicolet, QC)",J3T,90,2.32,2.32,271606732.5,71484.12258274788,1753800849569,Synapse54,1753800849569,Synapse54
326,"J3V (Saint-Bruno, QC)",J3V,62,0.58,0.58,90158805.5,51396.92313356961,1753800849569,Synapse54,1753800849569,Synapse54
327,"J3X (Varennes, QC)",J3X,119,1.37,1.37,232058892.5,71561.3428539275,1753800849569,Synapse54,1753800849569,Synapse54
328,"J3Y (Saint-Hubert, QC)",J3Y,472,1.67,1.67,101336037.0,100201.13539228243,1753800849569,Synapse54,1753800849569,Synapse54
329,"J3Z (Saint-Hubert, QC)",J3Z,10,0.51,0.51,22454206.0,63608.93575532092,1753800849569,Synapse54,1753800849569,Synapse54
330,"J4B (Boucherville, QC)",J4B,85,0.48,0.48,170076124.5,59886.44585342009,1753800849569,Synapse54,1753800849569,Synapse54
331,"J4G (Longueuil, QC)",J4G,88,1.75,1.75,25356829.5,23719.52752698455,1753800849569,Synapse54,1753800849569,Synapse54
332,"J4H (Longueuil, QC)",J4H,310,3.67,3.67,11650935.0,15524.513087115087,1753800849569,Synapse54,1753800849569,Synapse54
333,"J4J (Longueuil, QC)",J4J,647,4.16,4.16,15351226.5,21930.353895068798,1753800849569,Synapse54,1753800849569,Synapse54
334,"J4K (Longueuil, QC)",J4K,621,4.55,4.55,12801059.0,20426.997549827258,1753800849569,Synapse54,1753800849569,Synapse54
335,"J4L (Longueuil, QC)",J4L,481,3.28,3.28,14765810.5,16776.5326873664,1753800849569,Synapse54,1753800849569,Synapse54
336,"J4M (Longueuil, QC)",J4M,37,0.71,0.71,10545973.0,20915.15150342213,1753800849569,Synapse54,1753800849569,Synapse54
337,"J4N (Longueuil, QC)",J4N,89,1.66,1.66,9982414.5,18319.159231838094,1753800849569,Synapse54,1753800849569,Synapse54
338,"J4P (Longueuil, QC)",J4P,175,3.04,3.04,6998059.0,12458.778436344583,1753800849569,Synapse54,1753800849569,Synapse54
339,"J4R (Longueuil, QC)",J4R,139,2.74,2.74,5607448.0,11472.375668491168,1753800849569,Synapse54,1753800849569,Synapse54
340,"J4S (Longueuil, QC)",J4S,36,1.14,1.14,4293595.5,10044.635885759557,1753800849569,Synapse54,1753800849569,Synapse54
341,"J4T (Saint-Hubert, QC)",J4T,320,3.51,3.51,8655769.0,12531.329908587128,1753800849569,Synapse54,1753800849569,Synapse54
342,"J4V (Longueuil, QC)",J4V,102,1.34,1.34,9874770.0,19495.60469716676,1753800849569,Synapse54,1753800849569,Synapse54
343,"J4W (Longueuil, QC)",J4W,84,1.15,1.15,11512935.0,16336.628676963564,1753800849569,Synapse54,1753800849569,Synapse54
344,"J4X (Longueuil, QC)",J4X,42,0.54,0.54,13216489.5,15198.092586417742,1753800849569,Synapse54,1753800849569,Synapse54
345,"J4Y (Longueuil, QC)",J4Y,185,1.74,1.74,21259495.5,19670.691530096043,1753800849569,Synapse54,1753800849569,Synapse54
346,"J4Z (Longueuil, QC)",J4Z,354,2.79,2.79,42442433.5,36399.19983850107,1753800849569,Synapse54,1753800849569,Synapse54
347,"J5A (Saint-Constant, QC)",J5A,149,1.2,1.2,123489244.5,53706.37543156535,1753800849569,Synapse54,1753800849569,Synapse54
348,"J5B (Delson, QC)",J5B,51,1.57,1.57,13765665.5,25868.554957637258,1753800849569,Synapse54,1753800849569,Synapse54
349,"J5C (Sainte-Catherine, QC)",J5C,108,1.53,1.53,20056189.5,22328.89425891819,1753800849569,Synapse54,1753800849569,Synapse54
350,"J5J (Sainte-Sophie, QC)",J5J,232,2.95,2.95,230905181.0,66651.47964912902,1753800849569,Synapse54,1753800849569,Synapse54
351,"J5K (Saint-Colomban, QC)",J5K,137,1.92,1.92,193780426.5,69823.6154247918,1753800849569,Synapse54,1753800849569,Synapse54
352,"J5L (Saint-Jerome, QC)",J5L,235,2.38,2.38,95796285.0,58040.91698594175,1753800849569,Synapse54,1753800849569,Synapse54
353,"J5M (Saint-Lin-Laurentides, QC)",J5M,316,3.09,3.09,245439917.0,79215.19535436288,1753800849569,Synapse54,1753800849569,Synapse54
354,"J5N (Saint-Lin-Laurentides, QC)",J5N,189,2.93,2.93,190530835.0,58815.89393433861,1753800849569,Synapse54,1753800849569,Synapse54
355,"J5R (La Prairie, QC)",J5R,271,1.29,1.29,116490762.5,83791.09209902641,1753800849569,Synapse54,1753800849569,Synapse54
356,"J5T (Lavaltrie, QC)",J5T,179,2.82,2.82,154486438.5,59411.55582605956,1753800849569,Synapse54,1753800849569,Synapse54
357,"J5V (Louiseville, QC)",J5V,131,3.51,3.51,506748881.0,179854.3461791025,1753800849569,Synapse54,1753800849569,Synapse54
358,"J5W (L'assomption, QC)",J5W,176,1.56,1.56,332828346.5,103350.78663938354,1753800849569,Synapse54,1753800849569,Synapse54
359,"J5X (L'epiphanie, QC)",J5X,70,1.9,1.9,93137482.5,61537.5779427655,1753800849569,Synapse54,1753800849569,Synapse54
360,"J5Y (Repentigny, QC)",J5Y,76,0.67,0.67,22356230.5,21230.469901767003,1753800849569,Synapse54,1753800849569,Synapse54
361,"J5Z (Repentigny, QC)",J5Z,264,2.2,2.2,78014581.0,40720.846170485005,1753800849569,Synapse54,1753800849569,Synapse54
362,"J6A (Repentigny, QC)",J6A,187,1.24,1.24,48655375.5,39943.850012514275,1753800849569,Synapse54,1753800849569,Synapse54
363,"J6E (Joliette, QC)",J6E,781,3.4,3.4,137214208.0,95275.2587794035,1753800849569,Synapse54,1753800849569,Synapse54
364,"J6J (Chateauguay, QC)",J6J,165,1.58,1.58,74217052.0,72123.22068999698,1753800849569,Synapse54,1753800849569,Synapse54
365,"J6K (Chateauguay, QC)",J6K,100,0.98,0.98,20188406.0,28536.15419577854,1753800849569,Synapse54,1753800849569,Synapse54
366,"J6N (Beauharnois, QC)",J6N,190,2.46,2.46,233462281.0,99024.33793574793,1753800849569,Synapse54,1753800849569,Synapse54
367,"J6R (Mercier, QC)",J6R,72,1.25,1.25,115347180.0,49311.90260299979,1753800849569,Synapse54,1753800849569,Synapse54
368,"J6S (Salaberry-De-Valleyfield, QC)",J6S,384,3.11,3.11,210261044.5,73467.37727321035,1753800849569,Synapse54,1753800849569,Synapse54
369,"J6T (Salaberry-De-Valleyfield, QC)",J6T,342,3.73,3.73,46981135.0,36756.956833154014,1753800849569,Synapse54,1753800849569,Synapse54
370,"J6V (Terrebonne, QC)",J6V,86,1.46,1.46,60800572.0,35889.68273881664,1753800849569,Synapse54,1753800849569,Synapse54
371,"J6W (Terrebonne, QC)",J6W,226,1.58,1.58,39136671.0,33325.59650886826,1753800849569,Synapse54,1753800849569,Synapse54
372,"J6X (Terrebonne, QC)",J6X,117,1.21,1.21,60225849.5,43095.169343531845,1753800849569,Synapse54,1753800849569,Synapse54
373,"J6Y (Terrebonne, QC)",J6Y,88,1.02,1.02,81550557.0,61201.9952124608,1753800849569,Synapse54,1753800849569,Synapse54
374,"J6Z (Rosemere, QC)",J6Z,72,0.9,0.9,22537924.0,22963.79436186629,1753800849569,Synapse54,1753800849569,Synapse54
375,"J7A (Rosemere, QC)",J7A,16,0.29,0.29,24339416.5,22941.14213233615,1753800849569,Synapse54,1753800849569,Synapse54
376,"J7B (Boisbriand, QC)",J7B,0,0.0,0.0,14667986.5,16792.064136555553,1753800849569,Synapse54,1753800849569,Synapse54
377,"J7C (Boisbriand, QC)",J7C,270,1.42,1.42,94216134.5,48996.310543076004,1753800849569,Synapse54,1753800849569,Synapse54
378,"J7E (Boisbriand, QC)",J7E,497,3.53,3.53,38942666.0,66768.75062873606,1753800849569,Synapse54,1753800849569,Synapse54
379,"J7G (Boisbriand, QC)",J7G,129,1.69,1.69,24826343.0,22844.466974416475,1753800849569,Synapse54,1753800849569,Synapse54
380,"J7H (Boisbriand, QC)",J7H,79,2.1,2.1,18524557.5,29683.633390851617,1753800849569,Synapse54,1753800849569,Synapse54
381,"J7J (Boisbriand, QC)",J7J,300,2.33,2.33,216897455.5,103444.96666308724,1753800849569,Synapse54,1753800849569,Synapse54
382,"J7K (Terrebonne, QC)",J7K,297,1.89,1.89,193069363.5,83975.60969421153,1753800849569,Synapse54,1753800849569,Synapse54
383,"J7L (Terrebonne, QC)",J7L,78,1.38,1.38,28664221.0,25040.678807417222,1753800849569,Synapse54,1753800849569,Synapse54
384,"J7M (Terrebonne, QC)",J7M,143,1.61,1.61,82543767.0,48321.76398543206,1753800849569,Synapse54,1753800849569,Synapse54
385,"J7N (Boisbriand, QC)",J7N,519,3.44,3.44,781900527.5,198254.3737699631,1753800849569,Synapse54,1753800849569,Synapse54
386,"J7P (Saint-Eustache, QC)",J7P,187,1.69,1.69,34525041.5,29797.38514106549,1753800849569,Synapse54,1753800849569,Synapse54
387,"J7R (Saint-Eustache, QC)",J7R,235,1.5,1.5,124808411.0,71490.55014073827,1753800849569,Synapse54,1753800849569,Synapse54
388,"J7T (Vaudreuil-Dorion, QC)",J7T,71,0.64,0.64,297651983.5,93415.04234638221,1753800849569,Synapse54,1753800849569,Synapse54
389,"J7V (Vaudreuil-Dorion, QC)",J7V,421,1.45,1.45,362449115.0,152968.31394129083,1753800849569,Synapse54,1753800849569,Synapse54
390,"J7W (Vaudreuil-Dorion, QC)",J7W,29,0.48,0.48,24383265.0,23490.450057951097,1753800849569,Synapse54,1753800849569,Synapse54
391,"J7X (Salaberry-De-Valleyfield, QC)",J7X,78,2.96,2.96,64920487.0,46286.99583260664,1753800849569,Synapse54,1753800849569,Synapse54
392,"J7Y (Saint-Jerome, QC)",J7Y,523,3.71,3.71,50087471.02734375,55705.64280837206,1753800849569,Synapse54,1753800849569,Synapse54
393,"J7Z (Saint-Jerome, QC)",J7Z,621,3.99,3.99,36942944.47265625,33700.08035698858,1753800849569,Synapse54,1753800849569,Synapse54
394,"J8A (Saint-Hippolyte, QC)",J8A,84,1.64,1.64,272351866.0,88660.25650248205,1753800849569,Synapse54,1753800849569,Synapse54
395,"J8B (Sainte-Adele, QC)",J8B,81,1.11,1.11,257661278.5,87331.95722532229,1753800849569,Synapse54,1753800849569,Synapse54
396,"J8C (Sainte-Agathe-Des-Monts, QC)",J8C,141,2.28,2.28,363538345.5,105828.83702167151,1753800849569,Synapse54,1753800849569,Synapse54
397,"J8E (Mont-Tremblant, QC)",J8E,127,2.11,2.11,598027685.5,128502.35538817226,1753800849569,Synapse54,1753800849569,Synapse54
398,"J8G (Brownsburg-Chatham, QC)",J8G,87,2.14,2.14,1206240278.5,237511.8555793957,1753800849569,Synapse54,1753800849569,Synapse54
399,"J8H (Lachute, QC)",J8H,243,3.17,3.17,482502118.5,169179.8899596451,1753800849569,Synapse54,1753800849569,Synapse54
400,"J8L (Gatineau, QC)",J8L,209,2.3,2.3,1293058071.0,172060.6388984216,1753800849569,Synapse54,1753800849569,Synapse54
401,"J8M (Gatineau, QC)",J8M,185,3.32,3.32,154732777.5,65024.547084615566,1753800849569,Synapse54,1753800849569,Synapse54
402,"J8N (Val-Des-Monts, QC)",J8N,98,1.56,1.56,1732302854.5,285589.92276472907,1753800849569,Synapse54,1753800849569,Synapse54
403,"J8P (Gatineau, QC)",J8P,575,3.57,3.57,58693548.0,43657.291681754716,1753800849569,Synapse54,1753800849569,Synapse54
404,"J8R (Gatineau, QC)",J8R,256,2.22,2.22,156666056.5,68675.20266685543,1753800849569,Synapse54,1753800849569,Synapse54
405,"J8T (Gatineau, QC)",J8T,622,3.41,3.41,47793402.0,43358.360078022946,1753800849569,Synapse54,1753800849569,Synapse54
406,"J8V (Gatineau, QC)",J8V,120,1.12,1.12,324712509.0,103708.66049045212,1753800849569,Synapse54,1753800849569,Synapse54
407,"J8X (Gatineau, QC)",J8X,630,9.32,9.32,14811708.0,18647.21034649298,1753800849569,Synapse54,1753800849569,Synapse54
408,"J8Y (Gatineau, QC)",J8Y,708,5.52,5.52,19695262.5,21673.890152602384,1753800849569,Synapse54,1753800849569,Synapse54
409,"J8Z (Gatineau, QC)",J8Z,386,5.51,5.51,23130629.5,26602.970961144994,1753800849569,Synapse54,1753800849569,Synapse54
410,"J9A (Gatineau, QC)",J9A,343,3.29,3.29,30373310.5,26686.619129442304,1753800849569,Synapse54,1753800849569,Synapse54
411,"J9B (Chelsea, QC)",J9B,11,0.33,0.33,246189543.5,86816.99350066783,1753800849569,Synapse54,1753800849569,Synapse54
412,"J9E (Maniwaki, QC)",J9E,129,3.37,3.37,1377109169.5,310831.3640939274,1753800849569,Synapse54,1753800849569,Synapse54
413,"J9H (Gatineau, QC)",J9H,295,2.1,2.1,62556078.0,44664.06309859117,1753800849569,Synapse54,1753800849569,Synapse54
414,"J9J (Gatineau, QC)",J9J,792,4.55,4.55,151255466.5,58327.94180700536,1753800849569,Synapse54,1753800849569,Synapse54
415,"J9L (Mont-Laurier, QC)",J9L,297,4.18,4.18,1339338847.0,180384.92529711727,1753800849569,Synapse54,1753800849569,Synapse54
416,"J9P (Val-D'or, QC)",J9P,687,4.24,4.24,3829796876.0,458548.2575127482,1753800849569,Synapse54,1753800849569,Synapse54
417,"J9T (Amos, QC)",J9T,288,4.69,4.69,683602510.0,189908.9748917051,1753800849569,Synapse54,1753800849569,Synapse54
418,"J9V (Rouyn-Noranda, QC)",J9V,39,2.27,2.27,297071822.0,76817.77391779536,1753800849569,Synapse54,1753800849569,Synapse54
419,"J9X (Rouyn-Noranda, QC)",J9X,950,7.9,7.9,301651162.0,120674.85661136823,1753800849569,Synapse54,1753800849569,Synapse54
420,"J9Y (Rouyn-Noranda, QC)",J9Y,78,1.72,1.72,2199066233.0,465878.96082864003,1753800849569,Synapse54,1753800849569,Synapse54
421,"J9Z (La Sarre, QC)",J9Z,202,5.76,5.76,348212296.0,88902.99107383726,1753800849569,Synapse54,1753800849569,Synapse54
