OBJECTID,DESCRIPTION,ID,ECYHRIAGG,thematic_value,Shape__Area,Shape__Length,CreationDate,Creator,EditDate,Editor
1,"G0A (Sainte-Anne-De-Beaupre, QC)",G0A,3804853238.42,3804853238.42,72760823790.5,3028971.212854449,1753802109669,Synapse54,1753802109669,Synapse54
2,"G0C (New Richmond, QC)",G0C,1703402065.54,1703402065.54,22075337398.492188,967680.4043130332,1753802109669,Synapse54,1753802109669,Synapse54
3,"G0E (Grande-Vallee, QC)",G0E,159296238.13,159296238.13,17330251329.5,625766.1683453334,1753802109669,Synapse54,1753802109669,Synapse54
4,"G0G (Fermont, QC)",G0G,717388084.6,717388084.6,488246740388.7383,13452850.295035336,1753802109669,Synapse54,1753802109669,Synapse54
5,"G0H (Pessamit, QC)",G0H,396458724.89,396458724.89,123893631441.5,3217405.6747955983,1753802109669,Synapse54,1753802109669,Synapse54
6,"G0J (Causapscal, QC)",G0J,924390183.52,924390183.52,30795263589.0,1187342.219615261,1753802109669,Synapse54,1753802109669,Synapse54
7,"G0K (Sainte-Luce, QC)",G0K,445632720.77,445632720.77,8964482448.5,530269.0600895187,1753802109669,Synapse54,1753802109669,Synapse54
8,"G0L (Trois-Pistoles, QC)",G0L,2130656255.77,2130656255.77,23226305480.5,1017338.6635460304,1753802109669,Synapse54,1753802109669,Synapse54
9,"G0M (Saint-Prosper-De-Dorchester, QC)",G0M,1222976956.93,1222976956.93,6354665678.5,678703.1375911924,1753802109669,Synapse54,1753802109669,Synapse54
10,"G0N (Disraeli, QC)",G0N,706023739.42,706023739.42,3579667597.5,610336.508657239,1753802109669,Synapse54,1753802109669,Synapse54
11,"G0P (Ham-Nord, QC)",G0P,227977660.95,227977660.95,1964344449.0,415202.1877963802,1753802109669,Synapse54,1753802109669,Synapse54
12,"G0R (La Pocatiere, QC)",G0R,3056568175.55,3056568175.55,17275130739.5,769075.2097201231,1753802109669,Synapse54,1753802109669,Synapse54
13,"G0S (Saint-Apollinaire, QC)",G0S,2736026810.03,2736026810.03,7546000235.5,718279.0049398947,1753802109669,Synapse54,1753802109669,Synapse54
14,"G0T (Forestville, QC)",G0T,489911810.2,489911810.2,20313438075.0,1270528.890385615,1753802109669,Synapse54,1753802109669,Synapse54
15,"G0V (Saint-Honore-De-Chicoutimi, QC)",G0V,775123187.69,775123187.69,24624561090.5,1237538.7672922572,1753802109669,Synapse54,1753802109669,Synapse54
16,"G0W (Saint-Bruno-Lac-Saint-Jean, QC)",G0W,1302907647.82,1302907647.82,380327320475.0,4323366.579971259,1753802109669,Synapse54,1753802109669,Synapse54
17,"G0X (Notre-Dame-Du-Mont-Carmel, QC)",G0X,2159361091.35,2159361091.35,39978887685.5,2171889.905015521,1753802109669,Synapse54,1753802109669,Synapse54
18,"G0Y (Lac-Drolet, QC)",G0Y,348339214.28,348339214.28,3810924397.5,557635.8571484805,1753802109669,Synapse54,1753802109669,Synapse54
19,"G0Z (Daveluyville, QC)",G0Z,306017883.08,306017883.08,1313913827.0,254093.22841298912,1753802109669,Synapse54,1753802109669,Synapse54
20,"G1A (Quebec, QC)",G1A,0.0,0.0,82312.0,1266.954133788689,1753802109669,Synapse54,1753802109669,Synapse54
21,"G1B (Quebec, QC)",G1B,782440426.3,782440426.3,87273797.0,41431.67400838665,1753802109669,Synapse54,1753802109669,Synapse54
22,"G1C (Quebec, QC)",G1C,1575895110.75,1575895110.75,42832173.5,38990.399766328665,1753802109669,Synapse54,1753802109669,Synapse54
23,"G1E (Quebec, QC)",G1E,1088729193.58,1088729193.58,21963715.5,24460.60804483201,1753802109669,Synapse54,1753802109669,Synapse54
24,"G1G (Quebec, QC)",G1G,1101060138.22,1101060138.22,23261499.5,21244.010790424363,1753802109669,Synapse54,1753802109669,Synapse54
25,"G1H (Quebec, QC)",G1H,1161234003.31,1161234003.31,17070653.5,16728.070206687444,1753802109669,Synapse54,1753802109669,Synapse54
26,"G1J (Quebec, QC)",G1J,859430619.54,859430619.54,15486417.5,18318.282612942763,1753802109669,Synapse54,1753802109669,Synapse54
27,"G1K (Quebec, QC)",G1K,761922274.99,761922274.99,9532326.5,27604.32226056824,1753802109669,Synapse54,1753802109669,Synapse54
28,"G1L (Quebec, QC)",G1L,845234257.66,845234257.66,8545974.0,13500.51656374446,1753802109669,Synapse54,1753802109669,Synapse54
29,"G1M (Quebec, QC)",G1M,847449046.1,847449046.1,17720734.5,19033.029965482125,1753802109669,Synapse54,1753802109669,Synapse54
30,"G1N (Quebec, QC)",G1N,349358053.02,349358053.02,13120575.0,20830.816804197915,1753802109669,Synapse54,1753802109669,Synapse54
31,"G1P (Quebec, QC)",G1P,617591019.27,617591019.27,23560383.5,22665.24353657779,1753802109669,Synapse54,1753802109669,Synapse54
32,"G1R (Quebec, QC)",G1R,825337298.54,825337298.54,6291861.0,12661.880571938687,1753802109669,Synapse54,1753802109669,Synapse54
33,"G1S (Quebec, QC)",G1S,1444997347.06,1444997347.06,11216915.28125,15661.567182113036,1753802109669,Synapse54,1753802109669,Synapse54
34,"G1T (Quebec, QC)",G1T,485337914.57,485337914.57,7077771.5,17602.81541790566,1753802109669,Synapse54,1753802109669,Synapse54
35,"G1V (Quebec, QC)",G1V,910028970.5,910028970.5,15730102.0,17979.112647239195,1753802109669,Synapse54,1753802109669,Synapse54
36,"G1W (Quebec, QC)",G1W,1266057673.52,1266057673.52,17198639.5,21801.94208985731,1753802109669,Synapse54,1753802109669,Synapse54
37,"G1X (Quebec, QC)",G1X,1367488667.58,1367488667.58,27103326.0,27337.079999136095,1753802109669,Synapse54,1753802109669,Synapse54
38,"G1Y (Quebec, QC)",G1Y,774857269.8,774857269.8,14262450.5,17939.63034370007,1753802109669,Synapse54,1753802109669,Synapse54
39,"G2A (Quebec, QC)",G2A,827996197.94,827996197.94,47271562.5,46123.605864486206,1753802109669,Synapse54,1753802109669,Synapse54
40,"G2B (Quebec, QC)",G2B,1068526262.85,1068526262.85,24328924.5,22475.77399457994,1753802109669,Synapse54,1753802109669,Synapse54
41,"G2C (Quebec, QC)",G2C,625551582.76,625551582.76,18432837.5,23131.360190110616,1753802109669,Synapse54,1753802109669,Synapse54
42,"G2E (Quebec, QC)",G2E,978797755.4,978797755.4,27707972.5,23903.30796073271,1753802109669,Synapse54,1753802109669,Synapse54
43,"G2G (Quebec, QC)",G2G,503768937.93,503768937.93,101799470.5,45275.85044604026,1753802109669,Synapse54,1753802109669,Synapse54
44,"G2J (Quebec, QC)",G2J,143062274.21,143062274.21,5412144.5,9862.14108739791,1753802109669,Synapse54,1753802109669,Synapse54
45,"G2K (Quebec, QC)",G2K,741705393.15,741705393.15,30349819.5,31745.12588440936,1753802109669,Synapse54,1753802109669,Synapse54
46,"G2L (Quebec, QC)",G2L,717310700.26,717310700.26,25127554.5,22805.966601331882,1753802109669,Synapse54,1753802109669,Synapse54
47,"G2M (Quebec, QC)",G2M,298396814.59,298396814.59,44779584.0,34604.08492657024,1753802109669,Synapse54,1753802109669,Synapse54
48,"G2N (Quebec, QC)",G2N,366852755.03,366852755.03,31035228.5,31796.238354131285,1753802109669,Synapse54,1753802109669,Synapse54
49,"G3A (St-Augustin-De-Desmaures, QC)",G3A,1238881072.02,1238881072.02,188876871.0,74472.4753726992,1753802109669,Synapse54,1753802109669,Synapse54
50,"G3B (Lac-Beauport, QC)",G3B,547015224.29,547015224.29,139197319.5,64423.23371099803,1753802109669,Synapse54,1753802109669,Synapse54
51,"G3C (Stoneham-Et-Tewkesbury, QC)",G3C,547618048.76,547618048.76,1330849498.5,175874.56931808186,1753802109669,Synapse54,1753802109669,Synapse54
52,"G3E (Quebec, QC)",G3E,710807147.39,710807147.39,18489209.0,20620.301807363456,1753802109669,Synapse54,1753802109669,Synapse54
53,"G3G (Quebec, QC)",G3G,430095877.36,430095877.36,83002473.0,53192.861834286385,1753802109669,Synapse54,1753802109669,Synapse54
54,"G3H (Pont-Rouge, QC)",G3H,442310570.4,442310570.4,279179695.0,100842.62742278028,1753802109669,Synapse54,1753802109669,Synapse54
55,"G3J (Quebec, QC)",G3J,455206241.81,455206241.81,85589532.0,54640.87343863765,1753802109669,Synapse54,1753802109669,Synapse54
56,"G3K (Quebec, QC)",G3K,955823114.77,955823114.77,66926850.0,43417.9629367511,1753802109669,Synapse54,1753802109669,Synapse54
57,"G3L (Saint-Raymond, QC)",G3L,444801622.09,444801622.09,2499240685.5,293711.66523440205,1753802109669,Synapse54,1753802109669,Synapse54
58,"G3M (Donnacona, QC)",G3M,291264194.93,291264194.93,76895468.5,38932.06578942634,1753802109669,Synapse54,1753802109669,Synapse54
59,"G3N (Ste-Catherine-De-La-J-Cartier, QC)",G3N,549295931.6,549295931.6,179093818.5,91193.27748891739,1753802109669,Synapse54,1753802109669,Synapse54
60,"G3S (Quebec, QC)",G3S,348629719.44,348629719.44,162242772.5,88360.35793053103,1753802109669,Synapse54,1753802109669,Synapse54
61,"G3Z (Baie-Saint-Paul, QC)",G3Z,283380205.68,283380205.68,1221045873.0,165284.53951195258,1753802109669,Synapse54,1753802109669,Synapse54
62,"G4A (Clermont, QC)",G4A,119454440.84,119454440.84,1226794529.0,167560.43929327332,1753802109669,Synapse54,1753802109669,Synapse54
63,"G4R (Sept-Iles, QC)",G4R,890486006.98,890486006.98,1888740693.0195312,364416.3918226564,1753802109669,Synapse54,1753802109669,Synapse54
64,"G4S (Sept-Iles, QC)",G4S,219672876.89,219672876.89,13736729.5,31952.335224803264,1753802109669,Synapse54,1753802109669,Synapse54
65,"G4T (Les Iles-De-La-Madeleine, QC)",G4T,579804616.59,579804616.59,500054815.0,511013.5871236407,1753802109669,Synapse54,1753802109669,Synapse54
66,"G4V (Sainte-Anne-Des-Monts, QC)",G4V,222750789.51,222750789.51,780273522.0,168670.12216022852,1753802109669,Synapse54,1753802109669,Synapse54
67,"G4W (Matane, QC)",G4W,520951499.63,520951499.63,466220652.0,100520.51806568402,1753802109669,Synapse54,1753802109669,Synapse54
68,"G4X (Gaspe, QC)",G4X,598061534.11,598061534.11,2615126201.546875,406673.89112098655,1753802109669,Synapse54,1753802109669,Synapse54
69,"G4Z (Baie-Comeau, QC)",G4Z,414730123.5,414730123.5,1669244051.0,336717.80497552885,1753802109669,Synapse54,1753802109669,Synapse54
70,"G5A (La Malbaie, QC)",G5A,308816838.93,308816838.93,905867526.5,176911.55690727945,1753802109669,Synapse54,1753802109669,Synapse54
71,"G5B (Port-Cartier, QC)",G5B,285732857.86,285732857.86,742256392.5,203831.72178845698,1753802109669,Synapse54,1753802109669,Synapse54
72,"G5C (Baie-Comeau, QC)",G5C,469223836.26,469223836.26,78061848.0,48691.63220890317,1753802109669,Synapse54,1753802109669,Synapse54
73,"G5H (Mont-Joli, QC)",G5H,227135255.45,227135255.45,128376656.5,53923.191144203476,1753802109669,Synapse54,1753802109669,Synapse54
74,"G5J (Amqui, QC)",G5J,222988469.5,222988469.5,310530648.5,97437.56642828621,1753802109669,Synapse54,1753802109669,Synapse54
75,"G5L (Rimouski, QC)",G5L,1064966156.2,1064966156.2,115966883.0,88926.49071239203,1753802109669,Synapse54,1753802109669,Synapse54
76,"G5M (Rimouski, QC)",G5M,389536604.5,389536604.5,66332097.0,52169.63739391678,1753802109669,Synapse54,1753802109669,Synapse54
77,"G5N (Rimouski, QC)",G5N,361420076.25,361420076.25,414167429.0,104413.83144964176,1753802109669,Synapse54,1753802109669,Synapse54
78,"G5R (Riviere-Du-Loup, QC)",G5R,808396159.45,808396159.45,182737573.0,77061.18159356514,1753802109669,Synapse54,1753802109669,Synapse54
79,"G5T (Degelis, QC)",G5T,99513554.82,99513554.82,1107888892.0,146757.59518407704,1753802109669,Synapse54,1753802109669,Synapse54
80,"G5V (Montmagny, QC)",G5V,400353881.57,400353881.57,282245095.0,82682.88684580137,1753802109669,Synapse54,1753802109669,Synapse54
81,"G5X (Beauceville, QC)",G5X,227396511.29,227396511.29,336857190.0,91090.00846556539,1753802109669,Synapse54,1753802109669,Synapse54
82,"G5Y (Saint-Georges, QC)",G5Y,880515178.55,880515178.55,169548327.0,148240.89990521545,1753802109669,Synapse54,1753802109669,Synapse54
83,"G5Z (Saint-Georges, QC)",G5Z,313615060.81,313615060.81,219710089.0,133870.3845435117,1753802109669,Synapse54,1753802109669,Synapse54
84,"G6A (Saint-Georges, QC)",G6A,91477005.03,91477005.03,12731588.0,28099.846637013223,1753802109669,Synapse54,1753802109669,Synapse54
85,"G6B (Lac-Megantic, QC)",G6B,306137593.56,306137593.56,525968305.0,147830.6226949515,1753802109669,Synapse54,1753802109669,Synapse54
86,"G6C (Pintendre, QC)",G6C,360599423.33,360599423.33,171728656.5,62758.50767570228,1753802109669,Synapse54,1753802109669,Synapse54
87,"G6E (Sainte-Marie, QC)",G6E,542169925.77,542169925.77,242749292.5,88129.38426536831,1753802109669,Synapse54,1753802109669,Synapse54
88,"G6G (Thetford Mines, QC)",G6G,691173881.88,691173881.88,432553661.5,137866.85051543516,1753802109669,Synapse54,1753802109669,Synapse54
89,"G6H (Thetford Mines, QC)",G6H,228160073.18,228160073.18,381525955.5,208711.52055490302,1753802109669,Synapse54,1753802109669,Synapse54
90,"G6J (Saint-Etienne-De-Lauzon, QC)",G6J,467250479.6,467250479.6,170941088.5,68005.84099520143,1753802109669,Synapse54,1753802109669,Synapse54
91,"G6K (Saint-Redempteur, QC)",G6K,398995097.47,398995097.47,8847420.0,13869.752401834681,1753802109669,Synapse54,1753802109669,Synapse54
92,"G6L (Plessisville, QC)",G6L,537257054.57,537257054.57,727703425.5,150480.86599396955,1753802109669,Synapse54,1753802109669,Synapse54
93,"G6P (Victoriaville, QC)",G6P,1018111044.66,1018111044.66,43162857.0,67077.33804588739,1753802109669,Synapse54,1753802109669,Synapse54
94,"G6R (Victoriaville, QC)",G6R,181416406.54,181416406.54,111890007.5,67049.5189257073,1753802109669,Synapse54,1753802109669,Synapse54
95,"G6S (Victoriaville, QC)",G6S,209334782.62,209334782.62,93883157.5,65606.32420350032,1753802109669,Synapse54,1753802109669,Synapse54
96,"G6T (Victoriaville, QC)",G6T,473315738.66,473315738.66,97646146.0,79862.46403678902,1753802109669,Synapse54,1753802109669,Synapse54
97,"G6V (Levis, QC)",G6V,1342706846.98,1342706846.98,51005706.5,85820.66591178898,1753802109669,Synapse54,1753802109669,Synapse54
98,"G6W (Levis, QC)",G6W,1166653395.05,1166653395.05,54365583.5,57031.8227070878,1753802109669,Synapse54,1753802109669,Synapse54
99,"G6X (Levis, QC)",G6X,397495798.32,397495798.32,17532207.0,18566.178953389182,1753802109669,Synapse54,1753802109669,Synapse54
100,"G6Y (Levis, QC)",G6Y,371186209.03,371186209.03,48673784.5,36076.08982567784,1753802109669,Synapse54,1753802109669,Synapse54
101,"G6Z (Saint-Jean-Chrysostome, QC)",G6Z,1188610287.85,1188610287.85,206313300.5,81637.94553350794,1753802109669,Synapse54,1753802109669,Synapse54
102,"G7A (Saint-Nicolas, QC)",G7A,1353423722.07,1353423722.07,206385794.0,76585.07395132218,1753802109669,Synapse54,1753802109669,Synapse54
103,"G7B (La Baie, QC)",G7B,749502129.28,749502129.28,731098795.5,122236.04683671948,1753802109669,Synapse54,1753802109669,Synapse54
104,"G7G (Chicoutimi, QC)",G7G,724797614.16,724797614.16,83451590.0,72026.82978856695,1753802109669,Synapse54,1753802109669,Synapse54
105,"G7H (Chicoutimi, QC)",G7H,1290319252.77,1290319252.77,335780132.5,155297.87503251838,1753802109669,Synapse54,1753802109669,Synapse54
106,"G7J (Chicoutimi, QC)",G7J,594509298.06,594509298.06,48516569.0,31553.718168111947,1753802109669,Synapse54,1753802109669,Synapse54
107,"G7K (Chicoutimi, QC)",G7K,34436622.88,34436622.88,13787400.5,25129.491914885974,1753802109669,Synapse54,1753802109669,Synapse54
108,"G7N (Laterriere, QC)",G7N,304939220.14,304939220.14,572266521.5,131134.86527943268,1753802109669,Synapse54,1753802109669,Synapse54
109,"G7P (Chicoutimi, QC)",G7P,318020206.66,318020206.66,535052258.5,133662.40227307807,1753802109669,Synapse54,1753802109669,Synapse54
110,"G7S (Jonquiere, QC)",G7S,924735732.05,924735732.05,90965725.5,53543.07738017431,1753802109669,Synapse54,1753802109669,Synapse54
111,"G7T (Jonquiere, QC)",G7T,87298959.77,87298959.77,11024436.0,23113.794147733155,1753802109669,Synapse54,1753802109669,Synapse54
112,"G7X (Jonquiere, QC)",G7X,1024647364.0,1024647364.0,675028246.5,279259.2165036962,1753802109669,Synapse54,1753802109669,Synapse54
113,"G7Y (Jonquiere, QC)",G7Y,30511890.03,30511890.03,28364189.0,37375.76013155794,1753802109669,Synapse54,1753802109669,Synapse54
114,"G7Z (Jonquiere, QC)",G7Z,120038743.98,120038743.98,16183341.0,21290.870310459137,1753802109669,Synapse54,1753802109669,Synapse54
115,"G8A (Jonquiere, QC)",G8A,244736107.07,244736107.07,52092756.5,55678.19403946566,1753802109669,Synapse54,1753802109669,Synapse54
116,"G8B (Alma, QC)",G8B,800107316.75,800107316.75,297457310.0,211237.01895446505,1753802109669,Synapse54,1753802109669,Synapse54
117,"G8C (Alma, QC)",G8C,237468132.8,237468132.8,47590945.0,51183.77436174367,1753802109669,Synapse54,1753802109669,Synapse54
118,"G8E (Alma, QC)",G8E,158233936.91,158233936.91,198550679.5,111351.61663855895,1753802109669,Synapse54,1753802109669,Synapse54
119,"G8G (Metabetchouan-Lac-A-La-Croix, QC)",G8G,157237502.88,157237502.88,435537293.5,100773.33142038128,1753802109669,Synapse54,1753802109669,Synapse54
120,"G8H (Roberval, QC)",G8H,382315489.7,382315489.7,543189787.1757812,135904.14248114204,1753802109669,Synapse54,1753802109669,Synapse54
121,"G8J (Chicoutimi, QC)",G8J,152753980.17,152753980.17,2344096837.0,302744.5493028244,1753802109669,Synapse54,1753802109669,Synapse54
122,"G8K (Saint-Felicien, QC)",G8K,398335404.43,398335404.43,860422895.5,186957.39961478047,1753802109669,Synapse54,1753802109669,Synapse54
123,"G8L (Dolbeau-Mistassini, QC)",G8L,502080592.66,502080592.66,3537542888.8203125,527284.6001355818,1753802109669,Synapse54,1753802109669,Synapse54
124,"G8M (Normandin, QC)",G8M,188420157.14,188420157.14,1017813603.5,185656.56193391615,1753802109669,Synapse54,1753802109669,Synapse54
125,"G8N (Hebertville, QC)",G8N,95870203.72,95870203.72,473865737.0,121456.61747790436,1753802109669,Synapse54,1753802109669,Synapse54
126,"G8P (Chibougamau, QC)",G8P,296921869.22,296921869.22,2435879767.5,197043.63571528325,1753802109669,Synapse54,1753802109669,Synapse54
127,"G8T (Trois-Rivieres, QC)",G8T,954993592.47,954993592.47,53667241.0,76442.1934749919,1753802109669,Synapse54,1753802109669,Synapse54
128,"G8V (Trois-Rivieres, QC)",G8V,448945962.71,448945962.71,104632608.0,66015.1834431966,1753802109669,Synapse54,1753802109669,Synapse54
129,"G8W (Trois-Rivieres, QC)",G8W,461206353.57,461206353.57,128446737.0,76697.25349343411,1753802109669,Synapse54,1753802109669,Synapse54
130,"G8Y (Trois-Rivieres, QC)",G8Y,1421857887.38,1421857887.38,45724725.5,37933.330899285655,1753802109669,Synapse54,1753802109669,Synapse54
131,"G8Z (Trois-Rivieres, QC)",G8Z,438128940.26,438128940.26,16678138.0,22099.08240994394,1753802109669,Synapse54,1753802109669,Synapse54
132,"G9A (Trois-Rivieres, QC)",G9A,673122858.52,673122858.52,105086814.0,113245.62209754915,1753802109669,Synapse54,1753802109669,Synapse54
133,"G9B (Trois-Rivieres, QC)",G9B,898817046.13,898817046.13,216934834.5,89385.35803757486,1753802109669,Synapse54,1753802109669,Synapse54
134,"G9C (Trois-Rivieres, QC)",G9C,191023721.71,191023721.71,12875179.0,26201.339674832936,1753802109669,Synapse54,1753802109669,Synapse54
135,"G9H (Becancour, QC)",G9H,625318026.71,625318026.71,965246378.5,214717.67022828877,1753802109669,Synapse54,1753802109669,Synapse54
136,"G9N (Shawinigan, QC)",G9N,530639575.23,530639575.23,149583035.5,113854.1611209567,1753802109669,Synapse54,1753802109669,Synapse54
137,"G9P (Shawinigan, QC)",G9P,431939321.05,431939321.05,32510118.0,38949.97843748969,1753802109669,Synapse54,1753802109669,Synapse54
138,"G9R (Shawinigan, QC)",G9R,108491232.82,108491232.82,156430596.5,105284.31387222232,1753802109669,Synapse54,1753802109669,Synapse54
139,"G9T (Grand-Mere, QC)",G9T,583515351.83,583515351.83,175921560.5,90399.15322236488,1753802109669,Synapse54,1753802109669,Synapse54
140,"G9X (La Tuque, QC)",G9X,398184494.0,398184494.0,4798536478.5,388015.362952818,1753802109669,Synapse54,1753802109669,Synapse54
141,"H0M (Akwesasne, QC)",H0M,0.0,0.0,4195699.0,36371.52492841964,1753802109669,Synapse54,1753802109669,Synapse54
142,"H1A (Montreal, QC)",H1A,1328549392.54,1328549392.54,32047972.5,27217.161718354222,1753802109669,Synapse54,1753802109669,Synapse54
143,"H1B (Montreal, QC)",H1B,723309015.56,723309015.56,42382103.0,29920.24369847441,1753802109669,Synapse54,1753802109669,Synapse54
144,"H1C (Montreal, QC)",H1C,612324280.64,612324280.64,26679819.5,25870.587310829436,1753802109669,Synapse54,1753802109669,Synapse54
145,"H1E (Montreal, QC)",H1E,1569888103.67,1569888103.67,29995565.0,23264.2709841518,1753802109669,Synapse54,1753802109669,Synapse54
146,"H1G (Montreal, QC)",H1G,1430625513.35,1430625513.35,16132403.5,17322.15503203977,1753802109669,Synapse54,1753802109669,Synapse54
147,"H1H (Montreal, QC)",H1H,1087195964.04,1087195964.04,10210927.5,13709.108640935121,1753802109669,Synapse54,1753802109669,Synapse54
148,"H1J (Montreal, QC)",H1J,430135337.03,430135337.03,18502722.0,18581.449355666224,1753802109669,Synapse54,1753802109669,Synapse54
149,"H1K (Montreal, QC)",H1K,1429733017.01,1429733017.01,12667226.5,15052.99246391506,1753802109669,Synapse54,1753802109669,Synapse54
150,"H1L (Montreal, QC)",H1L,1268740778.85,1268740778.85,13596541.5,17573.19469361058,1753802109669,Synapse54,1753802109669,Synapse54
151,"H1M (Montreal, QC)",H1M,1169251556.47,1169251556.47,10690212.5,15457.65729265879,1753802109669,Synapse54,1753802109669,Synapse54
152,"H1N (Montreal, QC)",H1N,878561435.64,878561435.64,114734629.5,108616.9951420107,1753802109669,Synapse54,1753802109669,Synapse54
153,"H1P (Montreal, QC)",H1P,652985648.25,652985648.25,10601632.5,14342.38560083787,1753802109669,Synapse54,1753802109669,Synapse54
154,"H1R (Montreal, QC)",H1R,1040654252.06,1040654252.06,9518827.0,14180.86920094836,1753802109669,Synapse54,1753802109669,Synapse54
155,"H1S (Montreal, QC)",H1S,846823115.02,846823115.02,7438851.0,13261.062397135287,1753802109669,Synapse54,1753802109669,Synapse54
156,"H1T (Montreal, QC)",H1T,1253868100.09,1253868100.09,8407123.5,15836.037610683787,1753802109669,Synapse54,1753802109669,Synapse54
157,"H1V (Montreal, QC)",H1V,911587859.48,911587859.48,6852649.0,10988.833869692491,1753802109669,Synapse54,1753802109669,Synapse54
158,"H1W (Montreal, QC)",H1W,1272876093.16,1272876093.16,6100526.0,11263.239274717751,1753802109669,Synapse54,1753802109669,Synapse54
159,"H1X (Montreal, QC)",H1X,1231744156.69,1231744156.69,8450164.0,13619.608619583656,1753802109669,Synapse54,1753802109669,Synapse54
160,"H1Y (Montreal, QC)",H1Y,1347594191.62,1347594191.62,5352874.0,10916.549919811729,1753802109669,Synapse54,1753802109669,Synapse54
161,"H1Z (Montreal, QC)",H1Z,922169963.73,922169963.73,14307589.5,14883.881987328181,1753802109669,Synapse54,1753802109669,Synapse54
162,"H2A (Montreal, QC)",H2A,629083766.97,629083766.97,4232942.0,8758.55230005682,1753802109669,Synapse54,1753802109669,Synapse54
163,"H2B (Montreal, QC)",H2B,638064766.37,638064766.37,5947505.5,9676.70118562271,1753802109669,Synapse54,1753802109669,Synapse54
164,"H2C (Montreal, QC)",H2C,856268459.04,856268459.04,5556278.0,9971.926462140602,1753802109669,Synapse54,1753802109669,Synapse54
165,"H2E (Montreal, QC)",H2E,797898629.34,797898629.34,3830518.5,8073.841629300861,1753802109669,Synapse54,1753802109669,Synapse54
166,"H2G (Montreal, QC)",H2G,922221504.85,922221504.85,4217958.5,9248.80721597901,1753802109669,Synapse54,1753802109669,Synapse54
167,"H2H (Montreal, QC)",H2H,631518408.73,631518408.73,2682198.0,6982.709947140798,1753802109669,Synapse54,1753802109669,Synapse54
168,"H2J (Montreal, QC)",H2J,1447142835.15,1447142835.15,3975815.0,8085.511309426667,1753802109669,Synapse54,1753802109669,Synapse54
169,"H2K (Montreal, QC)",H2K,1211272394.45,1211272394.45,5762510.0,9775.787359183401,1753802109669,Synapse54,1753802109669,Synapse54
170,"H2L (Montreal, QC)",H2L,1352215404.72,1352215404.72,5652250.0,10530.305700195246,1753802109669,Synapse54,1753802109669,Synapse54
171,"H2M (Montreal, QC)",H2M,793653468.77,793653468.77,6840427.0,11504.156734199103,1753802109669,Synapse54,1753802109669,Synapse54
172,"H2N (Montreal, QC)",H2N,200813926.46,200813926.46,2336770.0,6414.770804238481,1753802109669,Synapse54,1753802109669,Synapse54
173,"H2P (Montreal, QC)",H2P,654989755.35,654989755.35,3440041.0,8481.97690702558,1753802109669,Synapse54,1753802109669,Synapse54
174,"H2R (Montreal, QC)",H2R,1161968993.42,1161968993.42,4573627.0,8588.564684485442,1753802109669,Synapse54,1753802109669,Synapse54
175,"H2S (Montreal, QC)",H2S,1419530694.57,1419530694.57,5062352.5,9483.95666520098,1753802109669,Synapse54,1753802109669,Synapse54
176,"H2T (Montreal, QC)",H2T,862149966.68,862149966.68,2792933.0,7309.603445409373,1753802109669,Synapse54,1753802109669,Synapse54
177,"H2V (Montreal, QC)",H2V,2261972851.56,2261972851.56,9406781.5,15649.479624539856,1753802109669,Synapse54,1753802109669,Synapse54
178,"H2W (Montreal, QC)",H2W,516632990.43,516632990.43,2122029.5,6886.736160398394,1753802109669,Synapse54,1753802109669,Synapse54
179,"H2X (Montreal, QC)",H2X,897238456.22,897238456.22,3260860.5,9016.990098210114,1753802109669,Synapse54,1753802109669,Synapse54
180,"H2Y (Montreal, QC)",H2Y,381427724.44,381427724.44,1658875.0,7811.331119881591,1753802109669,Synapse54,1753802109669,Synapse54
181,"H2Z (Montreal, QC)",H2Z,260152321.13,260152321.13,598367.5,3228.1201023826216,1753802109669,Synapse54,1753802109669,Synapse54
182,"H3A (Montreal, QC)",H3A,260005961.13,260005961.13,1952640.0,8051.6260641867375,1753802109669,Synapse54,1753802109669,Synapse54
183,"H3B (Montreal, QC)",H3B,114405844.43,114405844.43,927950.0,5036.520981944944,1753802109669,Synapse54,1753802109669,Synapse54
184,"H3C (Montreal, QC)",H3C,1480217467.86,1480217467.86,17209727.0,33681.90517416176,1753802109669,Synapse54,1753802109669,Synapse54
185,"H3E (Montreal, QC)",H3E,1754060756.27,1754060756.27,9825716.5,14615.034290309737,1753802109669,Synapse54,1753802109669,Synapse54
186,"H3G (Montreal, QC)",H3G,876374865.91,876374865.91,2139910.0,8520.81981818768,1753802109669,Synapse54,1753802109669,Synapse54
187,"H3H (Montreal, QC)",H3H,929257569.7,929257569.7,5138945.5,17420.06994824536,1753802109669,Synapse54,1753802109669,Synapse54
188,"H3J (Montreal, QC)",H3J,682274978.69,682274978.69,2674031.0,6742.466153977455,1753802109669,Synapse54,1753802109669,Synapse54
189,"H3K (Montreal, QC)",H3K,745791267.57,745791267.57,6571158.0,11318.657050191392,1753802109669,Synapse54,1753802109669,Synapse54
190,"H3L (Montreal, QC)",H3L,979624512.3,979624512.3,8682987.0,13055.356607199148,1753802109669,Synapse54,1753802109669,Synapse54
191,"H3M (Montreal, QC)",H3M,541798828.4,541798828.4,5900605.5,11105.82837103115,1753802109669,Synapse54,1753802109669,Synapse54
192,"H3N (Montreal, QC)",H3N,743475831.64,743475831.64,3362662.5,8891.918324885475,1753802109669,Synapse54,1753802109669,Synapse54
193,"H3P (Montreal, QC)",H3P,824421238.69,824421238.69,5651704.5,9798.453260458433,1753802109669,Synapse54,1753802109669,Synapse54
194,"H3R (Montreal, QC)",H3R,984479473.27,984479473.27,5400500.0,9553.23690396402,1753802109669,Synapse54,1753802109669,Synapse54
195,"H3S (Montreal, QC)",H3S,1188994084.07,1188994084.07,5351564.5,9656.774003388971,1753802109669,Synapse54,1753802109669,Synapse54
196,"H3T (Montreal, QC)",H3T,515278981.82,515278981.82,3607516.5,8899.065890536858,1753802109669,Synapse54,1753802109669,Synapse54
197,"H3V (Montreal, QC)",H3V,274369909.14,274369909.14,3676769.0,9340.08432806038,1753802109669,Synapse54,1753802109669,Synapse54
198,"H3W (Montreal, QC)",H3W,1113707701.28,1113707701.28,5569083.5,12464.00419712417,1753802109669,Synapse54,1753802109669,Synapse54
199,"H3X (Montreal, QC)",H3X,1492352361.76,1492352361.76,8676070.0,13038.712105834822,1753802109669,Synapse54,1753802109669,Synapse54
200,"H3Y (Montreal, QC)",H3Y,2648910772.83,2648910772.83,5680936.5,10400.46779440301,1753802109669,Synapse54,1753802109669,Synapse54
201,"H3Z (Montreal, QC)",H3Z,904210603.66,904210603.66,2971245.0,7979.12833061372,1753802109669,Synapse54,1753802109669,Synapse54
202,"H4A (Montreal, QC)",H4A,1533857884.96,1533857884.96,6339669.0,10830.775097279686,1753802109669,Synapse54,1753802109669,Synapse54
203,"H4B (Montreal, QC)",H4B,910473482.79,910473482.79,5495449.5,11430.593825626274,1753802109669,Synapse54,1753802109669,Synapse54
204,"H4C (Montreal, QC)",H4C,858216425.75,858216425.75,10079054.5,19231.90024241674,1753802109669,Synapse54,1753802109669,Synapse54
205,"H4E (Montreal, QC)",H4E,1172791750.78,1172791750.78,10446763.5,18116.080205740356,1753802109669,Synapse54,1753802109669,Synapse54
206,"H4G (Verdun, QC)",H4G,1295519685.77,1295519685.77,6200126.5,10435.627645908377,1753802109669,Synapse54,1753802109669,Synapse54
207,"H4H (Verdun, QC)",H4H,810426792.75,810426792.75,6500184.5,11023.978149390903,1753802109669,Synapse54,1753802109669,Synapse54
208,"H4J (Montreal, QC)",H4J,597635058.77,597635058.77,6400914.5,12111.703398579217,1753802109669,Synapse54,1753802109669,Synapse54
209,"H4K (Montreal, QC)",H4K,547945488.48,547945488.48,10268900.0,15365.586434704945,1753802109669,Synapse54,1753802109669,Synapse54
210,"H4L (Montreal, QC)",H4L,1230688358.91,1230688358.91,10499306.5,13425.367090877367,1753802109669,Synapse54,1753802109669,Synapse54
211,"H4M (Montreal, QC)",H4M,543347453.07,543347453.07,6193041.5,11376.386905744941,1753802109669,Synapse54,1753802109669,Synapse54
212,"H4N (Montreal, QC)",H4N,884854234.08,884854234.08,11515200.0,17692.530830513202,1753802109669,Synapse54,1753802109669,Synapse54
213,"H4P (Montreal, QC)",H4P,410331719.72,410331719.72,7616644.5,13917.162705093007,1753802109669,Synapse54,1753802109669,Synapse54
214,"H4R (Montreal, QC)",H4R,1688381786.05,1688381786.05,19778627.5,19925.041667183443,1753802109669,Synapse54,1753802109669,Synapse54
215,"H4S (Montreal, QC)",H4S,33676853.33,33676853.33,25736787.0,27350.179631335064,1753802109669,Synapse54,1753802109669,Synapse54
216,"H4T (Montreal, QC)",H4T,1370850.46,1370850.46,12913673.5,17286.679172996657,1753802109669,Synapse54,1753802109669,Synapse54
217,"H4V (Montreal, QC)",H4V,773943056.13,773943056.13,4860370.5,9490.823388671204,1753802109669,Synapse54,1753802109669,Synapse54
218,"H4W (Montreal, QC)",H4W,1272581876.82,1272581876.82,15741448.0,18055.60507168441,1753802109669,Synapse54,1753802109669,Synapse54
219,"H4X (Montreal, QC)",H4X,431993095.73,431993095.73,3272580.5,9711.337741501437,1753802109669,Synapse54,1753802109669,Synapse54
220,"H4Y (Pointe-Claire-Dorval, QC)",H4Y,0.0,0.0,13605865.0,21906.491759391112,1753802109669,Synapse54,1753802109669,Synapse54
221,"H4Z (Montreal, QC)",H4Z,1902096.74,1902096.74,48269.5,1084.0077881690113,1753802109669,Synapse54,1753802109669,Synapse54
222,"H5A (Montreal, QC)",H5A,0.0,0.0,70328.5,1077.3693943590201,1753802109669,Synapse54,1753802109669,Synapse54
223,"H5B (Montreal, QC)",H5B,3054566.54,3054566.54,69225.0,1241.39561389562,1753802109669,Synapse54,1753802109669,Synapse54
224,"H7A (Laval, QC)",H7A,839573684.47,839573684.47,55986161.0,35792.476329694015,1753802109669,Synapse54,1753802109669,Synapse54
225,"H7B (Laval, QC)",H7B,112658276.91,112658276.91,12833492.0,19465.102961418776,1753802109669,Synapse54,1753802109669,Synapse54
226,"H7C (Laval, QC)",H7C,310510222.0,310510222.0,26706438.0,33344.532757897236,1753802109669,Synapse54,1753802109669,Synapse54
227,"H7E (Laval, QC)",H7E,1298850110.89,1298850110.89,58603236.5,49715.749208773435,1753802109669,Synapse54,1753802109669,Synapse54
228,"H7G (Laval, QC)",H7G,806120207.09,806120207.09,12923832.5,19204.029301455565,1753802109669,Synapse54,1753802109669,Synapse54
229,"H7H (Laval, QC)",H7H,565660148.62,565660148.62,15956758.0,19199.605061874256,1753802109669,Synapse54,1753802109669,Synapse54
230,"H7J (Laval, QC)",H7J,99647859.96,99647859.96,53323302.0,33198.313020576155,1753802109669,Synapse54,1753802109669,Synapse54
231,"H7K (Laval, QC)",H7K,1074440981.47,1074440981.47,30865320.0,25890.412217277662,1753802109669,Synapse54,1753802109669,Synapse54
232,"H7L (Laval, QC)",H7L,1744743413.26,1744743413.26,44625160.0,29614.545742793118,1753802109669,Synapse54,1753802109669,Synapse54
233,"H7M (Laval, QC)",H7M,1080837743.4,1080837743.4,21060041.0,20135.878363934327,1753802109669,Synapse54,1753802109669,Synapse54
234,"H7N (Laval, QC)",H7N,1679371699.64,1679371699.64,22733173.5,31142.9739798465,1753802109669,Synapse54,1753802109669,Synapse54
235,"H7P (Laval, QC)",H7P,1611198516.92,1611198516.92,39418609.5,29119.748261948425,1753802109669,Synapse54,1753802109669,Synapse54
236,"H7R (Laval, QC)",H7R,1316850475.21,1316850475.21,39328921.5,33526.83151448517,1753802109669,Synapse54,1753802109669,Synapse54
237,"H7S (Laval, QC)",H7S,280296146.58,280296146.58,10962382.0,13461.308964386186,1753802109669,Synapse54,1753802109669,Synapse54
238,"H7T (Laval, QC)",H7T,1107646017.42,1107646017.42,19220992.5,21847.72561749218,1753802109669,Synapse54,1753802109669,Synapse54
239,"H7V (Laval, QC)",H7V,736013762.88,736013762.88,13084368.0,17090.83415240245,1753802109669,Synapse54,1753802109669,Synapse54
240,"H7W (Laval, QC)",H7W,1500687205.33,1500687205.33,21296664.5,20542.33134907331,1753802109669,Synapse54,1753802109669,Synapse54
241,"H7X (Laval, QC)",H7X,1282195990.11,1282195990.11,31137712.0,25106.867662548826,1753802109669,Synapse54,1753802109669,Synapse54
242,"H7Y (Laval, QC)",H7Y,535663127.32,535663127.32,14444971.0,18869.75173232823,1753802109669,Synapse54,1753802109669,Synapse54
243,"H8N (Lasalle, QC)",H8N,1106072282.76,1106072282.76,14389471.0,18103.010513945057,1753802109669,Synapse54,1753802109669,Synapse54
244,"H8P (Lasalle, QC)",H8P,882696387.33,882696387.33,21862717.5,20668.285538772176,1753802109669,Synapse54,1753802109669,Synapse54
245,"H8R (Lasalle, QC)",H8R,1040851467.57,1040851467.57,18116586.5,27293.21202861797,1753802109669,Synapse54,1753802109669,Synapse54
246,"H8S (Lasalle, QC)",H8S,953822848.15,953822848.15,19856874.0,24144.754425147134,1753802109669,Synapse54,1753802109669,Synapse54
247,"H8T (Pointe-Claire-Dorval, QC)",H8T,688100896.73,688100896.73,21610415.0,20729.17122189251,1753802109669,Synapse54,1753802109669,Synapse54
248,"H8Y (Roxboro, QC)",H8Y,738482788.3,738482788.3,14039619.0,22252.616674527148,1753802109669,Synapse54,1753802109669,Synapse54
249,"H8Z (Roxboro, QC)",H8Z,584703788.15,584703788.15,11082242.5,14451.759662340886,1753802109669,Synapse54,1753802109669,Synapse54
250,"H9A (Pierrefonds, QC)",H9A,857118514.39,857118514.39,9353959.0,13155.163982221264,1753802109669,Synapse54,1753802109669,Synapse54
251,"H9B (Roxboro, QC)",H9B,852772016.78,852772016.78,14796114.0,18421.91025899604,1753802109669,Synapse54,1753802109669,Synapse54
252,"H9C (Pierrefonds, QC)",H9C,662544970.97,662544970.97,24503744.5,20531.792890304176,1753802109669,Synapse54,1753802109669,Synapse54
253,"H9E (Pierrefonds, QC)",H9E,190358146.04,190358146.04,42250333.0,27083.5790617143,1753802109669,Synapse54,1753802109669,Synapse54
254,"H9G (Pointe-Claire-Dorval, QC)",H9G,740633348.15,740633348.15,8457140.5,12464.539249179079,1753802109669,Synapse54,1753802109669,Synapse54
255,"H9H (Pierrefonds, QC)",H9H,1174557982.63,1174557982.63,19613903.5,23879.67204388559,1753802109669,Synapse54,1753802109669,Synapse54
256,"H9J (Pierrefonds, QC)",H9J,1074102112.46,1074102112.46,17167469.0,23970.816444803262,1753802109669,Synapse54,1753802109669,Synapse54
257,"H9K (Pierrefonds, QC)",H9K,450050601.17,450050601.17,30500131.5,26824.382930325875,1753802109669,Synapse54,1753802109669,Synapse54
258,"H9P (Pointe-Claire-Dorval, QC)",H9P,169064132.28,169064132.28,19498535.0,39692.170261991225,1753802109669,Synapse54,1753802109669,Synapse54
259,"H9R (Pointe-Claire-Dorval, QC)",H9R,1268072145.14,1268072145.14,29882299.5,25305.84671237734,1753802109669,Synapse54,1753802109669,Synapse54
260,"H9S (Pointe-Claire-Dorval, QC)",H9S,1399871336.79,1399871336.79,78965867.0,44171.880466646624,1753802109669,Synapse54,1753802109669,Synapse54
261,"H9W (Beaconsfield, QC)",H9W,1518031994.29,1518031994.29,43852698.0,28888.96518701168,1753802109669,Synapse54,1753802109669,Synapse54
262,"H9X (Sainte-Anne-De-Bellevue, QC)",H9X,646680175.92,646680175.92,73291956.5,35517.603411509444,1753802109669,Synapse54,1753802109669,Synapse54
263,"J0A (Warwick, QC)",J0A,680969783.3,680969783.3,2834357143.0,359358.8229727042,1753802109669,Synapse54,1753802109669,Synapse54
264,"J0B (Richmond, QC)",J0B,2579017102.51,2579017102.51,10667378133.5,1065896.4278918828,1753802109669,Synapse54,1753802109669,Synapse54
265,"J0C (Saint-Germain-De-Grantham, QC)",J0C,813435854.74,813435854.74,2217789273.0,543899.6487326861,1753802109669,Synapse54,1753802109669,Synapse54
266,"J0E (Waterloo, QC)",J0E,2436062002.36,2436062002.36,4549634499.230469,648394.7017630582,1753802109669,Synapse54,1753802109669,Synapse54
267,"J0G (Saint-Francois-Du-Lac, QC)",J0G,669716983.51,669716983.51,2514787680.5,333340.5205009883,1753802109669,Synapse54,1753802109669,Synapse54
268,"J0H (Acton Vale, QC)",J0H,1952912083.24,1952912083.24,4017334345.9570312,538883.6400762808,1753802109669,Synapse54,1753802109669,Synapse54
269,"J0J (Napierville, QC)",J0J,1609339926.35,1609339926.35,3163504441.4609375,385870.6950955986,1753802109669,Synapse54,1753802109669,Synapse54
270,"J0K (Rawdon, QC)",J0K,5701638963.65,5701638963.65,29697039721.0,1406950.3334880418,1753802109669,Synapse54,1753802109669,Synapse54
271,"J0L (Saint-Amable, QC)",J0L,3682529071.8,3682529071.8,2780902762.0429688,596544.2844540038,1753802109669,Synapse54,1753802109669,Synapse54
272,"J0M (Chisasibi, QC)",J0M,741306554.22,741306554.22,2507274503756.0,24396187.397056405,1753802109669,Synapse54,1753802109669,Synapse54
273,"J0N (Sainte-Marthe-Sur-Le-Lac, QC)",J0N,1640139933.9,1640139933.9,341790001.0,92049.64421828423,1753802109669,Synapse54,1753802109669,Synapse54
274,"J0P (Saint-Zotique, QC)",J0P,1895599442.06,1895599442.06,1320873265.0,299819.56036801497,1753802109669,Synapse54,1753802109669,Synapse54
275,"J0R (Saint-Sauveur, QC)",J0R,1984447176.34,1984447176.34,549507968.0,153164.86554496005,1753802109669,Synapse54,1753802109669,Synapse54
276,"J0S (Sainte-Martine, QC)",J0S,1313065100.17,1313065100.17,3261392891.5,373681.8522427627,1753802109669,Synapse54,1753802109669,Synapse54
277,"J0T (Saint-Donat-De-Montcalm, QC)",J0T,2262410313.03,2262410313.03,10294024616.5,948593.2698027412,1753802109669,Synapse54,1753802109669,Synapse54
278,"J0V (Saint-Andre-Avellin, QC)",J0V,1019437418.61,1019437418.61,5169637352.5,604696.2148960141,1753802109669,Synapse54,1753802109669,Synapse54
279,"J0W (Lac-Des-Ecorces, QC)",J0W,606024726.9,606024726.9,72760667284.5,2116484.49890364,1753802109669,Synapse54,1753802109669,Synapse54
280,"J0X (Wakefield, QC)",J0X,1895394626.88,1895394626.88,18401542242.5,1302599.5812032141,1753802109669,Synapse54,1753802109669,Synapse54
281,"J0Y (Malartic, QC)",J0Y,1060025654.25,1060025654.25,223534310999.0,3278730.6722274064,1753802109669,Synapse54,1753802109669,Synapse54
282,"J0Z (Lorrainville, QC)",J0Z,1303010582.66,1303010582.66,59867601510.0,2216439.0400546975,1753802109669,Synapse54,1753802109669,Synapse54
283,"J1A (Coaticook, QC)",J1A,322596340.1,322596340.1,568143726.5,138682.11350637994,1753802109669,Synapse54,1753802109669,Synapse54
284,"J1C (Sherbrooke, QC)",J1C,258664079.03,258664079.03,148314795.5,58854.95341782354,1753802109669,Synapse54,1753802109669,Synapse54
285,"J1E (Sherbrooke, QC)",J1E,879962221.48,879962221.48,36392307.5,31305.785200373433,1753802109669,Synapse54,1753802109669,Synapse54
286,"J1G (Sherbrooke, QC)",J1G,753957802.06,753957802.06,23722537.5,26568.26494121696,1753802109669,Synapse54,1753802109669,Synapse54
287,"J1H (Sherbrooke, QC)",J1H,1023349652.7,1023349652.7,90156997.5,95524.0591322304,1753802109669,Synapse54,1753802109669,Synapse54
288,"J1J (Sherbrooke, QC)",J1J,721385085.93,721385085.93,14850239.5,21529.415696903085,1753802109669,Synapse54,1753802109669,Synapse54
289,"J1K (Sherbrooke, QC)",J1K,276519579.4,276519579.4,14646372.0,20632.820225363073,1753802109669,Synapse54,1753802109669,Synapse54
290,"J1L (Sherbrooke, QC)",J1L,636965079.39,636965079.39,27073074.0,24825.97616578884,1753802109669,Synapse54,1753802109669,Synapse54
291,"J1M (Sherbrooke, QC)",J1M,232719715.46,232719715.46,66319442.5,51850.27975629163,1753802109669,Synapse54,1753802109669,Synapse54
292,"J1N (Sherbrooke, QC)",J1N,1585558525.55,1585558525.55,196798113.5,75865.43435097949,1753802109669,Synapse54,1753802109669,Synapse54
293,"J1R (Sherbrooke, QC)",J1R,514664360.69,514664360.69,129969730.0,55500.89678544112,1753802109669,Synapse54,1753802109669,Synapse54
294,"J1S (Windsor, QC)",J1S,281661339.65,281661339.65,306725365.5,94080.75320925176,1753802109669,Synapse54,1753802109669,Synapse54
295,"J1T (Val-Des-Sources, QC)",J1T,254779831.16,254779831.16,94108625.0,49846.76465177346,1753802109669,Synapse54,1753802109669,Synapse54
296,"J1X (Magog, QC)",J1X,1620163721.72,1620163721.72,728921445.0,201253.21200864858,1753802109669,Synapse54,1753802109669,Synapse54
297,"J1Z (Saint-Cyrille-De-Wendover, QC)",J1Z,214738367.87,214738367.87,352999380.0,123836.95765720992,1753802109669,Synapse54,1753802109669,Synapse54
298,"J2A (Drummondville, QC)",J2A,480019794.14,480019794.14,210419353.0,83920.96306970775,1753802109669,Synapse54,1753802109669,Synapse54
299,"J2B (Drummondville, QC)",J2B,1218713358.28,1218713358.28,262759591.40234375,162201.91283563137,1753802109669,Synapse54,1753802109669,Synapse54
300,"J2C (Drummondville, QC)",J2C,1148054587.46,1148054587.46,46328225.59765625,41604.1853996451,1753802109669,Synapse54,1753802109669,Synapse54
301,"J2E (Drummondville, QC)",J2E,167624173.06,167624173.06,18350789.5,28926.839340474853,1753802109669,Synapse54,1753802109669,Synapse54
302,"J2G (Granby, QC)",J2G,939446734.88,939446734.88,27125065.5,40964.248286282396,1753802109669,Synapse54,1753802109669,Synapse54
303,"J2H (Granby, QC)",J2H,1036881296.65,1036881296.65,136788271.0,82651.78876586944,1753802109669,Synapse54,1753802109669,Synapse54
304,"J2J (Granby, QC)",J2J,704823174.44,704823174.44,158975426.5,75483.31166212616,1753802109669,Synapse54,1753802109669,Synapse54
305,"J2K (Cowansville, QC)",J2K,671537673.08,671537673.08,327067186.0,107161.13325887192,1753802109669,Synapse54,1753802109669,Synapse54
306,"J2L (Bromont, QC)",J2L,996064514.35,996064514.35,230068726.0,81624.30958657779,1753802109669,Synapse54,1753802109669,Synapse54
307,"J2M (Shefford, QC)",J2M,353839492.85,353839492.85,242332781.2734375,116121.4987637872,1753802109669,Synapse54,1753802109669,Synapse54
308,"J2N (Farnham, QC)",J2N,382516530.3,382516530.3,187541869.5,67299.99265741695,1753802109669,Synapse54,1753802109669,Synapse54
309,"J2R (Saint-Hyacinthe, QC)",J2R,388217585.55,388217585.55,202913088.0,104737.13437793839,1753802109669,Synapse54,1753802109669,Synapse54
310,"J2S (Saint-Hyacinthe, QC)",J2S,1037090754.01,1037090754.01,64473264.0,73386.10579135851,1753802109669,Synapse54,1753802109669,Synapse54
311,"J2T (Saint-Hyacinthe, QC)",J2T,667530150.24,667530150.24,91771688.0,53456.23963708392,1753802109669,Synapse54,1753802109669,Synapse54
312,"J2W (Saint-Jean-Sur-Richelieu, QC)",J2W,1401879661.39,1401879661.39,103463004.5,59571.138073747235,1753802109669,Synapse54,1753802109669,Synapse54
313,"J2X (Saint-Jean-Sur-Richelieu, QC)",J2X,863019813.2,863019813.2,145676986.0,80102.73759580929,1753802109669,Synapse54,1753802109669,Synapse54
314,"J2Y (Saint-Jean-Sur-Richelieu, QC)",J2Y,252699834.25,252699834.25,146400386.17578125,73826.30271667863,1753802109669,Synapse54,1753802109669,Synapse54
315,"J3A (Saint-Jean-Sur-Richelieu, QC)",J3A,300180418.32,300180418.32,6186209.0,11188.578319190965,1753802109669,Synapse54,1753802109669,Synapse54
316,"J3B (Saint-Jean-Sur-Richelieu, QC)",J3B,1307412396.46,1307412396.46,95704303.5,54381.46319865555,1753802109669,Synapse54,1753802109669,Synapse54
317,"J3E (Sainte-Julie, QC)",J3E,1568611730.91,1568611730.91,105827610.5,60902.63170645707,1753802109669,Synapse54,1753802109669,Synapse54
318,"J3G (Beloeil, QC)",J3G,1579020862.96,1579020862.96,171490984.5,98109.63892656052,1753802109669,Synapse54,1753802109669,Synapse54
319,"J3H (Beloeil, QC)",J3H,1450121087.36,1450121087.36,80996367.5,55540.40786090735,1753802109669,Synapse54,1753802109669,Synapse54
320,"J3L (Chambly, QC)",J3L,2725098088.98,2725098088.98,364093398.0,124754.83820581688,1753802109669,Synapse54,1753802109669,Synapse54
321,"J3M (Marieville, QC)",J3M,430331239.61,430331239.61,126097256.5,55752.50302456562,1753802109669,Synapse54,1753802109669,Synapse54
322,"J3N (St-Basile-Le-Grand, QC)",J3N,869858329.27,869858329.27,74736126.0,37659.20099111866,1753802109669,Synapse54,1753802109669,Synapse54
323,"J3P (Sorel-Tracy, QC)",J3P,949021039.77,949021039.77,211886795.0,80652.39762505802,1753802109669,Synapse54,1753802109669,Synapse54
324,"J3R (Sorel-Tracy, QC)",J3R,572342469.83,572342469.83,57862738.0,40488.46821105956,1753802109669,Synapse54,1753802109669,Synapse54
325,"J3T (Nicolet, QC)",J3T,300088139.47,300088139.47,271606732.5,71484.12258274788,1753802109669,Synapse54,1753802109669,Synapse54
326,"J3V (Saint-Bruno, QC)",J3V,1616691315.81,1616691315.81,90158805.5,51396.92313356961,1753802109669,Synapse54,1753802109669,Synapse54
327,"J3X (Varennes, QC)",J3X,1033395063.89,1033395063.89,232058892.5,71561.3428539275,1753802109669,Synapse54,1753802109669,Synapse54
328,"J3Y (Saint-Hubert, QC)",J3Y,2891480880.29,2891480880.29,101336037.0,100201.13539228243,1753802109669,Synapse54,1753802109669,Synapse54
329,"J3Z (Saint-Hubert, QC)",J3Z,254364222.17,254364222.17,22454206.0,63608.93575532092,1753802109669,Synapse54,1753802109669,Synapse54
330,"J4B (Boucherville, QC)",J4B,2581843025.21,2581843025.21,170076124.5,59886.44585342009,1753802109669,Synapse54,1753802109669,Synapse54
331,"J4G (Longueuil, QC)",J4G,517003432.06,517003432.06,25356829.5,23719.52752698455,1753802109669,Synapse54,1753802109669,Synapse54
332,"J4H (Longueuil, QC)",J4H,698573501.87,698573501.87,11650935.0,15524.513087115087,1753802109669,Synapse54,1753802109669,Synapse54
333,"J4J (Longueuil, QC)",J4J,1144551230.88,1144551230.88,15351226.5,21930.353895068798,1753802109669,Synapse54,1753802109669,Synapse54
334,"J4K (Longueuil, QC)",J4K,996567274.2,996567274.2,12801059.0,20426.997549827258,1753802109669,Synapse54,1753802109669,Synapse54
335,"J4L (Longueuil, QC)",J4L,1134947980.52,1134947980.52,14765810.5,16776.5326873664,1753802109669,Synapse54,1753802109669,Synapse54
336,"J4M (Longueuil, QC)",J4M,616244324.4,616244324.4,10545973.0,20915.15150342213,1753802109669,Synapse54,1753802109669,Synapse54
337,"J4N (Longueuil, QC)",J4N,683617338.29,683617338.29,9982414.5,18319.159231838094,1753802109669,Synapse54,1753802109669,Synapse54
338,"J4P (Longueuil, QC)",J4P,795663118.22,795663118.22,6998059.0,12458.778436344583,1753802109669,Synapse54,1753802109669,Synapse54
339,"J4R (Longueuil, QC)",J4R,667103857.53,667103857.53,5607448.0,11472.375668491168,1753802109669,Synapse54,1753802109669,Synapse54
340,"J4S (Longueuil, QC)",J4S,437896496.86,437896496.86,4293595.5,10044.635885759557,1753802109669,Synapse54,1753802109669,Synapse54
341,"J4T (Saint-Hubert, QC)",J4T,691895814.75,691895814.75,8655769.0,12531.329908587128,1753802109669,Synapse54,1753802109669,Synapse54
342,"J4V (Longueuil, QC)",J4V,679933433.14,679933433.14,9874770.0,19495.60469716676,1753802109669,Synapse54,1753802109669,Synapse54
343,"J4W (Longueuil, QC)",J4W,690155680.14,690155680.14,11512935.0,16336.628676963564,1753802109669,Synapse54,1753802109669,Synapse54
344,"J4X (Longueuil, QC)",J4X,950238610.13,950238610.13,13216489.5,15198.092586417742,1753802109669,Synapse54,1753802109669,Synapse54
345,"J4Y (Longueuil, QC)",J4Y,1280613064.13,1280613064.13,21259495.5,19670.691530096043,1753802109669,Synapse54,1753802109669,Synapse54
346,"J4Z (Longueuil, QC)",J4Z,1208317322.32,1208317322.32,42442433.5,36399.19983850107,1753802109669,Synapse54,1753802109669,Synapse54
347,"J5A (Saint-Constant, QC)",J5A,1353789043.99,1353789043.99,123489244.5,53706.37543156535,1753802109669,Synapse54,1753802109669,Synapse54
348,"J5B (Delson, QC)",J5B,325938405.74,325938405.74,13765665.5,25868.554957637258,1753802109669,Synapse54,1753802109669,Synapse54
349,"J5C (Sainte-Catherine, QC)",J5C,699266231.16,699266231.16,20056189.5,22328.89425891819,1753802109669,Synapse54,1753802109669,Synapse54
350,"J5J (Sainte-Sophie, QC)",J5J,707919686.81,707919686.81,230905181.0,66651.47964912902,1753802109669,Synapse54,1753802109669,Synapse54
351,"J5K (Saint-Colomban, QC)",J5K,770774658.9,770774658.9,193780426.5,69823.6154247918,1753802109669,Synapse54,1753802109669,Synapse54
352,"J5L (Saint-Jerome, QC)",J5L,981351953.91,981351953.91,95796285.0,58040.91698594175,1753802109669,Synapse54,1753802109669,Synapse54
353,"J5M (Saint-Lin-Laurentides, QC)",J5M,902437277.97,902437277.97,245439917.0,79215.19535436288,1753802109669,Synapse54,1753802109669,Synapse54
354,"J5N (Saint-Lin-Laurentides, QC)",J5N,573301619.96,573301619.96,190530835.0,58815.89393433861,1753802109669,Synapse54,1753802109669,Synapse54
355,"J5R (La Prairie, QC)",J5R,2805659428.29,2805659428.29,116490762.5,83791.09209902641,1753802109669,Synapse54,1753802109669,Synapse54
356,"J5T (Lavaltrie, QC)",J5T,595527386.38,595527386.38,154486438.5,59411.55582605956,1753802109669,Synapse54,1753802109669,Synapse54
357,"J5V (Louiseville, QC)",J5V,224178468.36,224178468.36,506748881.0,179854.3461791025,1753802109669,Synapse54,1753802109669,Synapse54
358,"J5W (L'assomption, QC)",J5W,1133178394.2,1133178394.2,332828346.5,103350.78663938354,1753802109669,Synapse54,1753802109669,Synapse54
359,"J5X (L'epiphanie, QC)",J5X,333163910.86,333163910.86,93137482.5,61537.5779427655,1753802109669,Synapse54,1753802109669,Synapse54
360,"J5Y (Repentigny, QC)",J5Y,1342929506.07,1342929506.07,22356230.5,21230.469901767003,1753802109669,Synapse54,1753802109669,Synapse54
361,"J5Z (Repentigny, QC)",J5Z,1173735393.37,1173735393.37,78014581.0,40720.846170485005,1753802109669,Synapse54,1753802109669,Synapse54
362,"J6A (Repentigny, QC)",J6A,1468235185.14,1468235185.14,48655375.5,39943.850012514275,1753802109669,Synapse54,1753802109669,Synapse54
363,"J6E (Joliette, QC)",J6E,1700259246.31,1700259246.31,137214208.0,95275.2587794035,1753802109669,Synapse54,1753802109669,Synapse54
364,"J6J (Chateauguay, QC)",J6J,967735843.16,967735843.16,74217052.0,72123.22068999698,1753802109669,Synapse54,1753802109669,Synapse54
365,"J6K (Chateauguay, QC)",J6K,949484045.5,949484045.5,20188406.0,28536.15419577854,1753802109669,Synapse54,1753802109669,Synapse54
366,"J6N (Beauharnois, QC)",J6N,651029834.97,651029834.97,233462281.0,99024.33793574793,1753802109669,Synapse54,1753802109669,Synapse54
367,"J6R (Mercier, QC)",J6R,643439689.95,643439689.95,115347180.0,49311.90260299979,1753802109669,Synapse54,1753802109669,Synapse54
368,"J6S (Salaberry-De-Valleyfield, QC)",J6S,938185215.53,938185215.53,210261044.5,73467.37727321035,1753802109669,Synapse54,1753802109669,Synapse54
369,"J6T (Salaberry-De-Valleyfield, QC)",J6T,637832559.36,637832559.36,46981135.0,36756.956833154014,1753802109669,Synapse54,1753802109669,Synapse54
370,"J6V (Terrebonne, QC)",J6V,746572967.03,746572967.03,60800572.0,35889.68273881664,1753802109669,Synapse54,1753802109669,Synapse54
371,"J6W (Terrebonne, QC)",J6W,1432040272.66,1432040272.66,39136671.0,33325.59650886826,1753802109669,Synapse54,1753802109669,Synapse54
372,"J6X (Terrebonne, QC)",J6X,1039831790.07,1039831790.07,60225849.5,43095.169343531845,1753802109669,Synapse54,1753802109669,Synapse54
373,"J6Y (Terrebonne, QC)",J6Y,1081050936.91,1081050936.91,81550557.0,61201.9952124608,1753802109669,Synapse54,1753802109669,Synapse54
374,"J6Z (Rosemere, QC)",J6Z,1045877609.99,1045877609.99,22537924.0,22963.79436186629,1753802109669,Synapse54,1753802109669,Synapse54
375,"J7A (Rosemere, QC)",J7A,792100517.09,792100517.09,24339416.5,22941.14213233615,1753802109669,Synapse54,1753802109669,Synapse54
376,"J7B (Boisbriand, QC)",J7B,935842481.55,935842481.55,14667986.5,16792.064136555553,1753802109669,Synapse54,1753802109669,Synapse54
377,"J7C (Boisbriand, QC)",J7C,2232100959.21,2232100959.21,94216134.5,48996.310543076004,1753802109669,Synapse54,1753802109669,Synapse54
378,"J7E (Boisbriand, QC)",J7E,1183779501.14,1183779501.14,38942666.0,66768.75062873606,1753802109669,Synapse54,1753802109669,Synapse54
379,"J7G (Boisbriand, QC)",J7G,824942236.3,824942236.3,24826343.0,22844.466974416475,1753802109669,Synapse54,1753802109669,Synapse54
380,"J7H (Boisbriand, QC)",J7H,389191565.98,389191565.98,18524557.5,29683.633390851617,1753802109669,Synapse54,1753802109669,Synapse54
381,"J7J (Boisbriand, QC)",J7J,1361742892.25,1361742892.25,216897455.5,103444.96666308724,1753802109669,Synapse54,1753802109669,Synapse54
382,"J7K (Terrebonne, QC)",J7K,1625606847.75,1625606847.75,193069363.5,83975.60969421153,1753802109669,Synapse54,1753802109669,Synapse54
383,"J7L (Terrebonne, QC)",J7L,635410659.44,635410659.44,28664221.0,25040.678807417222,1753802109669,Synapse54,1753802109669,Synapse54
384,"J7M (Terrebonne, QC)",J7M,881027465.28,881027465.28,82543767.0,48321.76398543206,1753802109669,Synapse54,1753802109669,Synapse54
385,"J7N (Boisbriand, QC)",J7N,1521153005.24,1521153005.24,781900527.5,198254.3737699631,1753802109669,Synapse54,1753802109669,Synapse54
386,"J7P (Saint-Eustache, QC)",J7P,1058340786.1,1058340786.1,34525041.5,29797.38514106549,1753802109669,Synapse54,1753802109669,Synapse54
387,"J7R (Saint-Eustache, QC)",J7R,1560029452.58,1560029452.58,124808411.0,71490.55014073827,1753802109669,Synapse54,1753802109669,Synapse54
388,"J7T (Vaudreuil-Dorion, QC)",J7T,1466769027.5,1466769027.5,297651983.5,93415.04234638221,1753802109669,Synapse54,1753802109669,Synapse54
389,"J7V (Vaudreuil-Dorion, QC)",J7V,2998701647.18,2998701647.18,362449115.0,152968.31394129083,1753802109669,Synapse54,1753802109669,Synapse54
390,"J7W (Vaudreuil-Dorion, QC)",J7W,637971523.4,637971523.4,24383265.0,23490.450057951097,1753802109669,Synapse54,1753802109669,Synapse54
391,"J7X (Salaberry-De-Valleyfield, QC)",J7X,237339074.07,237339074.07,64920487.0,46286.99583260664,1753802109669,Synapse54,1753802109669,Synapse54
392,"J7Y (Saint-Jerome, QC)",J7Y,1003541011.91,1003541011.91,50087471.02734375,55705.64280837206,1753802109669,Synapse54,1753802109669,Synapse54
393,"J7Z (Saint-Jerome, QC)",J7Z,1074931914.21,1074931914.21,36942944.47265625,33700.08035698858,1753802109669,Synapse54,1753802109669,Synapse54
394,"J8A (Saint-Hippolyte, QC)",J8A,492457896.35,492457896.35,272351866.0,88660.25650248205,1753802109669,Synapse54,1753802109669,Synapse54
395,"J8B (Sainte-Adele, QC)",J8B,684035353.05,684035353.05,257661278.5,87331.95722532229,1753802109669,Synapse54,1753802109669,Synapse54
396,"J8C (Sainte-Agathe-Des-Monts, QC)",J8C,469392286.91,469392286.91,363538345.5,105828.83702167151,1753802109669,Synapse54,1753802109669,Synapse54
397,"J8E (Mont-Tremblant, QC)",J8E,558920802.63,558920802.63,598027685.5,128502.35538817226,1753802109669,Synapse54,1753802109669,Synapse54
398,"J8G (Brownsburg-Chatham, QC)",J8G,308409966.53,308409966.53,1206240278.5,237511.8555793957,1753802109669,Synapse54,1753802109669,Synapse54
399,"J8H (Lachute, QC)",J8H,544905438.24,544905438.24,482502118.5,169179.8899596451,1753802109669,Synapse54,1753802109669,Synapse54
400,"J8L (Gatineau, QC)",J8L,884046830.34,884046830.34,1293058071.0,172060.6388984216,1753802109669,Synapse54,1753802109669,Synapse54
401,"J8M (Gatineau, QC)",J8M,577545194.91,577545194.91,154732777.5,65024.547084615566,1753802109669,Synapse54,1753802109669,Synapse54
402,"J8N (Val-Des-Monts, QC)",J8N,751195979.7,751195979.7,1732302854.5,285589.92276472907,1753802109669,Synapse54,1753802109669,Synapse54
403,"J8P (Gatineau, QC)",J8P,1379149837.12,1379149837.12,58693548.0,43657.291681754716,1753802109669,Synapse54,1753802109669,Synapse54
404,"J8R (Gatineau, QC)",J8R,1411613505.09,1411613505.09,156666056.5,68675.20266685543,1753802109669,Synapse54,1753802109669,Synapse54
405,"J8T (Gatineau, QC)",J8T,1590483327.77,1590483327.77,47793402.0,43358.360078022946,1753802109669,Synapse54,1753802109669,Synapse54
406,"J8V (Gatineau, QC)",J8V,1507780223.75,1507780223.75,324712509.0,103708.66049045212,1753802109669,Synapse54,1753802109669,Synapse54
407,"J8X (Gatineau, QC)",J8X,433051951.38,433051951.38,14811708.0,18647.21034649298,1753802109669,Synapse54,1753802109669,Synapse54
408,"J8Y (Gatineau, QC)",J8Y,907069923.87,907069923.87,19695262.5,21673.890152602384,1753802109669,Synapse54,1753802109669,Synapse54
409,"J8Z (Gatineau, QC)",J8Z,656543332.76,656543332.76,23130629.5,26602.970961144994,1753802109669,Synapse54,1753802109669,Synapse54
410,"J9A (Gatineau, QC)",J9A,1180570865.27,1180570865.27,30373310.5,26686.619129442304,1753802109669,Synapse54,1753802109669,Synapse54
411,"J9B (Chelsea, QC)",J9B,555287774.15,555287774.15,246189543.5,86816.99350066783,1753802109669,Synapse54,1753802109669,Synapse54
412,"J9E (Maniwaki, QC)",J9E,243075488.43,243075488.43,1377109169.5,310831.3640939274,1753802109669,Synapse54,1753802109669,Synapse54
413,"J9H (Gatineau, QC)",J9H,1484881924.67,1484881924.67,62556078.0,44664.06309859117,1753802109669,Synapse54,1753802109669,Synapse54
414,"J9J (Gatineau, QC)",J9J,2211487618.17,2211487618.17,151255466.5,58327.94180700536,1753802109669,Synapse54,1753802109669,Synapse54
415,"J9L (Mont-Laurier, QC)",J9L,517459881.42,517459881.42,1339338847.0,180384.92529711727,1753802109669,Synapse54,1753802109669,Synapse54
416,"J9P (Val-D'or, QC)",J9P,1562011915.88,1562011915.88,3829796876.0,458548.2575127482,1753802109669,Synapse54,1753802109669,Synapse54
417,"J9T (Amos, QC)",J9T,546761426.47,546761426.47,683602510.0,189908.9748917051,1753802109669,Synapse54,1753802109669,Synapse54
418,"J9V (Rouyn-Noranda, QC)",J9V,141524256.96,141524256.96,297071822.0,76817.77391779536,1753802109669,Synapse54,1753802109669,Synapse54
419,"J9X (Rouyn-Noranda, QC)",J9X,955146825.68,955146825.68,301651162.0,120674.85661136823,1753802109669,Synapse54,1753802109669,Synapse54
420,"J9Y (Rouyn-Noranda, QC)",J9Y,528775313.32,528775313.32,2199066233.0,465878.96082864003,1753802109669,Synapse54,1753802109669,Synapse54
421,"J9Z (La Sarre, QC)",J9Z,276049277.51,276049277.51,348212296.0,88902.99107383726,1753802109669,Synapse54,1753802109669,Synapse54
