OBJECTID,DESCRIPTION,ID,ECYCDOCO,ECYCDOCO_P,thematic_value,Shape__Area,Shape__Length,CreationDate,Creator,EditDate,Editor
1,"G0A (Sainte-Anne-De-Beaupre, QC)",G0A,2227,5.74,5.74,72760823790.5,3028971.212854449,1753800183770,Synapse54,1753800183770,Synapse54
2,"G0C (New Richmond, QC)",G0C,939,4.09,4.09,22075337398.492188,967680.4043130332,1753800183770,Synapse54,1753800183770,Synapse54
3,"G0E (Grande-Vallee, QC)",G0E,94,3.87,3.87,17330251329.5,625766.1683453334,1753800183770,Synapse54,1753800183770,Synapse54
4,"G0G (Fermont, QC)",G0G,314,4.48,4.48,488246740388.7383,13452850.295035336,1753800183770,Synapse54,1753800183770,Synapse54
5,"G0H (Pessamit, QC)",G0H,102,2.11,2.11,123893631441.5,3217405.6747955983,1753800183770,Synapse54,1753800183770,Synapse54
6,"G0J (Causapscal, QC)",G0J,464,3.33,3.33,30795263589.0,1187342.219615261,1753800183770,Synapse54,1753800183770,Synapse54
7,"G0K (Sainte-Luce, QC)",G0K,193,3.32,3.32,8964482448.5,530269.0600895187,1753800183770,Synapse54,1753800183770,Synapse54
8,"G0L (Trois-Pistoles, QC)",G0L,917,3.28,3.28,23226305480.5,1017338.6635460304,1753800183770,Synapse54,1753800183770,Synapse54
9,"G0M (Saint-Prosper-De-Dorchester, QC)",G0M,684,4.4,4.4,6354665678.5,678703.1375911924,1753800183770,Synapse54,1753800183770,Synapse54
10,"G0N (Disraeli, QC)",G0N,425,4.5,4.5,3579667597.5,610336.508657239,1753800183770,Synapse54,1753800183770,Synapse54
11,"G0P (Ham-Nord, QC)",G0P,24,0.79,0.79,1964344449.0,415202.1877963802,1753800183770,Synapse54,1753800183770,Synapse54
12,"G0R (La Pocatiere, QC)",G0R,1693,4.34,4.34,17275130739.5,769075.2097201231,1753800183770,Synapse54,1753800183770,Synapse54
13,"G0S (Saint-Apollinaire, QC)",G0S,1486,4.67,4.67,7546000235.5,718279.0049398947,1753800183770,Synapse54,1753800183770,Synapse54
14,"G0T (Forestville, QC)",G0T,300,4.62,4.62,20313438075.0,1270528.890385615,1753800183770,Synapse54,1753800183770,Synapse54
15,"G0V (Saint-Honore-De-Chicoutimi, QC)",G0V,284,3.33,3.33,24624561090.5,1237538.7672922572,1753800183770,Synapse54,1753800183770,Synapse54
16,"G0W (Saint-Bruno-Lac-Saint-Jean, QC)",G0W,580,3.72,3.72,380327320475.0,4323366.579971259,1753800183770,Synapse54,1753800183770,Synapse54
17,"G0X (Notre-Dame-Du-Mont-Carmel, QC)",G0X,765,2.75,2.75,39978887685.5,2171889.905015521,1753800183770,Synapse54,1753800183770,Synapse54
18,"G0Y (Lac-Drolet, QC)",G0Y,100,2.09,2.09,3810924397.5,557635.8571484805,1753800183770,Synapse54,1753800183770,Synapse54
19,"G0Z (Daveluyville, QC)",G0Z,81,2.0,2.0,1313913827.0,254093.22841298912,1753800183770,Synapse54,1753800183770,Synapse54
20,"G1A (Quebec, QC)",G1A,0,0.0,0.0,82312.0,1266.954133788689,1753800183770,Synapse54,1753800183770,Synapse54
21,"G1B (Quebec, QC)",G1B,321,4.5,4.5,87273797.0,41431.67400838665,1753800183770,Synapse54,1753800183770,Synapse54
22,"G1C (Quebec, QC)",G1C,2788,16.72,16.72,42832173.5,38990.399766328665,1753800183770,Synapse54,1753800183770,Synapse54
23,"G1E (Quebec, QC)",G1E,2449,16.81,16.81,21963715.5,24460.60804483201,1753800183770,Synapse54,1753800183770,Synapse54
24,"G1G (Quebec, QC)",G1G,1693,14.44,14.44,23261499.5,21244.010790424363,1753800183770,Synapse54,1753800183770,Synapse54
25,"G1H (Quebec, QC)",G1H,2266,14.72,14.72,17070653.5,16728.070206687444,1753800183770,Synapse54,1753800183770,Synapse54
26,"G1J (Quebec, QC)",G1J,1829,13.41,13.41,15486417.5,18318.282612942763,1753800183770,Synapse54,1753800183770,Synapse54
27,"G1K (Quebec, QC)",G1K,2757,23.52,23.52,9532326.5,27604.32226056824,1753800183770,Synapse54,1753800183770,Synapse54
28,"G1L (Quebec, QC)",G1L,1573,11.73,11.73,8545974.0,13500.51656374446,1753800183770,Synapse54,1753800183770,Synapse54
29,"G1M (Quebec, QC)",G1M,2491,23.02,23.02,17720734.5,19033.029965482125,1753800183770,Synapse54,1753800183770,Synapse54
30,"G1N (Quebec, QC)",G1N,631,10.95,10.95,13120575.0,20830.816804197915,1753800183770,Synapse54,1753800183770,Synapse54
31,"G1P (Quebec, QC)",G1P,702,8.66,8.66,23560383.5,22665.24353657779,1753800183770,Synapse54,1753800183770,Synapse54
32,"G1R (Quebec, QC)",G1R,2986,28.38,28.38,6291861.0,12661.880571938687,1753800183770,Synapse54,1753800183770,Synapse54
33,"G1S (Quebec, QC)",G1S,5055,35.01,35.01,11216915.28125,15661.567182113036,1753800183770,Synapse54,1753800183770,Synapse54
34,"G1T (Quebec, QC)",G1T,547,18.82,18.82,7077771.5,17602.81541790566,1753800183770,Synapse54,1753800183770,Synapse54
35,"G1V (Quebec, QC)",G1V,3747,28.59,28.59,15730102.0,17979.112647239195,1753800183770,Synapse54,1753800183770,Synapse54
36,"G1W (Quebec, QC)",G1W,2583,23.2,23.2,17198639.5,21801.94208985731,1753800183770,Synapse54,1753800183770,Synapse54
37,"G1X (Quebec, QC)",G1X,2976,21.85,21.85,27103326.0,27337.079999136095,1753800183770,Synapse54,1753800183770,Synapse54
38,"G1Y (Quebec, QC)",G1Y,595,10.31,10.31,14262450.5,17939.63034370007,1753800183770,Synapse54,1753800183770,Synapse54
39,"G2A (Quebec, QC)",G2A,808,9.58,9.58,47271562.5,46123.605864486206,1753800183770,Synapse54,1753800183770,Synapse54
40,"G2B (Quebec, QC)",G2B,1068,9.37,9.37,24328924.5,22475.77399457994,1753800183770,Synapse54,1753800183770,Synapse54
41,"G2C (Quebec, QC)",G2C,2047,32.86,32.86,18432837.5,23131.360190110616,1753800183770,Synapse54,1753800183770,Synapse54
42,"G2E (Quebec, QC)",G2E,661,6.86,6.86,27707972.5,23903.30796073271,1753800183770,Synapse54,1753800183770,Synapse54
43,"G2G (Quebec, QC)",G2G,690,14.27,14.27,101799470.5,45275.85044604026,1753800183770,Synapse54,1753800183770,Synapse54
44,"G2J (Quebec, QC)",G2J,810,45.74,45.74,5412144.5,9862.14108739791,1753800183770,Synapse54,1753800183770,Synapse54
45,"G2K (Quebec, QC)",G2K,2943,40.45,40.45,30349819.5,31745.12588440936,1753800183770,Synapse54,1753800183770,Synapse54
46,"G2L (Quebec, QC)",G2L,1905,27.93,27.93,25127554.5,22805.966601331882,1753800183770,Synapse54,1753800183770,Synapse54
47,"G2M (Quebec, QC)",G2M,351,14.18,14.18,44779584.0,34604.08492657024,1753800183770,Synapse54,1753800183770,Synapse54
48,"G2N (Quebec, QC)",G2N,323,8.93,8.93,31035228.5,31796.238354131285,1753800183770,Synapse54,1753800183770,Synapse54
49,"G3A (St-Augustin-De-Desmaures, QC)",G3A,1891,20.67,20.67,188876871.0,74472.4753726992,1753800183770,Synapse54,1753800183770,Synapse54
50,"G3B (Lac-Beauport, QC)",G3B,134,3.92,3.92,139197319.5,64423.23371099803,1753800183770,Synapse54,1753800183770,Synapse54
51,"G3C (Stoneham-Et-Tewkesbury, QC)",G3C,382,8.42,8.42,1330849498.5,175874.56931808186,1753800183770,Synapse54,1753800183770,Synapse54
52,"G3E (Quebec, QC)",G3E,402,6.35,6.35,18489209.0,20620.301807363456,1753800183770,Synapse54,1753800183770,Synapse54
53,"G3G (Quebec, QC)",G3G,158,3.69,3.69,83002473.0,53192.861834286385,1753800183770,Synapse54,1753800183770,Synapse54
54,"G3H (Pont-Rouge, QC)",G3H,294,6.41,6.41,279179695.0,100842.62742278028,1753800183770,Synapse54,1753800183770,Synapse54
55,"G3J (Quebec, QC)",G3J,786,16.79,16.79,85589532.0,54640.87343863765,1753800183770,Synapse54,1753800183770,Synapse54
56,"G3K (Quebec, QC)",G3K,1025,11.96,11.96,66926850.0,43417.9629367511,1753800183770,Synapse54,1753800183770,Synapse54
57,"G3L (Saint-Raymond, QC)",G3L,195,3.66,3.66,2499240685.5,293711.66523440205,1753800183770,Synapse54,1753800183770,Synapse54
58,"G3M (Donnacona, QC)",G3M,300,8.38,8.38,76895468.5,38932.06578942634,1753800183770,Synapse54,1753800183770,Synapse54
59,"G3N (Ste-Catherine-De-La-J-Cartier, QC)",G3N,248,5.36,5.36,179093818.5,91193.27748891739,1753800183770,Synapse54,1753800183770,Synapse54
60,"G3S (Quebec, QC)",G3S,188,7.08,7.08,162242772.5,88360.35793053103,1753800183770,Synapse54,1753800183770,Synapse54
61,"G3Z (Baie-Saint-Paul, QC)",G3Z,205,5.53,5.53,1221045873.0,165284.53951195258,1753800183770,Synapse54,1753800183770,Synapse54
62,"G4A (Clermont, QC)",G4A,79,5.11,5.11,1226794529.0,167560.43929327332,1753800183770,Synapse54,1753800183770,Synapse54
63,"G4R (Sept-Iles, QC)",G4R,384,4.16,4.16,1888740693.0195312,364416.3918226564,1753800183770,Synapse54,1753800183770,Synapse54
64,"G4S (Sept-Iles, QC)",G4S,0,0.0,0.0,13736729.5,31952.335224803264,1753800183770,Synapse54,1753800183770,Synapse54
65,"G4T (Les Iles-De-La-Madeleine, QC)",G4T,300,4.78,4.78,500054815.0,511013.5871236407,1753800183770,Synapse54,1753800183770,Synapse54
66,"G4V (Sainte-Anne-Des-Monts, QC)",G4V,181,5.58,5.58,780273522.0,168670.12216022852,1753800183770,Synapse54,1753800183770,Synapse54
67,"G4W (Matane, QC)",G4W,582,7.83,7.83,466220652.0,100520.51806568402,1753800183770,Synapse54,1753800183770,Synapse54
68,"G4X (Gaspe, QC)",G4X,363,5.06,5.06,2615126201.546875,406673.89112098655,1753800183770,Synapse54,1753800183770,Synapse54
69,"G4Z (Baie-Comeau, QC)",G4Z,179,4.07,4.07,1669244051.0,336717.80497552885,1753800183770,Synapse54,1753800183770,Synapse54
70,"G5A (La Malbaie, QC)",G5A,286,7.14,7.14,905867526.5,176911.55690727945,1753800183770,Synapse54,1753800183770,Synapse54
71,"G5B (Port-Cartier, QC)",G5B,164,5.89,5.89,742256392.5,203831.72178845698,1753800183770,Synapse54,1753800183770,Synapse54
72,"G5C (Baie-Comeau, QC)",G5C,332,6.31,6.31,78061848.0,48691.63220890317,1753800183770,Synapse54,1753800183770,Synapse54
73,"G5H (Mont-Joli, QC)",G5H,248,7.4,7.4,128376656.5,53923.191144203476,1753800183770,Synapse54,1753800183770,Synapse54
74,"G5J (Amqui, QC)",G5J,193,6.43,6.43,310530648.5,97437.56642828621,1753800183770,Synapse54,1753800183770,Synapse54
75,"G5L (Rimouski, QC)",G5L,1762,11.67,11.67,115966883.0,88926.49071239203,1753800183770,Synapse54,1753800183770,Synapse54
76,"G5M (Rimouski, QC)",G5M,475,11.65,11.65,66332097.0,52169.63739391678,1753800183770,Synapse54,1753800183770,Synapse54
77,"G5N (Rimouski, QC)",G5N,153,4.12,4.12,414167429.0,104413.83144964176,1753800183770,Synapse54,1753800183770,Synapse54
78,"G5R (Riviere-Du-Loup, QC)",G5R,951,9.56,9.56,182737573.0,77061.18159356514,1753800183770,Synapse54,1753800183770,Synapse54
79,"G5T (Degelis, QC)",G5T,121,8.5,8.5,1107888892.0,146757.59518407704,1753800183770,Synapse54,1753800183770,Synapse54
80,"G5V (Montmagny, QC)",G5V,539,9.36,9.36,282245095.0,82682.88684580137,1753800183770,Synapse54,1753800183770,Synapse54
81,"G5X (Beauceville, QC)",G5X,236,8.35,8.35,336857190.0,91090.00846556539,1753800183770,Synapse54,1753800183770,Synapse54
82,"G5Y (Saint-Georges, QC)",G5Y,1535,12.79,12.79,169548327.0,148240.89990521545,1753800183770,Synapse54,1753800183770,Synapse54
83,"G5Z (Saint-Georges, QC)",G5Z,233,6.95,6.95,219710089.0,133870.3845435117,1753800183770,Synapse54,1753800183770,Synapse54
84,"G6A (Saint-Georges, QC)",G6A,112,12.89,12.89,12731588.0,28099.846637013223,1753800183770,Synapse54,1753800183770,Synapse54
85,"G6B (Lac-Megantic, QC)",G6B,345,8.16,8.16,525968305.0,147830.6226949515,1753800183770,Synapse54,1753800183770,Synapse54
86,"G6C (Pintendre, QC)",G6C,382,10.46,10.46,171728656.5,62758.50767570228,1753800183770,Synapse54,1753800183770,Synapse54
87,"G6E (Sainte-Marie, QC)",G6E,757,12.96,12.96,242749292.5,88129.38426536831,1753800183770,Synapse54,1753800183770,Synapse54
88,"G6G (Thetford Mines, QC)",G6G,771,7.68,7.68,432553661.5,137866.85051543516,1753800183770,Synapse54,1753800183770,Synapse54
89,"G6H (Thetford Mines, QC)",G6H,126,3.95,3.95,381525955.5,208711.52055490302,1753800183770,Synapse54,1753800183770,Synapse54
90,"G6J (Saint-Etienne-De-Lauzon, QC)",G6J,328,7.17,7.17,170941088.5,68005.84099520143,1753800183770,Synapse54,1753800183770,Synapse54
91,"G6K (Saint-Redempteur, QC)",G6K,187,5.63,5.63,8847420.0,13869.752401834681,1753800183770,Synapse54,1753800183770,Synapse54
92,"G6L (Plessisville, QC)",G6L,553,7.42,7.42,727703425.5,150480.86599396955,1753800183770,Synapse54,1753800183770,Synapse54
93,"G6P (Victoriaville, QC)",G6P,1393,9.11,9.11,43162857.0,67077.33804588739,1753800183770,Synapse54,1753800183770,Synapse54
94,"G6R (Victoriaville, QC)",G6R,83,4.46,4.46,111890007.5,67049.5189257073,1753800183770,Synapse54,1753800183770,Synapse54
95,"G6S (Victoriaville, QC)",G6S,228,9.69,9.69,93883157.5,65606.32420350032,1753800183770,Synapse54,1753800183770,Synapse54
96,"G6T (Victoriaville, QC)",G6T,315,6.42,6.42,97646146.0,79862.46403678902,1753800183770,Synapse54,1753800183770,Synapse54
97,"G6V (Levis, QC)",G6V,2392,14.15,14.15,51005706.5,85820.66591178898,1753800183770,Synapse54,1753800183770,Synapse54
98,"G6W (Levis, QC)",G6W,2196,17.43,17.43,54365583.5,57031.8227070878,1753800183770,Synapse54,1753800183770,Synapse54
99,"G6X (Levis, QC)",G6X,710,14.85,14.85,17532207.0,18566.178953389182,1753800183770,Synapse54,1753800183770,Synapse54
100,"G6Y (Levis, QC)",G6Y,616,18.01,18.01,48673784.5,36076.08982567784,1753800183770,Synapse54,1753800183770,Synapse54
101,"G6Z (Saint-Jean-Chrysostome, QC)",G6Z,665,6.72,6.72,206313300.5,81637.94553350794,1753800183770,Synapse54,1753800183770,Synapse54
102,"G7A (Saint-Nicolas, QC)",G7A,996,9.04,9.04,206385794.0,76585.07395132218,1753800183770,Synapse54,1753800183770,Synapse54
103,"G7B (La Baie, QC)",G7B,614,7.16,7.16,731098795.5,122236.04683671948,1753800183770,Synapse54,1753800183770,Synapse54
104,"G7G (Chicoutimi, QC)",G7G,612,8.05,8.05,83451590.0,72026.82978856695,1753800183770,Synapse54,1753800183770,Synapse54
105,"G7H (Chicoutimi, QC)",G7H,2424,16.18,16.18,335780132.5,155297.87503251838,1753800183770,Synapse54,1753800183770,Synapse54
106,"G7J (Chicoutimi, QC)",G7J,878,12.31,12.31,48516569.0,31553.718168111947,1753800183770,Synapse54,1753800183770,Synapse54
107,"G7K (Chicoutimi, QC)",G7K,30,8.26,8.26,13787400.5,25129.491914885974,1753800183770,Synapse54,1753800183770,Synapse54
108,"G7N (Laterriere, QC)",G7N,112,4.2,4.2,572266521.5,131134.86527943268,1753800183770,Synapse54,1753800183770,Synapse54
109,"G7P (Chicoutimi, QC)",G7P,115,3.45,3.45,535052258.5,133662.40227307807,1753800183770,Synapse54,1753800183770,Synapse54
110,"G7S (Jonquiere, QC)",G7S,737,8.4,8.4,90965725.5,53543.07738017431,1753800183770,Synapse54,1753800183770,Synapse54
111,"G7T (Jonquiere, QC)",G7T,109,13.54,13.54,11024436.0,23113.794147733155,1753800183770,Synapse54,1753800183770,Synapse54
112,"G7X (Jonquiere, QC)",G7X,1389,10.43,10.43,675028246.5,279259.2165036962,1753800183770,Synapse54,1753800183770,Synapse54
113,"G7Y (Jonquiere, QC)",G7Y,26,8.72,8.72,28364189.0,37375.76013155794,1753800183770,Synapse54,1753800183770,Synapse54
114,"G7Z (Jonquiere, QC)",G7Z,33,3.02,3.02,16183341.0,21290.870310459137,1753800183770,Synapse54,1753800183770,Synapse54
115,"G8A (Jonquiere, QC)",G8A,271,9.38,9.38,52092756.5,55678.19403946566,1753800183770,Synapse54,1753800183770,Synapse54
116,"G8B (Alma, QC)",G8B,930,8.91,8.91,297457310.0,211237.01895446505,1753800183770,Synapse54,1753800183770,Synapse54
117,"G8C (Alma, QC)",G8C,196,8.54,8.54,47590945.0,51183.77436174367,1753800183770,Synapse54,1753800183770,Synapse54
118,"G8E (Alma, QC)",G8E,82,4.72,4.72,198550679.5,111351.61663855895,1753800183770,Synapse54,1753800183770,Synapse54
119,"G8G (Metabetchouan-Lac-A-La-Croix, QC)",G8G,77,4.02,4.02,435537293.5,100773.33142038128,1753800183770,Synapse54,1753800183770,Synapse54
120,"G8H (Roberval, QC)",G8H,330,6.63,6.63,543189787.1757812,135904.14248114204,1753800183770,Synapse54,1753800183770,Synapse54
121,"G8J (Chicoutimi, QC)",G8J,68,3.59,3.59,2344096837.0,302744.5493028244,1753800183770,Synapse54,1753800183770,Synapse54
122,"G8K (Saint-Felicien, QC)",G8K,359,7.21,7.21,860422895.5,186957.39961478047,1753800183770,Synapse54,1753800183770,Synapse54
123,"G8L (Dolbeau-Mistassini, QC)",G8L,472,7.05,7.05,3537542888.8203125,527284.6001355818,1753800183770,Synapse54,1753800183770,Synapse54
124,"G8M (Normandin, QC)",G8M,88,3.8,3.8,1017813603.5,185656.56193391615,1753800183770,Synapse54,1753800183770,Synapse54
125,"G8N (Hebertville, QC)",G8N,54,4.77,4.77,473865737.0,121456.61747790436,1753800183770,Synapse54,1753800183770,Synapse54
126,"G8P (Chibougamau, QC)",G8P,228,6.97,6.97,2435879767.5,197043.63571528325,1753800183770,Synapse54,1753800183770,Synapse54
127,"G8T (Trois-Rivieres, QC)",G8T,1101,7.73,7.73,53667241.0,76442.1934749919,1753800183770,Synapse54,1753800183770,Synapse54
128,"G8V (Trois-Rivieres, QC)",G8V,269,5.74,5.74,104632608.0,66015.1834431966,1753800183770,Synapse54,1753800183770,Synapse54
129,"G8W (Trois-Rivieres, QC)",G8W,424,8.28,8.28,128446737.0,76697.25349343411,1753800183770,Synapse54,1753800183770,Synapse54
130,"G8Y (Trois-Rivieres, QC)",G8Y,2226,13.53,13.53,45724725.5,37933.330899285655,1753800183770,Synapse54,1753800183770,Synapse54
131,"G8Z (Trois-Rivieres, QC)",G8Z,967,12.93,12.93,16678138.0,22099.08240994394,1753800183770,Synapse54,1753800183770,Synapse54
132,"G9A (Trois-Rivieres, QC)",G9A,1397,11.49,11.49,105086814.0,113245.62209754915,1753800183770,Synapse54,1753800183770,Synapse54
133,"G9B (Trois-Rivieres, QC)",G9B,770,8.95,8.95,216934834.5,89385.35803757486,1753800183770,Synapse54,1753800183770,Synapse54
134,"G9C (Trois-Rivieres, QC)",G9C,224,12.64,12.64,12875179.0,26201.339674832936,1753800183770,Synapse54,1753800183770,Synapse54
135,"G9H (Becancour, QC)",G9H,617,9.19,9.19,965246378.5,214717.67022828877,1753800183770,Synapse54,1753800183770,Synapse54
136,"G9N (Shawinigan, QC)",G9N,564,6.17,6.17,149583035.5,113854.1611209567,1753800183770,Synapse54,1753800183770,Synapse54
137,"G9P (Shawinigan, QC)",G9P,252,4.28,4.28,32510118.0,38949.97843748969,1753800183770,Synapse54,1753800183770,Synapse54
138,"G9R (Shawinigan, QC)",G9R,31,2.6,2.6,156430596.5,105284.31387222232,1753800183770,Synapse54,1753800183770,Synapse54
139,"G9T (Grand-Mere, QC)",G9T,436,5.02,5.02,175921560.5,90399.15322236488,1753800183770,Synapse54,1753800183770,Synapse54
140,"G9X (La Tuque, QC)",G9X,291,5.48,5.48,4798536478.5,388015.362952818,1753800183770,Synapse54,1753800183770,Synapse54
141,"H0M (Akwesasne, QC)",H0M,0,0.0,0.0,4195699.0,36371.52492841964,1753800183770,Synapse54,1753800183770,Synapse54
142,"H1A (Montreal, QC)",H1A,3928,25.44,25.44,32047972.5,27217.161718354222,1753800183770,Synapse54,1753800183770,Synapse54
143,"H1B (Montreal, QC)",H1B,1119,12.01,12.01,42382103.0,29920.24369847441,1753800183770,Synapse54,1753800183770,Synapse54
144,"H1C (Montreal, QC)",H1C,698,13.81,13.81,26679819.5,25870.587310829436,1753800183770,Synapse54,1753800183770,Synapse54
145,"H1E (Montreal, QC)",H1E,2808,16.19,16.19,29995565.0,23264.2709841518,1753800183770,Synapse54,1753800183770,Synapse54
146,"H1G (Montreal, QC)",H1G,2795,13.31,13.31,16132403.5,17322.15503203977,1753800183770,Synapse54,1753800183770,Synapse54
147,"H1H (Montreal, QC)",H1H,2526,15.16,15.16,10210927.5,13709.108640935121,1753800183770,Synapse54,1753800183770,Synapse54
148,"H1J (Montreal, QC)",H1J,1544,31.81,31.81,18502722.0,18581.449355666224,1753800183770,Synapse54,1753800183770,Synapse54
149,"H1K (Montreal, QC)",H1K,2586,16.31,16.31,12667226.5,15052.99246391506,1753800183770,Synapse54,1753800183770,Synapse54
150,"H1L (Montreal, QC)",H1L,2777,16.46,16.46,13596541.5,17573.19469361058,1753800183770,Synapse54,1753800183770,Synapse54
151,"H1M (Montreal, QC)",H1M,3535,24.64,24.64,10690212.5,15457.65729265879,1753800183770,Synapse54,1753800183770,Synapse54
152,"H1N (Montreal, QC)",H1N,2288,18.72,18.72,114734629.5,108616.9951420107,1753800183770,Synapse54,1753800183770,Synapse54
153,"H1P (Montreal, QC)",H1P,1168,15.1,15.1,10601632.5,14342.38560083787,1753800183770,Synapse54,1753800183770,Synapse54
154,"H1R (Montreal, QC)",H1R,1140,9.34,9.34,9518827.0,14180.86920094836,1753800183770,Synapse54,1753800183770,Synapse54
155,"H1S (Montreal, QC)",H1S,2534,22.1,22.1,7438851.0,13261.062397135287,1753800183770,Synapse54,1753800183770,Synapse54
156,"H1T (Montreal, QC)",H1T,2816,17.58,17.58,8407123.5,15836.037610683787,1753800183770,Synapse54,1753800183770,Synapse54
157,"H1V (Montreal, QC)",H1V,3385,27.82,27.82,6852649.0,10988.833869692491,1753800183770,Synapse54,1753800183770,Synapse54
158,"H1W (Montreal, QC)",H1W,4040,22.47,22.47,6100526.0,11263.239274717751,1753800183770,Synapse54,1753800183770,Synapse54
159,"H1X (Montreal, QC)",H1X,3612,22.25,22.25,8450164.0,13619.608619583656,1753800183770,Synapse54,1753800183770,Synapse54
160,"H1Y (Montreal, QC)",H1Y,3616,23.49,23.49,5352874.0,10916.549919811729,1753800183770,Synapse54,1753800183770,Synapse54
161,"H1Z (Montreal, QC)",H1Z,1566,10.79,10.79,14307589.5,14883.881987328181,1753800183770,Synapse54,1753800183770,Synapse54
162,"H2A (Montreal, QC)",H2A,1550,15.9,15.9,4232942.0,8758.55230005682,1753800183770,Synapse54,1753800183770,Synapse54
163,"H2B (Montreal, QC)",H2B,997,11.74,11.74,5947505.5,9676.70118562271,1753800183770,Synapse54,1753800183770,Synapse54
164,"H2C (Montreal, QC)",H2C,1380,14.58,14.58,5556278.0,9971.926462140602,1753800183770,Synapse54,1753800183770,Synapse54
165,"H2E (Montreal, QC)",H2E,1382,11.98,11.98,3830518.5,8073.841629300861,1753800183770,Synapse54,1753800183770,Synapse54
166,"H2G (Montreal, QC)",H2G,1816,15.96,15.96,4217958.5,9248.80721597901,1753800183770,Synapse54,1753800183770,Synapse54
167,"H2H (Montreal, QC)",H2H,1758,23.64,23.64,2682198.0,6982.709947140798,1753800183770,Synapse54,1753800183770,Synapse54
168,"H2J (Montreal, QC)",H2J,4190,27.75,27.75,3975815.0,8085.511309426667,1753800183770,Synapse54,1753800183770,Synapse54
169,"H2K (Montreal, QC)",H2K,4631,26.41,26.41,5762510.0,9775.787359183401,1753800183770,Synapse54,1753800183770,Synapse54
170,"H2L (Montreal, QC)",H2L,6360,37.0,37.0,5652250.0,10530.305700195246,1753800183770,Synapse54,1753800183770,Synapse54
171,"H2M (Montreal, QC)",H2M,2630,27.9,27.9,6840427.0,11504.156734199103,1753800183770,Synapse54,1753800183770,Synapse54
172,"H2N (Montreal, QC)",H2N,518,18.14,18.14,2336770.0,6414.770804238481,1753800183770,Synapse54,1753800183770,Synapse54
173,"H2P (Montreal, QC)",H2P,1232,16.25,16.25,3440041.0,8481.97690702558,1753800183770,Synapse54,1753800183770,Synapse54
174,"H2R (Montreal, QC)",H2R,2834,21.63,21.63,4573627.0,8588.564684485442,1753800183770,Synapse54,1753800183770,Synapse54
175,"H2S (Montreal, QC)",H2S,3960,24.47,24.47,5062352.5,9483.95666520098,1753800183770,Synapse54,1753800183770,Synapse54
176,"H2T (Montreal, QC)",H2T,2639,27.41,27.41,2792933.0,7309.603445409373,1753800183770,Synapse54,1753800183770,Synapse54
177,"H2V (Montreal, QC)",H2V,3843,29.49,29.49,9406781.5,15649.479624539856,1753800183770,Synapse54,1753800183770,Synapse54
178,"H2W (Montreal, QC)",H2W,1524,24.73,24.73,2122029.5,6886.736160398394,1753800183770,Synapse54,1753800183770,Synapse54
179,"H2X (Montreal, QC)",H2X,4133,28.28,28.28,3260860.5,9016.990098210114,1753800183770,Synapse54,1753800183770,Synapse54
180,"H2Y (Montreal, QC)",H2Y,2037,77.16,77.16,1658875.0,7811.331119881591,1753800183770,Synapse54,1753800183770,Synapse54
181,"H2Z (Montreal, QC)",H2Z,2128,79.4,79.4,598367.5,3228.1201023826216,1753800183770,Synapse54,1753800183770,Synapse54
182,"H3A (Montreal, QC)",H3A,2242,67.45,67.45,1952640.0,8051.6260641867375,1753800183770,Synapse54,1753800183770,Synapse54
183,"H3B (Montreal, QC)",H3B,1372,91.04,91.04,927950.0,5036.520981944944,1753800183770,Synapse54,1753800183770,Synapse54
184,"H3C (Montreal, QC)",H3C,12441,88.45,88.45,17209727.0,33681.90517416176,1753800183770,Synapse54,1753800183770,Synapse54
185,"H3E (Montreal, QC)",H3E,6658,60.13,60.13,9825716.5,14615.034290309737,1753800183770,Synapse54,1753800183770,Synapse54
186,"H3G (Montreal, QC)",H3G,4987,60.27,60.27,2139910.0,8520.81981818768,1753800183770,Synapse54,1753800183770,Synapse54
187,"H3H (Montreal, QC)",H3H,4370,33.55,33.55,5138945.5,17420.06994824536,1753800183770,Synapse54,1753800183770,Synapse54
188,"H3J (Montreal, QC)",H3J,2767,42.47,42.47,2674031.0,6742.466153977455,1753800183770,Synapse54,1753800183770,Synapse54
189,"H3K (Montreal, QC)",H3K,2323,29.08,29.08,6571158.0,11318.657050191392,1753800183770,Synapse54,1753800183770,Synapse54
190,"H3L (Montreal, QC)",H3L,1533,14.99,14.99,8682987.0,13055.356607199148,1753800183770,Synapse54,1753800183770,Synapse54
191,"H3M (Montreal, QC)",H3M,595,9.51,9.51,5900605.5,11105.82837103115,1753800183770,Synapse54,1753800183770,Synapse54
192,"H3N (Montreal, QC)",H3N,1513,11.83,11.83,3362662.5,8891.918324885475,1753800183770,Synapse54,1753800183770,Synapse54
193,"H3P (Montreal, QC)",H3P,636,16.58,16.58,5651704.5,9798.453260458433,1753800183770,Synapse54,1753800183770,Synapse54
194,"H3R (Montreal, QC)",H3R,504,13.01,13.01,5400500.0,9553.23690396402,1753800183770,Synapse54,1753800183770,Synapse54
195,"H3S (Montreal, QC)",H3S,2822,17.99,17.99,5351564.5,9656.774003388971,1753800183770,Synapse54,1753800183770,Synapse54
196,"H3T (Montreal, QC)",H3T,1241,17.47,17.47,3607516.5,8899.065890536858,1753800183770,Synapse54,1753800183770,Synapse54
197,"H3V (Montreal, QC)",H3V,778,19.07,19.07,3676769.0,9340.08432806038,1753800183770,Synapse54,1753800183770,Synapse54
198,"H3W (Montreal, QC)",H3W,1477,11.05,11.05,5569083.5,12464.00419712417,1753800183770,Synapse54,1753800183770,Synapse54
199,"H3X (Montreal, QC)",H3X,1819,16.73,16.73,8676070.0,13038.712105834822,1753800183770,Synapse54,1753800183770,Synapse54
200,"H3Y (Montreal, QC)",H3Y,304,7.68,7.68,5680936.5,10400.46779440301,1753800183770,Synapse54,1753800183770,Synapse54
201,"H3Z (Montreal, QC)",H3Z,1555,28.73,28.73,2971245.0,7979.12833061372,1753800183770,Synapse54,1753800183770,Synapse54
202,"H4A (Montreal, QC)",H4A,1885,15.22,15.22,6339669.0,10830.775097279686,1753800183770,Synapse54,1753800183770,Synapse54
203,"H4B (Montreal, QC)",H4B,1399,12.13,12.13,5495449.5,11430.593825626274,1753800183770,Synapse54,1753800183770,Synapse54
204,"H4C (Montreal, QC)",H4C,3300,32.58,32.58,10079054.5,19231.90024241674,1753800183770,Synapse54,1753800183770,Synapse54
205,"H4E (Montreal, QC)",H4E,2757,17.39,17.39,10446763.5,18116.080205740356,1753800183770,Synapse54,1753800183770,Synapse54
206,"H4G (Verdun, QC)",H4G,3835,22.99,22.99,6200126.5,10435.627645908377,1753800183770,Synapse54,1753800183770,Synapse54
207,"H4H (Verdun, QC)",H4H,732,8.19,8.19,6500184.5,11023.978149390903,1753800183770,Synapse54,1753800183770,Synapse54
208,"H4J (Montreal, QC)",H4J,1303,17.01,17.01,6400914.5,12111.703398579217,1753800183770,Synapse54,1753800183770,Synapse54
209,"H4K (Montreal, QC)",H4K,177,4.36,4.36,10268900.0,15365.586434704945,1753800183770,Synapse54,1753800183770,Synapse54
210,"H4L (Montreal, QC)",H4L,4869,31.71,31.71,10499306.5,13425.367090877367,1753800183770,Synapse54,1753800183770,Synapse54
211,"H4M (Montreal, QC)",H4M,1234,24.52,24.52,6193041.5,11376.386905744941,1753800183770,Synapse54,1753800183770,Synapse54
212,"H4N (Montreal, QC)",H4N,5134,39.53,39.53,11515200.0,17692.530830513202,1753800183770,Synapse54,1753800183770,Synapse54
213,"H4P (Montreal, QC)",H4P,3126,63.04,63.04,7616644.5,13917.162705093007,1753800183770,Synapse54,1753800183770,Synapse54
214,"H4R (Montreal, QC)",H4R,5265,41.9,41.9,19778627.5,19925.041667183443,1753800183770,Synapse54,1753800183770,Synapse54
215,"H4S (Montreal, QC)",H4S,48,29.63,29.63,25736787.0,27350.179631335064,1753800183770,Synapse54,1753800183770,Synapse54
216,"H4T (Montreal, QC)",H4T,8,61.54,61.54,12913673.5,17286.679172996657,1753800183770,Synapse54,1753800183770,Synapse54
217,"H4V (Montreal, QC)",H4V,981,10.77,10.77,4860370.5,9490.823388671204,1753800183770,Synapse54,1753800183770,Synapse54
218,"H4W (Montreal, QC)",H4W,3619,31.29,31.29,15741448.0,18055.60507168441,1753800183770,Synapse54,1753800183770,Synapse54
219,"H4X (Montreal, QC)",H4X,200,7.21,7.21,3272580.5,9711.337741501437,1753800183770,Synapse54,1753800183770,Synapse54
220,"H4Y (Pointe-Claire-Dorval, QC)",H4Y,0,0.0,0.0,13605865.0,21906.491759391112,1753800183770,Synapse54,1753800183770,Synapse54
221,"H4Z (Montreal, QC)",H4Z,23,100.0,100.0,48269.5,1084.0077881690113,1753800183770,Synapse54,1753800183770,Synapse54
222,"H5A (Montreal, QC)",H5A,0,0.0,0.0,70328.5,1077.3693943590201,1753800183770,Synapse54,1753800183770,Synapse54
223,"H5B (Montreal, QC)",H5B,29,90.63,90.63,69225.0,1241.39561389562,1753800183770,Synapse54,1753800183770,Synapse54
224,"H7A (Laval, QC)",H7A,936,12.05,12.05,55986161.0,35792.476329694015,1753800183770,Synapse54,1753800183770,Synapse54
225,"H7B (Laval, QC)",H7B,56,5.26,5.26,12833492.0,19465.102961418776,1753800183770,Synapse54,1753800183770,Synapse54
226,"H7C (Laval, QC)",H7C,383,10.66,10.66,26706438.0,33344.532757897236,1753800183770,Synapse54,1753800183770,Synapse54
227,"H7E (Laval, QC)",H7E,1197,11.34,11.34,58603236.5,49715.749208773435,1753800183770,Synapse54,1753800183770,Synapse54
228,"H7G (Laval, QC)",H7G,1459,16.06,16.06,12923832.5,19204.029301455565,1753800183770,Synapse54,1753800183770,Synapse54
229,"H7H (Laval, QC)",H7H,591,11.76,11.76,15956758.0,19199.605061874256,1753800183770,Synapse54,1753800183770,Synapse54
230,"H7J (Laval, QC)",H7J,34,3.9,3.9,53323302.0,33198.313020576155,1753800183770,Synapse54,1753800183770,Synapse54
231,"H7K (Laval, QC)",H7K,1358,15.56,15.56,30865320.0,25890.412217277662,1753800183770,Synapse54,1753800183770,Synapse54
232,"H7L (Laval, QC)",H7L,1171,8.25,8.25,44625160.0,29614.545742793118,1753800183770,Synapse54,1753800183770,Synapse54
233,"H7M (Laval, QC)",H7M,1200,11.01,11.01,21060041.0,20135.878363934327,1753800183770,Synapse54,1753800183770,Synapse54
234,"H7N (Laval, QC)",H7N,5281,24.23,24.23,22733173.5,31142.9739798465,1753800183770,Synapse54,1753800183770,Synapse54
235,"H7P (Laval, QC)",H7P,3093,21.04,21.04,39418609.5,29119.748261948425,1753800183770,Synapse54,1753800183770,Synapse54
236,"H7R (Laval, QC)",H7R,1187,9.82,9.82,39328921.5,33526.83151448517,1753800183770,Synapse54,1753800183770,Synapse54
237,"H7S (Laval, QC)",H7S,828,24.15,24.15,10962382.0,13461.308964386186,1753800183770,Synapse54,1753800183770,Synapse54
238,"H7T (Laval, QC)",H7T,5069,43.18,43.18,19220992.5,21847.72561749218,1753800183770,Synapse54,1753800183770,Synapse54
239,"H7V (Laval, QC)",H7V,2279,21.39,21.39,13084368.0,17090.83415240245,1753800183770,Synapse54,1753800183770,Synapse54
240,"H7W (Laval, QC)",H7W,4497,25.57,25.57,21296664.5,20542.33134907331,1753800183770,Synapse54,1753800183770,Synapse54
241,"H7X (Laval, QC)",H7X,1421,14.29,14.29,31137712.0,25106.867662548826,1753800183770,Synapse54,1753800183770,Synapse54
242,"H7Y (Laval, QC)",H7Y,418,11.79,11.79,14444971.0,18869.75173232823,1753800183770,Synapse54,1753800183770,Synapse54
243,"H8N (Lasalle, QC)",H8N,4126,28.59,28.59,14389471.0,18103.010513945057,1753800183770,Synapse54,1753800183770,Synapse54
244,"H8P (Lasalle, QC)",H8P,802,7.48,7.48,21862717.5,20668.285538772176,1753800183770,Synapse54,1753800183770,Synapse54
245,"H8R (Lasalle, QC)",H8R,1658,11.63,11.63,18116586.5,27293.21202861797,1753800183770,Synapse54,1753800183770,Synapse54
246,"H8S (Lasalle, QC)",H8S,2888,22.55,22.55,19856874.0,24144.754425147134,1753800183770,Synapse54,1753800183770,Synapse54
247,"H8T (Pointe-Claire-Dorval, QC)",H8T,935,14.41,14.41,21610415.0,20729.17122189251,1753800183770,Synapse54,1753800183770,Synapse54
248,"H8Y (Roxboro, QC)",H8Y,1090,14.5,14.5,14039619.0,22252.616674527148,1753800183770,Synapse54,1753800183770,Synapse54
249,"H8Z (Roxboro, QC)",H8Z,1212,20.64,20.64,11082242.5,14451.759662340886,1753800183770,Synapse54,1753800183770,Synapse54
250,"H9A (Pierrefonds, QC)",H9A,526,8.49,8.49,9353959.0,13155.163982221264,1753800183770,Synapse54,1753800183770,Synapse54
251,"H9B (Roxboro, QC)",H9B,2047,26.4,26.4,14796114.0,18421.91025899604,1753800183770,Synapse54,1753800183770,Synapse54
252,"H9C (Pierrefonds, QC)",H9C,150,3.5,3.5,24503744.5,20531.792890304176,1753800183770,Synapse54,1753800183770,Synapse54
253,"H9E (Pierrefonds, QC)",H9E,33,2.54,2.54,42250333.0,27083.5790617143,1753800183770,Synapse54,1753800183770,Synapse54
254,"H9G (Pointe-Claire-Dorval, QC)",H9G,941,15.9,15.9,8457140.5,12464.539249179079,1753800183770,Synapse54,1753800183770,Synapse54
255,"H9H (Pierrefonds, QC)",H9H,1480,15.37,15.37,19613903.5,23879.67204388559,1753800183770,Synapse54,1753800183770,Synapse54
256,"H9J (Pierrefonds, QC)",H9J,566,7.26,7.26,17167469.0,23970.816444803262,1753800183770,Synapse54,1753800183770,Synapse54
257,"H9K (Pierrefonds, QC)",H9K,508,15.34,15.34,30500131.5,26824.382930325875,1753800183770,Synapse54,1753800183770,Synapse54
258,"H9P (Pointe-Claire-Dorval, QC)",H9P,125,7.84,7.84,19498535.0,39692.170261991225,1753800183770,Synapse54,1753800183770,Synapse54
259,"H9R (Pointe-Claire-Dorval, QC)",H9R,1653,15.31,15.31,29882299.5,25305.84671237734,1753800183770,Synapse54,1753800183770,Synapse54
260,"H9S (Pointe-Claire-Dorval, QC)",H9S,1889,16.96,16.96,78965867.0,44171.880466646624,1753800183770,Synapse54,1753800183770,Synapse54
261,"H9W (Beaconsfield, QC)",H9W,348,4.89,4.89,43852698.0,28888.96518701168,1753800183770,Synapse54,1753800183770,Synapse54
262,"H9X (Sainte-Anne-De-Bellevue, QC)",H9X,296,7.46,7.46,73291956.5,35517.603411509444,1753800183770,Synapse54,1753800183770,Synapse54
263,"J0A (Warwick, QC)",J0A,186,2.18,2.18,2834357143.0,359358.8229727042,1753800183770,Synapse54,1753800183770,Synapse54
264,"J0B (Richmond, QC)",J0B,754,2.57,2.57,10667378133.5,1065896.4278918828,1753800183770,Synapse54,1753800183770,Synapse54
265,"J0C (Saint-Germain-De-Grantham, QC)",J0C,263,2.65,2.65,2217789273.0,543899.6487326861,1753800183770,Synapse54,1753800183770,Synapse54
266,"J0E (Waterloo, QC)",J0E,1079,4.23,4.23,4549634499.230469,648394.7017630582,1753800183770,Synapse54,1753800183770,Synapse54
267,"J0G (Saint-Francois-Du-Lac, QC)",J0G,208,2.44,2.44,2514787680.5,333340.5205009883,1753800183770,Synapse54,1753800183770,Synapse54
268,"J0H (Acton Vale, QC)",J0H,915,3.99,3.99,4017334345.9570312,538883.6400762808,1753800183770,Synapse54,1753800183770,Synapse54
269,"J0J (Napierville, QC)",J0J,513,2.79,2.79,3163504441.4609375,385870.6950955986,1753800183770,Synapse54,1753800183770,Synapse54
270,"J0K (Rawdon, QC)",J0K,2785,3.74,3.74,29697039721.0,1406950.3334880418,1753800183770,Synapse54,1753800183770,Synapse54
271,"J0L (Saint-Amable, QC)",J0L,3299,8.57,8.57,2780902762.0429688,596544.2844540038,1753800183770,Synapse54,1753800183770,Synapse54
272,"J0M (Chisasibi, QC)",J0M,303,4.34,4.34,2507274503756.0,24396187.397056405,1753800183770,Synapse54,1753800183770,Synapse54
273,"J0N (Sainte-Marthe-Sur-Le-Lac, QC)",J0N,1862,11.86,11.86,341790001.0,92049.64421828423,1753800183770,Synapse54,1753800183770,Synapse54
274,"J0P (Saint-Zotique, QC)",J0P,1112,6.01,6.01,1320873265.0,299819.56036801497,1753800183770,Synapse54,1753800183770,Synapse54
275,"J0R (Saint-Sauveur, QC)",J0R,1881,9.93,9.93,549507968.0,153164.86554496005,1753800183770,Synapse54,1753800183770,Synapse54
276,"J0S (Sainte-Martine, QC)",J0S,780,4.86,4.86,3261392891.5,373681.8522427627,1753800183770,Synapse54,1753800183770,Synapse54
277,"J0T (Saint-Donat-De-Montcalm, QC)",J0T,791,2.8,2.8,10294024616.5,948593.2698027412,1753800183770,Synapse54,1753800183770,Synapse54
278,"J0V (Saint-Andre-Avellin, QC)",J0V,493,3.64,3.64,5169637352.5,604696.2148960141,1753800183770,Synapse54,1753800183770,Synapse54
279,"J0W (Lac-Des-Ecorces, QC)",J0W,242,2.77,2.77,72760667284.5,2116484.49890364,1753800183770,Synapse54,1753800183770,Synapse54
280,"J0X (Wakefield, QC)",J0X,679,3.05,3.05,18401542242.5,1302599.5812032141,1753800183770,Synapse54,1753800183770,Synapse54
281,"J0Y (Malartic, QC)",J0Y,493,4.28,4.28,223534310999.0,3278730.6722274064,1753800183770,Synapse54,1753800183770,Synapse54
282,"J0Z (Lorrainville, QC)",J0Z,517,3.43,3.43,59867601510.0,2216439.0400546975,1753800183770,Synapse54,1753800183770,Synapse54
283,"J1A (Coaticook, QC)",J1A,207,4.69,4.69,568143726.5,138682.11350637994,1753800183770,Synapse54,1753800183770,Synapse54
284,"J1C (Sherbrooke, QC)",J1C,101,3.53,3.53,148314795.5,58854.95341782354,1753800183770,Synapse54,1753800183770,Synapse54
285,"J1E (Sherbrooke, QC)",J1E,1157,8.57,8.57,36392307.5,31305.785200373433,1753800183770,Synapse54,1753800183770,Synapse54
286,"J1G (Sherbrooke, QC)",J1G,610,6.4,6.4,23722537.5,26568.26494121696,1753800183770,Synapse54,1753800183770,Synapse54
287,"J1H (Sherbrooke, QC)",J1H,1855,10.79,10.79,90156997.5,95524.0591322304,1753800183770,Synapse54,1753800183770,Synapse54
288,"J1J (Sherbrooke, QC)",J1J,1194,15.35,15.35,14850239.5,21529.415696903085,1753800183770,Synapse54,1753800183770,Synapse54
289,"J1K (Sherbrooke, QC)",J1K,326,8.75,8.75,14646372.0,20632.820225363073,1753800183770,Synapse54,1753800183770,Synapse54
290,"J1L (Sherbrooke, QC)",J1L,1510,18.45,18.45,27073074.0,24825.97616578884,1753800183770,Synapse54,1753800183770,Synapse54
291,"J1M (Sherbrooke, QC)",J1M,133,4.75,4.75,66319442.5,51850.27975629163,1753800183770,Synapse54,1753800183770,Synapse54
292,"J1N (Sherbrooke, QC)",J1N,1220,7.95,7.95,196798113.5,75865.43435097949,1753800183770,Synapse54,1753800183770,Synapse54
293,"J1R (Sherbrooke, QC)",J1R,123,2.63,2.63,129969730.0,55500.89678544112,1753800183770,Synapse54,1753800183770,Synapse54
294,"J1S (Windsor, QC)",J1S,200,5.7,5.7,306725365.5,94080.75320925176,1753800183770,Synapse54,1753800183770,Synapse54
295,"J1T (Val-Des-Sources, QC)",J1T,239,5.8,5.8,94108625.0,49846.76465177346,1753800183770,Synapse54,1753800183770,Synapse54
296,"J1X (Magog, QC)",J1X,2241,13.09,13.09,728921445.0,201253.21200864858,1753800183770,Synapse54,1753800183770,Synapse54
297,"J1Z (Saint-Cyrille-De-Wendover, QC)",J1Z,85,3.71,3.71,352999380.0,123836.95765720992,1753800183770,Synapse54,1753800183770,Synapse54
298,"J2A (Drummondville, QC)",J2A,168,3.16,3.16,210419353.0,83920.96306970775,1753800183770,Synapse54,1753800183770,Synapse54
299,"J2B (Drummondville, QC)",J2B,1114,6.73,6.73,262759591.40234375,162201.91283563137,1753800183770,Synapse54,1753800183770,Synapse54
300,"J2C (Drummondville, QC)",J2C,1578,10.42,10.42,46328225.59765625,41604.1853996451,1753800183770,Synapse54,1753800183770,Synapse54
301,"J2E (Drummondville, QC)",J2E,156,7.38,7.38,18350789.5,28926.839340474853,1753800183770,Synapse54,1753800183770,Synapse54
302,"J2G (Granby, QC)",J2G,1483,10.08,10.08,27125065.5,40964.248286282396,1753800183770,Synapse54,1753800183770,Synapse54
303,"J2H (Granby, QC)",J2H,1062,10.79,10.79,136788271.0,82651.78876586944,1753800183770,Synapse54,1753800183770,Synapse54
304,"J2J (Granby, QC)",J2J,998,10.99,10.99,158975426.5,75483.31166212616,1753800183770,Synapse54,1753800183770,Synapse54
305,"J2K (Cowansville, QC)",J2K,758,8.29,8.29,327067186.0,107161.13325887192,1753800183770,Synapse54,1753800183770,Synapse54
306,"J2L (Bromont, QC)",J2L,1277,21.53,21.53,230068726.0,81624.30958657779,1753800183770,Synapse54,1753800183770,Synapse54
307,"J2M (Shefford, QC)",J2M,40,1.27,1.27,242332781.2734375,116121.4987637872,1753800183770,Synapse54,1753800183770,Synapse54
308,"J2N (Farnham, QC)",J2N,436,8.72,8.72,187541869.5,67299.99265741695,1753800183770,Synapse54,1753800183770,Synapse54
309,"J2R (Saint-Hyacinthe, QC)",J2R,331,7.67,7.67,202913088.0,104737.13437793839,1753800183770,Synapse54,1753800183770,Synapse54
310,"J2S (Saint-Hyacinthe, QC)",J2S,2233,14.57,14.57,64473264.0,73386.10579135851,1753800183770,Synapse54,1753800183770,Synapse54
311,"J2T (Saint-Hyacinthe, QC)",J2T,1128,13.82,13.82,91771688.0,53456.23963708392,1753800183770,Synapse54,1753800183770,Synapse54
312,"J2W (Saint-Jean-Sur-Richelieu, QC)",J2W,1131,9.58,9.58,103463004.5,59571.138073747235,1753800183770,Synapse54,1753800183770,Synapse54
313,"J2X (Saint-Jean-Sur-Richelieu, QC)",J2X,699,7.8,7.8,145676986.0,80102.73759580929,1753800183770,Synapse54,1753800183770,Synapse54
314,"J2Y (Saint-Jean-Sur-Richelieu, QC)",J2Y,26,1.13,1.13,146400386.17578125,73826.30271667863,1753800183770,Synapse54,1753800183770,Synapse54
315,"J3A (Saint-Jean-Sur-Richelieu, QC)",J3A,705,13.54,13.54,6186209.0,11188.578319190965,1753800183770,Synapse54,1753800183770,Synapse54
316,"J3B (Saint-Jean-Sur-Richelieu, QC)",J3B,1917,11.8,11.8,95704303.5,54381.46319865555,1753800183770,Synapse54,1753800183770,Synapse54
317,"J3E (Sainte-Julie, QC)",J3E,1433,11.79,11.79,105827610.5,60902.63170645707,1753800183770,Synapse54,1753800183770,Synapse54
318,"J3G (Beloeil, QC)",J3G,1917,12.86,12.86,171490984.5,98109.63892656052,1753800183770,Synapse54,1753800183770,Synapse54
319,"J3H (Beloeil, QC)",J3H,1527,13.66,13.66,80996367.5,55540.40786090735,1753800183770,Synapse54,1753800183770,Synapse54
320,"J3L (Chambly, QC)",J3L,3088,13.75,13.75,364093398.0,124754.83820581688,1753800183770,Synapse54,1753800183770,Synapse54
321,"J3M (Marieville, QC)",J3M,551,11.22,11.22,126097256.5,55752.50302456562,1753800183770,Synapse54,1753800183770,Synapse54
322,"J3N (St-Basile-Le-Grand, QC)",J3N,1068,15.81,15.81,74736126.0,37659.20099111866,1753800183770,Synapse54,1753800183770,Synapse54
323,"J3P (Sorel-Tracy, QC)",J3P,666,5.23,5.23,211886795.0,80652.39762505802,1753800183770,Synapse54,1753800183770,Synapse54
324,"J3R (Sorel-Tracy, QC)",J3R,600,8.11,8.11,57862738.0,40488.46821105956,1753800183770,Synapse54,1753800183770,Synapse54
325,"J3T (Nicolet, QC)",J3T,279,7.19,7.19,271606732.5,71484.12258274788,1753800183770,Synapse54,1753800183770,Synapse54
326,"J3V (Saint-Bruno, QC)",J3V,1493,13.89,13.89,90158805.5,51396.92313356961,1753800183770,Synapse54,1753800183770,Synapse54
327,"J3X (Varennes, QC)",J3X,1069,12.28,12.28,232058892.5,71561.3428539275,1753800183770,Synapse54,1753800183770,Synapse54
328,"J3Y (Saint-Hubert, QC)",J3Y,5528,19.56,19.56,101336037.0,100201.13539228243,1753800183770,Synapse54,1753800183770,Synapse54
329,"J3Z (Saint-Hubert, QC)",J3Z,228,11.67,11.67,22454206.0,63608.93575532092,1753800183770,Synapse54,1753800183770,Synapse54
330,"J4B (Boucherville, QC)",J4B,3576,20.21,20.21,170076124.5,59886.44585342009,1753800183770,Synapse54,1753800183770,Synapse54
331,"J4G (Longueuil, QC)",J4G,1180,23.43,23.43,25356829.5,23719.52752698455,1753800183770,Synapse54,1753800183770,Synapse54
332,"J4H (Longueuil, QC)",J4H,1573,18.62,18.62,11650935.0,15524.513087115087,1753800183770,Synapse54,1753800183770,Synapse54
333,"J4J (Longueuil, QC)",J4J,2223,14.28,14.28,15351226.5,21930.353895068798,1753800183770,Synapse54,1753800183770,Synapse54
334,"J4K (Longueuil, QC)",J4K,2755,20.18,20.18,12801059.0,20426.997549827258,1753800183770,Synapse54,1753800183770,Synapse54
335,"J4L (Longueuil, QC)",J4L,2236,15.23,15.23,14765810.5,16776.5326873664,1753800183770,Synapse54,1753800183770,Synapse54
336,"J4M (Longueuil, QC)",J4M,730,14.09,14.09,10545973.0,20915.15150342213,1753800183770,Synapse54,1753800183770,Synapse54
337,"J4N (Longueuil, QC)",J4N,2928,54.68,54.68,9982414.5,18319.159231838094,1753800183770,Synapse54,1753800183770,Synapse54
338,"J4P (Longueuil, QC)",J4P,1333,23.15,23.15,6998059.0,12458.778436344583,1753800183770,Synapse54,1753800183770,Synapse54
339,"J4R (Longueuil, QC)",J4R,999,19.68,19.68,5607448.0,11472.375668491168,1753800183770,Synapse54,1753800183770,Synapse54
340,"J4S (Longueuil, QC)",J4S,1491,47.11,47.11,4293595.5,10044.635885759557,1753800183770,Synapse54,1753800183770,Synapse54
341,"J4T (Saint-Hubert, QC)",J4T,1363,14.93,14.93,8655769.0,12531.329908587128,1753800183770,Synapse54,1753800183770,Synapse54
342,"J4V (Longueuil, QC)",J4V,1212,15.94,15.94,9874770.0,19495.60469716676,1753800183770,Synapse54,1753800183770,Synapse54
343,"J4W (Longueuil, QC)",J4W,1140,15.54,15.54,11512935.0,16336.628676963564,1753800183770,Synapse54,1753800183770,Synapse54
344,"J4X (Longueuil, QC)",J4X,2917,37.18,37.18,13216489.5,15198.092586417742,1753800183770,Synapse54,1753800183770,Synapse54
345,"J4Y (Longueuil, QC)",J4Y,4129,38.82,38.82,21259495.5,19670.691530096043,1753800183770,Synapse54,1753800183770,Synapse54
346,"J4Z (Longueuil, QC)",J4Z,3873,30.57,30.57,42442433.5,36399.19983850107,1753800183770,Synapse54,1753800183770,Synapse54
347,"J5A (Saint-Constant, QC)",J5A,1795,14.45,14.45,123489244.5,53706.37543156535,1753800183770,Synapse54,1753800183770,Synapse54
348,"J5B (Delson, QC)",J5B,315,9.72,9.72,13765665.5,25868.554957637258,1753800183770,Synapse54,1753800183770,Synapse54
349,"J5C (Sainte-Catherine, QC)",J5C,1194,16.91,16.91,20056189.5,22328.89425891819,1753800183770,Synapse54,1753800183770,Synapse54
350,"J5J (Sainte-Sophie, QC)",J5J,321,4.08,4.08,230905181.0,66651.47964912902,1753800183770,Synapse54,1753800183770,Synapse54
351,"J5K (Saint-Colomban, QC)",J5K,133,1.87,1.87,193780426.5,69823.6154247918,1753800183770,Synapse54,1753800183770,Synapse54
352,"J5L (Saint-Jerome, QC)",J5L,1136,11.5,11.5,95796285.0,58040.91698594175,1753800183770,Synapse54,1753800183770,Synapse54
353,"J5M (Saint-Lin-Laurentides, QC)",J5M,549,5.37,5.37,245439917.0,79215.19535436288,1753800183770,Synapse54,1753800183770,Synapse54
354,"J5N (Saint-Lin-Laurentides, QC)",J5N,624,9.66,9.66,190530835.0,58815.89393433861,1753800183770,Synapse54,1753800183770,Synapse54
355,"J5R (La Prairie, QC)",J5R,4578,21.76,21.76,116490762.5,83791.09209902641,1753800183770,Synapse54,1753800183770,Synapse54
356,"J5T (Lavaltrie, QC)",J5T,434,6.84,6.84,154486438.5,59411.55582605956,1753800183770,Synapse54,1753800183770,Synapse54
357,"J5V (Louiseville, QC)",J5V,230,6.15,6.15,506748881.0,179854.3461791025,1753800183770,Synapse54,1753800183770,Synapse54
358,"J5W (L'assomption, QC)",J5W,1187,10.5,10.5,332828346.5,103350.78663938354,1753800183770,Synapse54,1753800183770,Synapse54
359,"J5X (L'epiphanie, QC)",J5X,253,6.85,6.85,93137482.5,61537.5779427655,1753800183770,Synapse54,1753800183770,Synapse54
360,"J5Y (Repentigny, QC)",J5Y,2053,18.01,18.01,22356230.5,21230.469901767003,1753800183770,Synapse54,1753800183770,Synapse54
361,"J5Z (Repentigny, QC)",J5Z,2167,18.08,18.08,78014581.0,40720.846170485005,1753800183770,Synapse54,1753800183770,Synapse54
362,"J6A (Repentigny, QC)",J6A,2328,15.46,15.46,48655375.5,39943.850012514275,1753800183770,Synapse54,1753800183770,Synapse54
363,"J6E (Joliette, QC)",J6E,2167,9.43,9.43,137214208.0,95275.2587794035,1753800183770,Synapse54,1753800183770,Synapse54
364,"J6J (Chateauguay, QC)",J6J,461,4.41,4.41,74217052.0,72123.22068999698,1753800183770,Synapse54,1753800183770,Synapse54
365,"J6K (Chateauguay, QC)",J6K,1276,12.5,12.5,20188406.0,28536.15419577854,1753800183770,Synapse54,1753800183770,Synapse54
366,"J6N (Beauharnois, QC)",J6N,694,8.99,8.99,233462281.0,99024.33793574793,1753800183770,Synapse54,1753800183770,Synapse54
367,"J6R (Mercier, QC)",J6R,585,10.14,10.14,115347180.0,49311.90260299979,1753800183770,Synapse54,1753800183770,Synapse54
368,"J6S (Salaberry-De-Valleyfield, QC)",J6S,1145,9.27,9.27,210261044.5,73467.37727321035,1753800183770,Synapse54,1753800183770,Synapse54
369,"J6T (Salaberry-De-Valleyfield, QC)",J6T,927,10.1,10.1,46981135.0,36756.956833154014,1753800183770,Synapse54,1753800183770,Synapse54
370,"J6V (Terrebonne, QC)",J6V,1599,27.16,27.16,60800572.0,35889.68273881664,1753800183770,Synapse54,1753800183770,Synapse54
371,"J6W (Terrebonne, QC)",J6W,1859,13.02,13.02,39136671.0,33325.59650886826,1753800183770,Synapse54,1753800183770,Synapse54
372,"J6X (Terrebonne, QC)",J6X,963,9.99,9.99,60225849.5,43095.169343531845,1753800183770,Synapse54,1753800183770,Synapse54
373,"J6Y (Terrebonne, QC)",J6Y,1114,12.95,12.95,81550557.0,61201.9952124608,1753800183770,Synapse54,1753800183770,Synapse54
374,"J6Z (Rosemere, QC)",J6Z,1047,13.11,13.11,22537924.0,22963.79436186629,1753800183770,Synapse54,1753800183770,Synapse54
375,"J7A (Rosemere, QC)",J7A,465,8.49,8.49,24339416.5,22941.14213233615,1753800183770,Synapse54,1753800183770,Synapse54
376,"J7B (Boisbriand, QC)",J7B,143,3.14,3.14,14667986.5,16792.064136555553,1753800183770,Synapse54,1753800183770,Synapse54
377,"J7C (Boisbriand, QC)",J7C,2970,15.67,15.67,94216134.5,48996.310543076004,1753800183770,Synapse54,1753800183770,Synapse54
378,"J7E (Boisbriand, QC)",J7E,3342,23.74,23.74,38942666.0,66768.75062873606,1753800183770,Synapse54,1753800183770,Synapse54
379,"J7G (Boisbriand, QC)",J7G,831,10.91,10.91,24826343.0,22844.466974416475,1753800183770,Synapse54,1753800183770,Synapse54
380,"J7H (Boisbriand, QC)",J7H,1023,27.19,27.19,18524557.5,29683.633390851617,1753800183770,Synapse54,1753800183770,Synapse54
381,"J7J (Boisbriand, QC)",J7J,2515,19.56,19.56,216897455.5,103444.96666308724,1753800183770,Synapse54,1753800183770,Synapse54
382,"J7K (Terrebonne, QC)",J7K,4063,25.85,25.85,193069363.5,83975.60969421153,1753800183770,Synapse54,1753800183770,Synapse54
383,"J7L (Terrebonne, QC)",J7L,369,6.55,6.55,28664221.0,25040.678807417222,1753800183770,Synapse54,1753800183770,Synapse54
384,"J7M (Terrebonne, QC)",J7M,822,9.23,9.23,82543767.0,48321.76398543206,1753800183770,Synapse54,1753800183770,Synapse54
385,"J7N (Boisbriand, QC)",J7N,2162,14.31,14.31,781900527.5,198254.3737699631,1753800183770,Synapse54,1753800183770,Synapse54
386,"J7P (Saint-Eustache, QC)",J7P,1874,16.98,16.98,34525041.5,29797.38514106549,1753800183770,Synapse54,1753800183770,Synapse54
387,"J7R (Saint-Eustache, QC)",J7R,1473,9.4,9.4,124808411.0,71490.55014073827,1753800183770,Synapse54,1753800183770,Synapse54
388,"J7T (Vaudreuil-Dorion, QC)",J7T,469,4.22,4.22,297651983.5,93415.04234638221,1753800183770,Synapse54,1753800183770,Synapse54
389,"J7V (Vaudreuil-Dorion, QC)",J7V,5617,19.38,19.38,362449115.0,152968.31394129083,1753800183770,Synapse54,1753800183770,Synapse54
390,"J7W (Vaudreuil-Dorion, QC)",J7W,734,12.09,12.09,24383265.0,23490.450057951097,1753800183770,Synapse54,1753800183770,Synapse54
391,"J7X (Salaberry-De-Valleyfield, QC)",J7X,368,13.95,13.95,64920487.0,46286.99583260664,1753800183770,Synapse54,1753800183770,Synapse54
392,"J7Y (Saint-Jerome, QC)",J7Y,2854,20.22,20.22,50087471.02734375,55705.64280837206,1753800183770,Synapse54,1753800183770,Synapse54
393,"J7Z (Saint-Jerome, QC)",J7Z,2250,14.45,14.45,36942944.47265625,33700.08035698858,1753800183770,Synapse54,1753800183770,Synapse54
394,"J8A (Saint-Hippolyte, QC)",J8A,82,1.6,1.6,272351866.0,88660.25650248205,1753800183770,Synapse54,1753800183770,Synapse54
395,"J8B (Sainte-Adele, QC)",J8B,952,13.09,13.09,257661278.5,87331.95722532229,1753800183770,Synapse54,1753800183770,Synapse54
396,"J8C (Sainte-Agathe-Des-Monts, QC)",J8C,614,9.95,9.95,363538345.5,105828.83702167151,1753800183770,Synapse54,1753800183770,Synapse54
397,"J8E (Mont-Tremblant, QC)",J8E,866,14.41,14.41,598027685.5,128502.35538817226,1753800183770,Synapse54,1753800183770,Synapse54
398,"J8G (Brownsburg-Chatham, QC)",J8G,117,2.87,2.87,1206240278.5,237511.8555793957,1753800183770,Synapse54,1753800183770,Synapse54
399,"J8H (Lachute, QC)",J8H,580,7.57,7.57,482502118.5,169179.8899596451,1753800183770,Synapse54,1753800183770,Synapse54
400,"J8L (Gatineau, QC)",J8L,491,5.4,5.4,1293058071.0,172060.6388984216,1753800183770,Synapse54,1753800183770,Synapse54
401,"J8M (Gatineau, QC)",J8M,338,6.06,6.06,154732777.5,65024.547084615566,1753800183770,Synapse54,1753800183770,Synapse54
402,"J8N (Val-Des-Monts, QC)",J8N,187,2.98,2.98,1732302854.5,285589.92276472907,1753800183770,Synapse54,1753800183770,Synapse54
403,"J8P (Gatineau, QC)",J8P,1582,9.81,9.81,58693548.0,43657.291681754716,1753800183770,Synapse54,1753800183770,Synapse54
404,"J8R (Gatineau, QC)",J8R,929,8.07,8.07,156666056.5,68675.20266685543,1753800183770,Synapse54,1753800183770,Synapse54
405,"J8T (Gatineau, QC)",J8T,2758,15.1,15.1,47793402.0,43358.360078022946,1753800183770,Synapse54,1753800183770,Synapse54
406,"J8V (Gatineau, QC)",J8V,1023,9.58,9.58,324712509.0,103708.66049045212,1753800183770,Synapse54,1753800183770,Synapse54
407,"J8X (Gatineau, QC)",J8X,1607,23.78,23.78,14811708.0,18647.21034649298,1753800183770,Synapse54,1753800183770,Synapse54
408,"J8Y (Gatineau, QC)",J8Y,1555,12.13,12.13,19695262.5,21673.890152602384,1753800183770,Synapse54,1753800183770,Synapse54
409,"J8Z (Gatineau, QC)",J8Z,1472,21.0,21.0,23130629.5,26602.970961144994,1753800183770,Synapse54,1753800183770,Synapse54
410,"J9A (Gatineau, QC)",J9A,3195,30.67,30.67,30373310.5,26686.619129442304,1753800183770,Synapse54,1753800183770,Synapse54
411,"J9B (Chelsea, QC)",J9B,39,1.16,1.16,246189543.5,86816.99350066783,1753800183770,Synapse54,1753800183770,Synapse54
412,"J9E (Maniwaki, QC)",J9E,236,6.17,6.17,1377109169.5,310831.3640939274,1753800183770,Synapse54,1753800183770,Synapse54
413,"J9H (Gatineau, QC)",J9H,2317,16.52,16.52,62556078.0,44664.06309859117,1753800183770,Synapse54,1753800183770,Synapse54
414,"J9J (Gatineau, QC)",J9J,4565,26.23,26.23,151255466.5,58327.94180700536,1753800183770,Synapse54,1753800183770,Synapse54
415,"J9L (Mont-Laurier, QC)",J9L,616,8.68,8.68,1339338847.0,180384.92529711727,1753800183770,Synapse54,1753800183770,Synapse54
416,"J9P (Val-D'or, QC)",J9P,1447,8.94,8.94,3829796876.0,458548.2575127482,1753800183770,Synapse54,1753800183770,Synapse54
417,"J9T (Amos, QC)",J9T,583,9.49,9.49,683602510.0,189908.9748917051,1753800183770,Synapse54,1753800183770,Synapse54
418,"J9V (Rouyn-Noranda, QC)",J9V,116,6.76,6.76,297071822.0,76817.77391779536,1753800183770,Synapse54,1753800183770,Synapse54
419,"J9X (Rouyn-Noranda, QC)",J9X,1419,11.8,11.8,301651162.0,120674.85661136823,1753800183770,Synapse54,1753800183770,Synapse54
420,"J9Y (Rouyn-Noranda, QC)",J9Y,83,1.83,1.83,2199066233.0,465878.96082864003,1753800183770,Synapse54,1753800183770,Synapse54
421,"J9Z (La Sarre, QC)",J9Z,384,10.94,10.94,348212296.0,88902.99107383726,1753800183770,Synapse54,1753800183770,Synapse54
