zip_code,Income,Age,Hispanic_Population,African_American_Population,Asian_Population,latitude,longitude,Nike_Sales
25795,67038.0,32.0,16669.0,5776.0,9084.0,43.4629,-114.9842,103644.0
10860,67024.0,50.7,13512.0,19451.0,9313.0,27.2754,-68.0265,22505.0
86820,88587.0,29.7,14549.0,9100.0,5439.0,39.0239,-124.1235,51495.0
64886,100873.0,34.9,20117.0,12800.0,8105.0,24.8574,-96.6136,92862.0
16265,19797.0,36.0,14077.0,6043.0,7984.0,36.4392,-105.3313,84750.0
92386,84019.0,23.7,11509.0,12376.0,8484.0,27.8711,-98.5017,102423.0
47194,68245.0,17.4,13621.0,9124.0,11177.0,28.5731,-91.3308,89443.0
97498,98690.0,24.7,19703.0,5748.0,9410.0,33.1262,-99.3002,148003.0
54131,68747.0,37.5,17481.0,17348.0,12684.0,34.8109,-100.524,30688.0
70263,107526.0,35.9,15221.0,16730.0,8965.0,39.5793,-81.7693,108906.0
26023,58090.0,42.0,15958.0,11571.0,14328.0,25.8607,-84.5333,123435.0
51090,19242.0,36.0,12201.0,15998.0,7618.0,36.5923,-75.837,120851.0
77221,101290.0,33.9,14030.0,19613.0,6691.0,28.5656,-110.2524,123839.0
74820,53911.0,29.0,11683.0,15016.0,10642.0,38.3494,-89.0378,129141.0
10769,35494.0,43.8,13526.0,13919.0,13092.0,39.9351,-90.4735,80110.0
69735,75401.0,25.8,21731.0,12796.0,4864.0,37.9177,-103.1855,68795.0
72955,69021.0,23.9,9611.0,14598.0,8409.0,42.4574,-96.3226,41180.0
74925,95578.0,40.7,11556.0,10544.0,7168.0,32.3902,-106.4869,87988.0
77969,97310.0,21.7,8729.0,10893.0,9429.0,43.1277,-116.6312,79340.0
15311,77391.0,59.1,7645.0,13804.0,9030.0,34.8192,-112.3857,130018.0
93104,52880.0,35.8,14066.0,10105.0,13036.0,36.1046,-118.7747,91212.0
63707,82174.0,38.5,11912.0,10537.0,8675.0,40.2026,-84.6989,68392.0
95305,79130.0,26.9,23808.0,12001.0,13124.0,24.459,-86.0171,65962.0
38693,89223.0,31.8,13586.0,16602.0,8055.0,40.3499,-68.9142,160296.0
81932,53130.0,30.7,21447.0,7469.0,11779.0,39.4646,-81.949,100191.0
35658,64991.0,29.6,19840.0,15037.0,9686.0,31.7462,-121.9293,77639.0
94478,87734.0,41.3,13955.0,15167.0,14190.0,26.1449,-72.8295,102456.0
28431,106183.0,30.5,25551.0,15143.0,4569.0,26.2734,-74.1022,157809.0
12747,99148.0,45.2,16343.0,8773.0,5508.0,47.0806,-98.8441,86275.0
69150,77051.0,61.6,22565.0,5229.0,14495.0,41.232,-90.4341,115284.0
75725,62815.0,32.0,21983.0,14239.0,6800.0,27.1776,-67.4114,136186.0
94654,85096.0,36.5,17073.0,12750.0,6991.0,32.9181,-93.594,42953.0
45773,47715.0,38.8,18756.0,16018.0,6373.0,38.8121,-71.586,80089.0
77435,54575.0,53.1,18120.0,9198.0,12445.0,44.8893,-120.1007,128209.0
66886,112744.0,34.2,9279.0,15040.0,5240.0,25.0915,-113.7279,79187.0
76803,85051.0,26.7,15286.0,16218.0,9067.0,29.9158,-98.9955,114098.0
41551,66312.0,22.3,20371.0,11619.0,8203.0,46.2437,-90.4993,79779.0
21394,95728.0,34.4,22631.0,13668.0,12110.0,24.2291,-76.8426,86751.0
79092,107174.0,30.5,11397.0,13528.0,7309.0,29.035,-66.6925,83876.0
13890,63884.0,55.1,17644.0,8714.0,10246.0,47.9756,-102.0578,115080.0
51606,64315.0,52.7,15754.0,14124.0,5486.0,39.335,-122.2025,102508.0
90038,61184.0,24.7,14411.0,18490.0,15822.0,30.5418,-77.7309,105035.0
97313,99096.0,27.9,16780.0,12089.0,8281.0,25.6748,-89.3415,176647.0
20627,99339.0,35.7,16090.0,6156.0,9026.0,24.7048,-113.286,152044.0
18792,109648.0,49.0,17707.0,9251.0,13964.0,30.1186,-95.8051,37769.0
83969,100215.0,35.6,22209.0,4882.0,7240.0,46.0371,-81.2037,86585.0
53001,34195.0,28.5,18921.0,17161.0,14002.0,34.3978,-79.5457,174088.0
86552,82024.0,34.4,16553.0,15056.0,7766.0,42.0083,-95.5225,82881.0
33897,48540.0,28.7,24323.0,9995.0,11015.0,46.9571,-106.9923,163890.0
78148,62177.0,41.0,20550.0,6328.0,7282.0,34.201,-67.5492,86005.0
33483,79265.0,27.9,14538.0,8667.0,4932.0,28.7819,-85.8616,94398.0
58555,95889.0,29.9,8914.0,9447.0,10244.0,36.9279,-100.914,126927.0
27159,52729.0,46.6,10061.0,12438.0,10920.0,46.7021,-108.4527,94969.0
90077,16882.0,27.3,19666.0,12303.0,5052.0,44.1094,-81.8649,116374.0
45920,79513.0,20.5,11848.0,17366.0,8079.0,25.6457,-110.7112,150141.0
77121,141089.0,35.9,9960.0,9229.0,12602.0,41.3143,-114.8691,122575.0
79479,69929.0,31.4,11210.0,5967.0,10800.0,38.2974,-93.7398,104966.0
99475,76173.0,40.1,11563.0,7372.0,7814.0,46.6866,-107.8907,149182.0
29457,119554.0,38.2,19253.0,11908.0,7207.0,27.062,-87.8946,125668.0
76557,89757.0,34.7,14216.0,9085.0,14845.0,37.3509,-118.0416,78058.0
87189,80422.0,34.4,8138.0,10832.0,4659.0,45.9866,-86.3585,159523.0
88953,86053.0,27.6,15155.0,10184.0,8822.0,34.2506,-108.2855,120743.0
62995,81256.0,35.8,16111.0,15961.0,4606.0,36.0499,-124.9857,93424.0
50757,46506.0,43.8,12603.0,9652.0,12944.0,25.7615,-117.5108,37611.0
19692,41464.0,25.3,20779.0,10491.0,8979.0,30.9536,-69.9167,60619.0
55758,122171.0,34.9,12895.0,14869.0,9535.0,32.1127,-73.8261,151016.0
82409,79597.0,45.4,20542.0,9740.0,17307.0,47.6281,-111.2171,150114.0
81211,77502.0,40.1,17984.0,13693.0,7220.0,31.0667,-79.0761,101548.0
75697,72744.0,48.1,19633.0,13326.0,14246.0,35.5217,-89.0943,44274.0
47065,94527.0,29.3,9507.0,12567.0,7828.0,40.7826,-67.7166,68527.0
42606,138467.0,16.7,15492.0,7462.0,8299.0,28.0546,-102.9573,54950.0
21534,88099.0,37.0,14736.0,16919.0,16915.0,36.1611,-84.7938,49796.0
50397,60298.0,38.6,7890.0,20883.0,8517.0,42.4635,-121.2514,160078.0
11016,71665.0,48.7,20525.0,12035.0,4877.0,45.6714,-101.6214,159061.0
99789,101775.0,46.9,10913.0,7815.0,9846.0,39.6565,-68.1348,63998.0
65591,60430.0,40.4,11952.0,12116.0,8482.0,40.7263,-93.2001,98664.0
99812,96306.0,42.7,9933.0,15959.0,10101.0,27.1571,-108.0151,59926.0
33247,16982.0,33.1,18506.0,9539.0,8599.0,47.6444,-117.904,99925.0
34300,69253.0,22.8,7370.0,11484.0,15647.0,27.3144,-83.4918,151616.0
84065,90704.0,36.2,18089.0,13363.0,10670.0,43.3668,-86.9535,132127.0
92798,106753.0,44.8,20223.0,16812.0,5775.0,30.6204,-102.9376,122297.0
19268,54538.0,41.6,17686.0,15102.0,9374.0,47.3398,-68.8945,92862.0
96807,37431.0,43.3,18563.0,15267.0,6601.0,41.999,-123.69,136191.0
22185,68482.0,30.7,18798.0,10295.0,8257.0,42.8453,-107.0803,120256.0
73704,46865.0,32.3,10253.0,13608.0,6269.0,29.4765,-70.6569,112647.0
96779,71274.0,39.8,22174.0,9112.0,15321.0,35.076,-106.0648,95572.0
49099,74834.0,29.5,12700.0,15382.0,6926.0,39.4453,-110.1171,110644.0
18571,42021.0,29.8,14668.0,16605.0,11063.0,43.2493,-93.481,109678.0
48044,95111.0,38.0,13337.0,14213.0,8030.0,26.599,-76.3957,83162.0
61214,71070.0,42.6,17458.0,10530.0,5525.0,48.0591,-118.9143,75231.0
71228,102011.0,33.0,12310.0,11185.0,9593.0,46.2555,-69.3618,70492.0
58984,28877.0,23.4,15335.0,19226.0,10202.0,30.7587,-78.0907,74340.0
50774,49570.0,27.6,8823.0,10597.0,10676.0,44.569,-114.3062,95827.0
12568,87917.0,37.0,20823.0,16200.0,1133.0,36.9581,-82.9915,89014.0
72592,55022.0,36.9,18354.0,13356.0,5295.0,35.5452,-102.2874,80995.0
77563,70887.0,37.4,13539.0,10663.0,11873.0,31.8609,-101.2646,78674.0
12695,75017.0,40.2,12654.0,6621.0,6229.0,38.5242,-78.7859,107713.0
58190,78956.0,35.1,18223.0,12846.0,9609.0,42.2472,-68.1957,141317.0
15258,58061.0,37.7,11464.0,12364.0,5226.0,34.2733,-117.5273,99141.0
97538,78732.0,34.5,15627.0,19226.0,11195.0,39.7305,-100.1828,97801.0
49504,55436.0,46.5,20807.0,8559.0,11794.0,41.4828,-96.6244,69656.0
43159,91857.0,49.3,10944.0,21179.0,11196.0,41.778,-102.7976,90444.0
23986,72129.0,23.1,16843.0,13515.0,12098.0,25.2992,-103.5718,138088.0
71858,78876.0,32.4,16579.0,13511.0,13692.0,45.4937,-121.9161,131635.0
22666,139248.0,35.3,14513.0,9628.0,5478.0,35.4563,-84.5532,128975.0
48660,47322.0,32.3,12481.0,13259.0,6634.0,30.5604,-99.2633,128609.0
13561,109715.0,52.9,21074.0,13892.0,11693.0,30.0441,-113.5072,109518.0
36854,8516.0,37.2,12012.0,15749.0,12391.0,36.0754,-76.854,111586.0
74505,23041.0,26.9,5940.0,8087.0,6977.0,46.1708,-77.6489,108950.0
62251,43984.0,41.0,18203.0,17627.0,6768.0,33.4587,-96.3029,86301.0
32662,45562.0,37.7,8993.0,13446.0,7043.0,42.7431,-107.3914,101967.0
18392,80093.0,38.0,18459.0,14433.0,4185.0,26.4205,-87.3525,105861.0
40535,82246.0,53.1,21675.0,11116.0,5186.0,35.9014,-107.999,115380.0
88603,68629.0,38.5,18149.0,8287.0,5258.0,48.7922,-111.0755,102306.0
62256,71253.0,32.0,20357.0,12291.0,8118.0,43.2609,-81.8996,163763.0
99135,88194.0,15.4,25100.0,12749.0,9813.0,29.2632,-122.6208,67618.0
45222,95831.0,33.3,19834.0,6458.0,10300.0,36.536,-119.4087,122966.0
87373,41837.0,48.1,16653.0,15173.0,7474.0,29.8406,-124.5995,96150.0
89575,65953.0,34.1,23170.0,15986.0,7548.0,34.239,-115.9764,100248.0
94651,73260.0,12.6,23774.0,9081.0,9371.0,43.5021,-120.9296,80104.0
73335,87133.0,30.0,23844.0,7910.0,4512.0,43.2806,-66.2477,131578.0
20965,55683.0,44.9,12539.0,10788.0,11878.0,29.7025,-107.9602,117599.0
34538,72769.0,40.5,8230.0,12096.0,12856.0,47.0556,-116.1932,123916.0
80592,75750.0,26.6,12234.0,10943.0,7123.0,38.8142,-110.7812,106757.0
18110,57388.0,29.3,18518.0,11756.0,7805.0,33.4981,-69.7686,91384.0
89309,56792.0,30.9,15796.0,12886.0,12730.0,36.5484,-94.3105,98824.0
37266,77469.0,28.4,13968.0,6527.0,8631.0,39.1268,-103.4757,114329.0
62992,71741.0,14.7,17802.0,6987.0,10765.0,37.9973,-73.4699,43892.0
92948,87512.0,42.6,7646.0,1111.0,8723.0,36.1601,-101.6956,124659.0
16910,48669.0,47.6,15706.0,15770.0,13669.0,36.6233,-105.2345,170271.0
10206,66233.0,19.8,20592.0,12061.0,10470.0,28.4103,-112.7703,117448.0
97054,69270.0,47.4,17747.0,16191.0,10643.0,44.3183,-102.71,89085.0
97897,95347.0,34.0,18459.0,7449.0,10699.0,37.544,-106.3156,95370.0
33419,51490.0,47.3,22987.0,12098.0,7335.0,27.277,-85.0391,118777.0
60636,80866.0,35.4,14669.0,12859.0,7610.0,43.1539,-107.9146,92176.0
60015,81319.0,36.4,11735.0,9753.0,11308.0,47.3111,-90.9452,125789.0
64268,116160.0,38.7,20948.0,5786.0,9379.0,47.6827,-121.1124,94032.0
97939,49823.0,27.1,20856.0,18983.0,5467.0,33.2254,-113.7139,153006.0
28141,58569.0,46.9,17791.0,17597.0,14619.0,27.3879,-100.9631,148209.0
90356,51566.0,23.8,14198.0,10472.0,11934.0,36.96,-69.72,92337.0
81910,33256.0,31.0,15007.0,14041.0,9113.0,26.8152,-102.7421,98372.0
66044,119117.0,40.2,8616.0,10061.0,8179.0,47.3497,-85.8196,98281.0
77214,43962.0,29.9,20565.0,8018.0,9596.0,28.5895,-109.9499,100749.0
43827,54592.0,42.8,20388.0,19309.0,10553.0,30.3191,-117.505,70023.0
65820,107894.0,48.8,8442.0,5379.0,2901.0,34.1659,-121.5463,64630.0
72623,31172.0,45.1,19338.0,10858.0,15337.0,33.5791,-106.9806,135467.0
91734,93909.0,15.6,17021.0,12337.0,6630.0,43.8666,-115.698,136567.0
85450,39674.0,36.3,9890.0,18605.0,8994.0,35.4079,-114.7334,131923.0
32299,106167.0,45.3,8970.0,15586.0,9105.0,28.2692,-80.1152,95862.0
53585,20753.0,21.8,16867.0,5311.0,14991.0,30.6802,-124.0656,159392.0
74044,31163.0,42.2,13011.0,11989.0,8736.0,36.7278,-92.0892,97877.0
52557,61377.0,41.7,24100.0,12084.0,13766.0,27.6863,-102.6118,124552.0
59080,99296.0,22.9,19763.0,11087.0,10220.0,39.2914,-95.1136,60767.0
12693,74226.0,43.3,17368.0,14479.0,6114.0,38.1437,-91.793,91440.0
79163,66607.0,37.7,17615.0,6364.0,9404.0,41.8676,-106.5113,94780.0
35939,108651.0,41.5,21654.0,10365.0,8644.0,47.4426,-107.5886,96736.0
58925,128881.0,25.3,19233.0,13915.0,5748.0,46.8064,-81.7293,62170.0
52941,91806.0,36.5,17499.0,14718.0,10073.0,47.6519,-73.5947,120817.0
31834,59429.0,18.0,10099.0,12598.0,9066.0,30.1179,-113.6377,134267.0
28047,64546.0,12.2,30310.0,10846.0,10669.0,27.2891,-119.2405,82240.0
36105,42789.0,36.4,9484.0,11520.0,9580.0,31.5569,-72.03,65296.0
85766,77520.0,46.0,13437.0,14962.0,7047.0,46.3771,-104.3562,74731.0
25707,34260.0,37.5,6726.0,12136.0,11305.0,48.3013,-92.4723,114357.0
31976,88797.0,34.4,17694.0,7833.0,7127.0,45.4831,-103.787,82229.0
54262,125139.0,33.1,15756.0,7066.0,-299.0,26.7504,-117.5777,96354.0
33776,92940.0,25.6,18826.0,6041.0,9386.0,47.6857,-90.2294,69682.0
40080,63271.0,32.8,6305.0,17822.0,7338.0,34.584,-94.0167,159821.0
76842,88173.0,39.2,20565.0,15230.0,10146.0,24.2328,-113.0234,101354.0
71373,115513.0,30.6,10963.0,11574.0,14997.0,35.0598,-98.3397,135362.0
16776,114262.0,42.5,14255.0,10185.0,15083.0,25.1517,-77.9801,113295.0
65016,49906.0,37.0,19658.0,9704.0,8505.0,37.5969,-90.1649,98351.0
19474,87757.0,38.2,16306.0,16373.0,6520.0,32.4639,-119.2819,96557.0
68053,71047.0,43.9,16660.0,19618.0,10754.0,35.8359,-92.6667,76466.0
31959,95165.0,29.7,18996.0,9578.0,7889.0,39.3293,-83.5384,87541.0
15530,84590.0,41.6,17144.0,16554.0,10175.0,45.72,-78.2305,68448.0
13748,15757.0,31.1,13294.0,12112.0,7017.0,40.5475,-87.8821,67265.0
23545,66300.0,38.4,14168.0,11150.0,9752.0,34.8512,-115.9932,161912.0
76199,79964.0,28.5,16059.0,18017.0,6564.0,44.4857,-83.0998,109660.0
44766,39141.0,25.9,10522.0,11959.0,12553.0,46.6396,-85.0368,145791.0
83530,89526.0,35.9,19980.0,13185.0,7230.0,26.994,-123.5588,75996.0
71087,36900.0,16.1,16443.0,12993.0,10983.0,37.2983,-100.7069,66221.0
78840,55039.0,32.0,15374.0,5498.0,5206.0,31.1128,-105.3559,71258.0
64384,108533.0,18.9,20962.0,13154.0,11344.0,25.1765,-85.5047,90553.0
61005,52906.0,42.8,14399.0,9749.0,6101.0,40.7137,-112.248,99536.0
56576,89349.0,45.5,14088.0,6315.0,9784.0,45.5693,-90.1386,93371.0
49353,31161.0,26.4,12577.0,9931.0,12070.0,28.0726,-71.1208,78530.0
72003,127033.0,39.3,16715.0,9898.0,8400.0,44.3103,-77.9297,101776.0
93211,67386.0,44.0,16542.0,16120.0,5912.0,45.3349,-70.634,103464.0
62733,77383.0,44.0,11669.0,7745.0,10490.0,46.8585,-67.2681,119263.0
75318,79476.0,37.1,14112.0,8841.0,6477.0,30.6321,-124.3705,143684.0
99474,90189.0,42.3,11702.0,12942.0,7787.0,46.5988,-88.2583,87615.0
33664,37021.0,28.5,11476.0,6697.0,9796.0,32.0166,-100.6425,137761.0
77172,74867.0,35.8,6351.0,9364.0,13082.0,37.8085,-74.2686,101810.0
95616,58531.0,30.3,13845.0,5342.0,9080.0,25.2627,-110.1429,55113.0
36736,32761.0,27.7,6489.0,15680.0,9069.0,25.097,-67.1193,154964.0
10854,99678.0,35.4,12686.0,10795.0,11213.0,42.0093,-88.7912,168104.0
48623,66196.0,38.5,11937.0,11936.0,9151.0,35.112,-78.1813,117877.0
17392,81063.0,46.6,20259.0,15664.0,10907.0,30.4073,-119.9496,100368.0
65680,79496.0,37.7,9925.0,9111.0,12236.0,28.7603,-114.176,91327.0
56717,66629.0,41.4,11194.0,10752.0,8017.0,40.7488,-80.2542,84797.0
97092,124376.0,41.5,13092.0,7775.0,-825.0,24.01,-123.7028,135015.0
60859,73818.0,61.9,12099.0,7766.0,6546.0,44.1473,-76.8042,94106.0
36309,36051.0,16.9,21846.0,8318.0,12626.0,25.9812,-124.177,153838.0
97455,64990.0,28.1,9307.0,10030.0,8899.0,28.7872,-86.23,102420.0
73734,87493.0,49.7,13103.0,10461.0,7983.0,33.6559,-103.4595,84681.0
80467,88315.0,31.5,16660.0,13155.0,12500.0,36.1215,-88.9218,82666.0
62662,47805.0,43.9,19406.0,8435.0,8696.0,32.8749,-83.9341,75916.0
22688,98237.0,37.3,13099.0,13279.0,2722.0,32.0178,-104.794,114965.0
35342,30928.0,56.1,5410.0,13940.0,4484.0,48.0979,-118.6302,56952.0
47157,103603.0,23.9,14249.0,10129.0,10256.0,40.0395,-120.8909,77677.0
77863,42016.0,47.2,21760.0,8781.0,8799.0,24.5858,-90.2528,137291.0
62083,69344.0,52.5,16411.0,12340.0,13364.0,34.7544,-94.2813,67864.0
75733,101614.0,24.9,16182.0,11188.0,6800.0,45.8752,-81.2101,127911.0
99045,77990.0,42.8,9685.0,12881.0,8071.0,31.5364,-94.9256,36543.0
44698,95417.0,25.3,9172.0,18279.0,6346.0,26.3639,-100.0757,145434.0
90623,90467.0,35.3,15090.0,12275.0,7438.0,42.9596,-101.5129,61833.0
32671,107157.0,32.4,7868.0,9443.0,3324.0,39.1503,-123.4396,74221.0
35184,101555.0,11.0,18907.0,8436.0,7843.0,38.2578,-105.2021,125217.0
52107,63656.0,39.2,10767.0,8591.0,8844.0,25.3394,-67.4148,107262.0
96202,90824.0,36.4,14877.0,6149.0,8591.0,27.5125,-73.4602,126563.0
61663,36836.0,49.8,5571.0,15731.0,15449.0,39.5637,-105.5667,58692.0
25708,73552.0,41.1,13031.0,3067.0,14500.0,29.1956,-90.3201,90172.0
59811,95462.0,57.9,9071.0,13952.0,6747.0,36.6018,-75.0095,76906.0
12811,78346.0,36.1,3390.0,8528.0,2868.0,37.622,-98.9648,66478.0
66250,86166.0,33.9,17709.0,9950.0,8702.0,31.0877,-123.9405,118089.0
82082,69668.0,33.2,23206.0,8408.0,10130.0,47.7106,-120.6039,128661.0
44754,103227.0,30.6,20647.0,17783.0,6419.0,45.0616,-94.8868,90775.0
21411,72990.0,12.9,18408.0,12065.0,6567.0,42.0593,-67.8031,150097.0
12911,63364.0,32.8,12929.0,15162.0,13748.0,25.9498,-84.1006,76869.0
77270,97163.0,14.3,19029.0,17202.0,8227.0,26.6533,-120.8159,149092.0
93763,39871.0,39.5,21119.0,12654.0,10987.0,36.3195,-113.8277,115963.0
18680,87526.0,22.6,15684.0,7218.0,6209.0,28.0178,-79.4919,65773.0
94896,48938.0,26.1,9078.0,11117.0,8829.0,48.4566,-75.3551,161233.0
93879,106948.0,28.3,12503.0,9031.0,7991.0,27.963,-88.556,88005.0
81295,68474.0,33.0,23513.0,9986.0,6974.0,36.1867,-86.979,136564.0
98614,78375.0,35.1,14626.0,11622.0,12466.0,33.103,-123.3281,104356.0
21111,85314.0,45.8,-1624.0,11463.0,4833.0,39.9847,-76.1167,109062.0
47504,26758.0,29.2,7655.0,13648.0,9900.0,27.2259,-78.4918,128189.0
11802,58735.0,39.8,12878.0,14229.0,7935.0,34.7579,-109.7169,124415.0
18155,101089.0,62.3,20179.0,11463.0,10244.0,30.8676,-83.1881,84275.0
83656,96694.0,38.8,13634.0,13614.0,7975.0,46.1938,-112.3236,115196.0
49384,82076.0,33.2,20272.0,9803.0,11602.0,25.0146,-122.6205,114060.0
57254,41263.0,27.2,12369.0,17259.0,6181.0,46.8432,-113.1329,107964.0
31918,89638.0,33.1,5179.0,9738.0,12473.0,44.8249,-114.4609,94288.0
95981,92835.0,26.1,12542.0,16789.0,8914.0,31.4393,-105.0729,108120.0
70713,76175.0,37.7,16725.0,6096.0,5014.0,43.7323,-100.3115,158489.0
40306,105579.0,36.0,16310.0,10478.0,11041.0,24.7803,-94.9962,90943.0
26646,57914.0,13.4,8724.0,10676.0,8403.0,48.1716,-96.8715,140520.0
56843,62254.0,34.8,13244.0,13116.0,3876.0,37.1649,-109.0302,81447.0
26371,12885.0,45.8,28423.0,15447.0,9997.0,31.582,-123.2789,71409.0
87371,97996.0,31.0,8834.0,7002.0,12020.0,33.0646,-89.299,199089.0
12049,82847.0,28.5,18304.0,7568.0,12846.0,25.6601,-101.6511,117507.0
41616,32954.0,21.2,4517.0,6392.0,7865.0,48.7337,-107.3783,119777.0
30932,31035.0,16.4,19319.0,17281.0,9436.0,24.9823,-73.8505,121573.0
39855,53184.0,43.3,10538.0,13190.0,9152.0,40.3727,-80.9421,140555.0
71434,94841.0,33.2,17010.0,7663.0,13469.0,35.0684,-74.3918,112598.0
82694,67491.0,42.7,8542.0,10228.0,6569.0,47.7229,-95.796,122941.0
53016,54880.0,50.3,16454.0,16727.0,7606.0,30.15,-117.2751,65180.0
17400,49847.0,44.2,10457.0,10888.0,6496.0,37.3022,-83.9229,127674.0
52642,48727.0,29.6,11425.0,10651.0,4653.0,36.0589,-112.8416,93980.0
25151,26658.0,36.4,17210.0,8875.0,9743.0,41.5717,-98.9674,119861.0
61407,44815.0,28.9,12848.0,7900.0,13804.0,25.7003,-121.165,49774.0
76690,48236.0,27.9,16902.0,16733.0,8405.0,28.8447,-76.3068,120322.0
14499,92066.0,38.4,14046.0,18696.0,6354.0,29.3641,-117.5695,32059.0
16295,70857.0,26.7,15337.0,8059.0,9561.0,42.4538,-71.7172,93387.0
69040,54360.0,12.9,17225.0,17620.0,10767.0,28.7285,-74.0104,53252.0
22183,132743.0,26.1,13250.0,10050.0,8531.0,38.3373,-97.5896,120769.0
39299,58403.0,31.9,10020.0,14135.0,13211.0,29.3811,-81.0823,102691.0
22874,104178.0,50.2,12338.0,17641.0,6563.0,45.5406,-88.4527,73835.0
42711,115528.0,30.1,20976.0,11420.0,8139.0,47.5546,-77.6185,144016.0
15539,35751.0,40.1,15581.0,10688.0,9888.0,36.9623,-99.5235,72075.0
63351,76849.0,33.3,10776.0,15204.0,10179.0,32.8077,-78.6373,10000.0
71267,62062.0,47.3,17008.0,7560.0,9142.0,29.8514,-97.715,112956.0
58354,60027.0,46.6,17342.0,16588.0,5165.0,25.2445,-69.483,44688.0
12557,88884.0,46.8,17600.0,12571.0,16014.0,30.7125,-96.304,71698.0
48360,59428.0,17.7,10111.0,9689.0,8292.0,40.3559,-97.7055,87946.0
92018,62601.0,37.1,11588.0,9583.0,9331.0,37.3404,-78.6808,56866.0
12200,70797.0,42.6,11616.0,6466.0,10850.0,47.601,-76.5269,83669.0
78497,65665.0,38.8,13197.0,9855.0,7090.0,33.9069,-92.2851,57078.0
56975,45661.0,41.4,17695.0,10944.0,9171.0,41.3466,-114.3919,103598.0
31357,94898.0,35.6,16481.0,7755.0,6968.0,36.2331,-97.4023,63021.0
87505,101213.0,27.6,16876.0,11818.0,10247.0,36.8144,-67.8837,102395.0
12869,83590.0,18.0,21770.0,13892.0,8172.0,30.6944,-80.5738,138256.0
71135,65586.0,28.5,18444.0,11146.0,9806.0,35.3738,-77.1414,124762.0
60108,57370.0,61.8,14291.0,14651.0,5860.0,35.7696,-123.0633,92192.0
48467,57409.0,30.1,9081.0,8771.0,6513.0,41.6661,-97.3963,71307.0
33328,133934.0,15.4,11427.0,16014.0,4905.0,47.516,-86.8494,108696.0
96831,98446.0,42.3,13691.0,12487.0,6868.0,32.233,-76.0281,77664.0
13987,53997.0,43.6,19146.0,18181.0,1279.0,25.055,-122.0929,104323.0
68871,79117.0,47.9,14863.0,21657.0,8079.0,36.4074,-74.7061,45968.0
32399,65937.0,39.7,11719.0,10119.0,7397.0,37.6115,-92.6443,123275.0
56214,89595.0,43.5,11336.0,10284.0,9453.0,28.211,-113.3585,99305.0
96416,88587.0,53.4,14652.0,11015.0,9134.0,43.0116,-106.2819,162575.0
80271,102090.0,27.5,19450.0,14383.0,12771.0,48.6232,-108.3662,140675.0
54064,53736.0,25.6,22955.0,17304.0,16783.0,47.6444,-93.6793,118874.0
80091,77618.0,24.1,13971.0,9389.0,12413.0,28.9277,-121.9505,98469.0
50818,31286.0,32.3,14776.0,13525.0,7641.0,45.8841,-115.6464,78642.0
55525,43566.0,49.3,8930.0,11456.0,7520.0,41.6123,-77.0511,125404.0
29830,97103.0,40.3,24696.0,14472.0,11606.0,35.3462,-117.1764,92062.0
27429,51233.0,39.9,7995.0,18038.0,3950.0,37.5153,-111.2296,134072.0
16893,53977.0,16.8,20858.0,11039.0,8054.0,45.24,-98.2511,115663.0
89909,74793.0,28.1,13173.0,5321.0,8286.0,36.0034,-94.4899,113625.0
57333,92369.0,16.6,12003.0,14976.0,10752.0,33.3302,-79.947,121507.0
13436,48479.0,46.7,9450.0,8669.0,10842.0,36.3312,-98.6074,70067.0
84290,-12020.0,50.9,27050.0,11428.0,6766.0,38.4782,-78.398,66164.0
86213,53244.0,42.8,16107.0,15148.0,7757.0,28.7269,-88.5176,66739.0
15895,105141.0,25.1,15106.0,13190.0,10335.0,46.5227,-118.3271,133400.0
29738,83578.0,49.8,19434.0,11593.0,6603.0,40.8547,-115.7764,68665.0
40746,108097.0,32.5,11746.0,9696.0,12618.0,39.8317,-99.215,75872.0
59377,46705.0,22.9,15009.0,400.0,10828.0,26.4874,-101.5835,118552.0
58404,34015.0,25.4,15282.0,14793.0,9515.0,39.1043,-81.1309,94366.0
64045,86564.0,30.7,12439.0,10988.0,10173.0,27.024,-90.7365,89466.0
49790,81001.0,35.5,20998.0,18053.0,7599.0,25.9674,-102.1001,85906.0
15600,82639.0,33.4,13907.0,13592.0,7121.0,37.1828,-114.9251,30554.0
50764,98325.0,20.9,7234.0,9835.0,7726.0,34.0696,-111.6166,73818.0
84543,85542.0,47.1,13493.0,16267.0,10500.0,38.7203,-91.0454,133021.0
55714,85140.0,33.5,16246.0,16605.0,9603.0,26.2306,-100.0171,84120.0
66835,92875.0,27.9,10533.0,11124.0,7732.0,34.7746,-94.6193,44413.0
83744,87560.0,46.1,10927.0,16775.0,11249.0,28.3697,-114.93,67540.0
66491,96436.0,23.2,12269.0,9779.0,8478.0,48.6775,-85.8885,113162.0
28589,100213.0,18.7,21106.0,12639.0,6920.0,38.0288,-74.7002,113461.0
53484,113292.0,47.7,12564.0,14286.0,9763.0,41.1859,-109.7816,88628.0
92989,58770.0,53.9,22146.0,15139.0,5961.0,32.1355,-96.0007,75542.0
46212,87014.0,30.4,11925.0,14486.0,3938.0,26.3685,-67.4439,58858.0
53525,65742.0,34.5,16625.0,10669.0,8985.0,48.3968,-105.3387,111137.0
57202,54161.0,23.5,12769.0,16375.0,7028.0,31.1565,-89.8923,127429.0
42635,57761.0,35.1,18770.0,11502.0,8238.0,34.5952,-119.6785,138655.0
73208,87374.0,30.2,9409.0,9724.0,6100.0,40.2466,-89.2451,67633.0
43828,85456.0,34.0,18714.0,9783.0,12627.0,24.6174,-119.7117,141171.0
28711,85010.0,39.1,15569.0,19760.0,7016.0,44.2565,-68.4051,97484.0
13420,69357.0,24.0,11800.0,9032.0,7704.0,37.4145,-82.7759,102993.0
10301,75085.0,31.4,14169.0,17167.0,10134.0,30.9554,-78.4986,127532.0
55236,95444.0,17.0,22669.0,7458.0,4870.0,25.5402,-83.4578,87380.0
76235,37765.0,31.5,15689.0,13952.0,4648.0,28.0625,-90.206,35795.0
64240,75616.0,34.1,11486.0,13188.0,10143.0,46.3758,-98.4551,121332.0
75726,77249.0,37.3,8977.0,18485.0,7665.0,41.1506,-74.356,109999.0
20492,93833.0,37.4,17527.0,9382.0,6296.0,30.2475,-68.5467,88713.0
16102,41244.0,44.0,15979.0,8277.0,10810.0,25.64,-95.5569,116867.0
60336,112378.0,19.6,18475.0,11534.0,6564.0,41.2654,-70.0394,127889.0
95314,80341.0,20.1,7689.0,18659.0,8176.0,38.3102,-90.5834,57612.0
36641,81665.0,40.3,9139.0,8463.0,6312.0,34.113,-93.2353,99616.0
44584,64966.0,14.6,20734.0,1646.0,9910.0,33.0903,-98.1855,35751.0
42745,88451.0,36.8,16657.0,12239.0,12996.0,29.4204,-112.652,95923.0
33093,76199.0,23.2,17667.0,15798.0,3417.0,40.7403,-124.7805,91179.0
76105,105225.0,50.7,10187.0,7945.0,9338.0,48.2667,-110.7511,111611.0
61885,38963.0,37.5,10095.0,15392.0,11570.0,28.3929,-94.9263,67306.0
46631,79389.0,32.8,19956.0,7856.0,7736.0,38.9279,-102.5824,87794.0
82991,85213.0,47.3,20192.0,11414.0,5607.0,34.6046,-98.5394,10000.0
14014,70341.0,24.4,9558.0,15011.0,10263.0,35.1672,-67.1418,118851.0
21093,64883.0,26.3,8603.0,7250.0,12005.0,30.3537,-104.3339,99093.0
28070,65926.0,22.4,14457.0,12726.0,11672.0,44.6284,-98.3212,105140.0
45777,79366.0,26.3,11003.0,16860.0,10098.0,36.1314,-117.1226,56927.0
66958,29751.0,35.6,10899.0,13896.0,9294.0,37.5851,-122.1705,111818.0
92074,99125.0,39.9,8743.0,9117.0,6303.0,31.619,-79.2508,148594.0
20729,62997.0,44.6,12658.0,18075.0,11596.0,28.5452,-91.3297,92530.0
55017,78195.0,16.8,9227.0,14634.0,11430.0,26.1478,-80.1184,123152.0
76320,84178.0,33.3,9523.0,4558.0,5586.0,41.853,-116.1581,74224.0
37751,61855.0,23.9,16492.0,15457.0,10093.0,28.9059,-91.2621,99911.0
88069,71724.0,32.9,14724.0,9715.0,10958.0,41.2519,-110.0351,54470.0
64748,24119.0,58.3,17424.0,12786.0,11646.0,33.7594,-111.5444,118974.0
15801,93303.0,37.9,6755.0,16032.0,8775.0,34.3944,-124.32,104211.0
29190,102002.0,44.0,15049.0,9802.0,6427.0,35.7294,-117.3099,61623.0
59689,32475.0,54.6,25378.0,5418.0,7494.0,33.1927,-106.7532,72022.0
60993,64838.0,46.3,13139.0,18022.0,5978.0,26.5155,-118.1042,99578.0
39592,44253.0,30.5,19124.0,16658.0,8847.0,31.7408,-66.8344,128612.0
20647,70556.0,22.2,19080.0,11651.0,8259.0,40.5934,-106.7907,146938.0
18716,91216.0,34.7,19326.0,15414.0,15435.0,40.6446,-117.3109,96038.0
98891,99683.0,29.3,15833.0,10522.0,11684.0,31.1556,-113.2541,60197.0
97545,103046.0,19.8,17830.0,12388.0,11909.0,35.5026,-90.3255,110204.0
99912,107764.0,37.4,18495.0,11423.0,10414.0,28.8362,-121.2214,153066.0
80316,69440.0,37.7,18177.0,10684.0,7898.0,29.2593,-74.1164,50786.0
12368,46326.0,52.7,9413.0,13437.0,8174.0,24.5762,-68.2715,67822.0
87575,72135.0,31.4,6463.0,7167.0,8448.0,46.4187,-110.4419,119051.0
16655,90832.0,37.8,7232.0,10994.0,9565.0,29.2677,-98.4444,104047.0
80031,44319.0,28.3,13649.0,13258.0,10168.0,29.6883,-123.6941,84979.0
86429,116503.0,43.7,17970.0,19352.0,9002.0,30.99,-87.1981,104860.0
97922,97447.0,33.8,9478.0,7330.0,8128.0,27.1852,-100.5784,129575.0
65766,69836.0,23.3,19620.0,14082.0,7218.0,39.9816,-109.0666,99396.0
23403,57228.0,34.9,12489.0,14521.0,4822.0,25.8786,-112.7966,94446.0
42097,58272.0,38.9,12536.0,4493.0,12850.0,27.3551,-86.4126,116888.0
88657,76855.0,37.6,10819.0,13642.0,15617.0,40.1189,-100.4432,91374.0
20966,69265.0,45.5,5576.0,15521.0,12598.0,32.4915,-114.4001,132183.0
62921,98763.0,20.5,16147.0,14355.0,5223.0,41.6987,-84.3426,163699.0
59726,66426.0,26.6,23563.0,11664.0,11361.0,37.9356,-91.6607,74898.0
60300,87638.0,41.4,14687.0,13333.0,12071.0,30.4005,-74.3383,61220.0
32677,74277.0,27.7,5747.0,12679.0,7790.0,40.2707,-118.0689,112601.0
65609,81742.0,37.4,18902.0,5242.0,10467.0,26.9068,-78.6457,60954.0
66661,69249.0,10.8,6876.0,12773.0,7631.0,37.4103,-85.2625,65761.0
41024,92693.0,62.2,8955.0,10532.0,13587.0,34.9287,-118.2144,33091.0
80313,93064.0,32.3,13808.0,9181.0,10096.0,30.6968,-84.0056,89072.0
63006,86498.0,46.9,15614.0,21940.0,6249.0,39.1001,-98.9487,96624.0
25338,90188.0,31.6,9957.0,17010.0,11009.0,45.7833,-69.2459,85153.0
78027,51391.0,39.1,13613.0,7399.0,12176.0,48.9726,-116.6449,140879.0
90135,83081.0,49.9,18576.0,13387.0,9594.0,39.1941,-87.0728,136494.0
29508,106230.0,46.7,19261.0,17832.0,10438.0,34.1176,-102.4632,155536.0
13051,87285.0,33.0,21257.0,6015.0,8791.0,29.6302,-68.5479,101805.0
58747,49232.0,33.6,24547.0,12308.0,5597.0,30.4274,-105.5315,135786.0
97142,73756.0,45.0,19049.0,12496.0,8545.0,35.9864,-68.231,107259.0
97235,84374.0,58.3,13916.0,6902.0,10569.0,33.1819,-71.8123,101585.0
64021,56065.0,36.9,19297.0,13518.0,8616.0,46.8454,-109.0474,85594.0
76412,41043.0,54.6,17334.0,16465.0,11402.0,33.2074,-77.591,28191.0
68335,67098.0,32.6,17532.0,18032.0,7823.0,33.3361,-66.2594,119602.0
66179,56479.0,44.5,15886.0,11003.0,8020.0,33.5884,-110.0929,132720.0
42093,74643.0,46.0,10440.0,22007.0,11493.0,44.9155,-99.2301,52029.0
79678,35215.0,30.9,9860.0,3768.0,9666.0,40.2697,-94.3093,100526.0
90738,89118.0,27.5,14514.0,13425.0,7765.0,39.3542,-107.5991,131244.0
49734,59135.0,46.5,15745.0,6351.0,12101.0,32.3536,-124.0994,86923.0
82615,99894.0,29.7,11603.0,12361.0,6934.0,44.4476,-112.0124,136856.0
83523,68078.0,26.1,17117.0,9912.0,6819.0,24.9591,-108.3657,97580.0
27019,74365.0,28.2,25404.0,14028.0,512.0,45.7699,-98.8276,85615.0
93613,70674.0,29.6,6278.0,11492.0,7338.0,36.8187,-114.905,138578.0
96672,57796.0,43.6,17911.0,8696.0,12926.0,33.9563,-73.478,70274.0
83847,136807.0,40.2,14670.0,8959.0,2783.0,36.4292,-83.4102,77224.0
92750,62603.0,42.2,17253.0,19730.0,6144.0,40.6854,-119.9732,71703.0
89634,100588.0,39.2,12846.0,13774.0,10317.0,24.3191,-86.6445,64880.0
38251,47659.0,29.1,14270.0,5191.0,2265.0,45.7888,-86.4343,105777.0
35945,84303.0,42.0,15648.0,14203.0,7468.0,35.1685,-68.583,83218.0
42217,86972.0,46.8,13492.0,11221.0,12423.0,32.5742,-124.8218,112294.0
18308,74396.0,40.8,7397.0,12018.0,15129.0,27.4561,-110.372,46791.0
15949,60725.0,39.5,13830.0,15280.0,9871.0,34.9866,-70.2603,65424.0
61990,68417.0,27.3,7918.0,16733.0,6221.0,36.4081,-70.0041,103081.0
11150,64918.0,37.1,18266.0,8565.0,6120.0,34.0912,-82.4854,143667.0
99480,135051.0,26.8,5672.0,11881.0,9435.0,40.9665,-79.82,112996.0
84740,74435.0,34.8,20143.0,9816.0,9843.0,34.5224,-119.6025,82367.0
76617,88122.0,18.6,17148.0,14387.0,14574.0,48.0354,-94.6813,58596.0
26896,119541.0,18.7,17167.0,11071.0,11912.0,38.9819,-111.3366,83831.0
56175,53092.0,33.1,4178.0,12117.0,9252.0,44.1869,-114.3081,99105.0
17805,75942.0,29.5,13357.0,10919.0,7994.0,26.7339,-77.1921,30366.0
15237,68270.0,36.1,20768.0,11576.0,18044.0,33.9323,-117.0327,63386.0
30056,72847.0,33.7,12407.0,18819.0,10880.0,32.4212,-97.3496,78143.0
55543,70525.0,35.3,9610.0,21563.0,6994.0,38.2371,-69.6239,92217.0
66556,56703.0,41.1,11817.0,13508.0,8326.0,45.5278,-114.0359,97152.0
13343,79885.0,30.4,14659.0,11600.0,6368.0,25.9585,-67.2984,82601.0
23500,48434.0,32.8,10743.0,5617.0,1786.0,25.8144,-66.337,115613.0
63222,99722.0,49.6,21169.0,8958.0,9938.0,45.2579,-92.2186,100833.0
39375,90583.0,35.0,14677.0,11493.0,14347.0,29.3213,-114.9616,88892.0
19662,62663.0,33.2,12222.0,9140.0,4108.0,40.7188,-106.3498,119671.0
26964,63875.0,35.8,8493.0,9560.0,9166.0,37.572,-99.9549,116692.0
69638,81888.0,33.4,17422.0,18302.0,6879.0,44.8223,-106.7499,56710.0
83666,55036.0,27.9,17308.0,12115.0,10565.0,27.1272,-108.4425,100458.0
95067,120300.0,25.0,11039.0,12473.0,8483.0,27.2446,-67.6384,128705.0
77215,83948.0,27.4,3818.0,9303.0,4920.0,37.9205,-115.9515,133250.0
79042,84832.0,43.7,17054.0,16710.0,6057.0,47.6595,-81.7337,109382.0
23284,92036.0,28.7,14066.0,11150.0,6509.0,34.3749,-124.9758,94261.0
82789,60513.0,33.5,16680.0,9917.0,13033.0,32.1736,-89.8252,112949.0
94664,102225.0,42.0,24786.0,5677.0,12880.0,39.1672,-70.9594,122833.0
71389,77863.0,32.2,14866.0,11756.0,8066.0,47.2612,-108.0119,104032.0
19435,98754.0,41.3,12431.0,9792.0,12683.0,44.9232,-114.054,105592.0
64340,70051.0,19.6,9263.0,18738.0,8480.0,48.8871,-86.5509,95587.0
54078,107932.0,33.7,13438.0,19376.0,8020.0,24.5642,-82.9565,60163.0
88832,85034.0,35.8,15803.0,7059.0,9171.0,26.8215,-84.4062,94611.0
61293,129563.0,35.2,15267.0,7511.0,9854.0,39.2367,-106.1603,79642.0
88781,65762.0,18.5,23617.0,10895.0,7334.0,44.5144,-110.1201,83089.0
70403,80114.0,47.0,17495.0,8736.0,9066.0,31.1311,-68.6008,140609.0
39124,49211.0,26.5,14326.0,12870.0,11362.0,29.9803,-70.5253,130255.0
53919,61768.0,38.4,11467.0,10694.0,9389.0,43.6744,-98.0183,48524.0
45247,90467.0,35.1,16333.0,13122.0,9128.0,25.4095,-75.0746,67438.0
72752,103233.0,45.0,10465.0,16064.0,10483.0,33.2346,-98.3129,87086.0
66573,149125.0,56.9,15899.0,7743.0,11000.0,36.6452,-99.961,76408.0
69101,72584.0,22.1,17437.0,15981.0,8812.0,38.0087,-115.751,112104.0
36646,51670.0,28.5,13918.0,9085.0,7577.0,42.2154,-99.842,63989.0
33049,93833.0,36.9,11849.0,20594.0,9568.0,32.8711,-93.2924,128379.0
89605,46804.0,23.9,4074.0,18484.0,4218.0,39.3171,-123.6722,100889.0
78385,89107.0,42.8,20719.0,11548.0,8369.0,38.6344,-98.7973,88222.0
50158,62444.0,43.4,17017.0,8146.0,1585.0,37.6904,-78.9,97883.0
75417,80290.0,40.6,17138.0,7381.0,3973.0,40.0121,-84.8773,86356.0
33289,102276.0,37.4,7193.0,15495.0,3521.0,30.4862,-87.5257,38608.0
19823,72232.0,48.7,21899.0,11878.0,12142.0,26.1162,-71.3362,97619.0
70160,98322.0,23.4,12674.0,15707.0,9042.0,26.9818,-123.9361,92690.0
51975,96829.0,35.7,13556.0,20817.0,5214.0,29.6146,-92.1342,71237.0
19540,28392.0,27.6,9654.0,8918.0,10473.0,36.5049,-78.5464,134398.0
26364,52460.0,43.9,6065.0,7079.0,11966.0,45.0111,-93.0612,118301.0
14611,35955.0,16.7,20787.0,12770.0,10525.0,41.5323,-105.8902,176832.0
37663,125043.0,34.7,21433.0,16579.0,8434.0,43.726,-116.9612,125104.0
61991,72365.0,38.4,14172.0,8238.0,9697.0,32.7744,-72.6338,80026.0
67679,119521.0,25.5,11603.0,12138.0,11704.0,34.1163,-97.225,74722.0
40977,34176.0,28.7,13115.0,17480.0,7592.0,33.842,-73.1912,86422.0
59115,60681.0,35.2,13252.0,5468.0,9090.0,28.7968,-90.4347,79969.0
98223,95012.0,44.6,9001.0,12941.0,8228.0,25.5304,-85.2227,101353.0
70890,79482.0,24.7,13539.0,9840.0,4160.0,38.7729,-77.5486,55902.0
76387,88321.0,26.4,15766.0,12497.0,11750.0,48.7304,-86.1098,121136.0
28071,43655.0,46.3,20091.0,14839.0,15172.0,28.1707,-101.5148,100485.0
69275,109420.0,32.3,15071.0,12883.0,6379.0,25.1671,-94.6956,116521.0
82369,94425.0,27.2,7118.0,7959.0,11888.0,43.4883,-77.6203,67230.0
21938,85041.0,42.3,16768.0,9995.0,6474.0,30.3147,-102.9546,105944.0
45195,57860.0,30.1,13720.0,17706.0,9398.0,44.7411,-102.1008,139952.0
14000,83095.0,45.3,21852.0,13316.0,13524.0,41.5984,-119.3543,72131.0
80588,67713.0,28.4,22147.0,15361.0,7439.0,47.6418,-71.0395,74693.0
48304,33738.0,33.4,22322.0,13001.0,8956.0,34.2232,-119.6289,121678.0
79449,73739.0,44.4,12192.0,15236.0,3595.0,40.5492,-86.7557,69038.0
92986,71082.0,32.7,24949.0,10415.0,7007.0,35.6214,-100.6215,93455.0
99643,101560.0,42.6,16755.0,8930.0,3281.0,39.7647,-101.0685,142761.0
30764,19139.0,34.3,23132.0,15055.0,10288.0,35.24,-84.9064,73921.0
96027,80880.0,54.8,12487.0,16509.0,11495.0,28.7158,-121.0415,142370.0
48494,46111.0,50.7,13507.0,8343.0,8335.0,36.6974,-89.9714,86788.0
13373,82981.0,21.7,16370.0,9696.0,9858.0,37.2146,-79.4501,69020.0
22161,84357.0,40.2,15759.0,11347.0,8023.0,44.2651,-76.1354,117067.0
37350,72829.0,26.8,21274.0,18479.0,11222.0,42.388,-114.9387,104867.0
35351,95182.0,36.9,13839.0,14253.0,9388.0,40.5948,-72.0523,100013.0
98668,43856.0,35.7,20823.0,6704.0,3043.0,26.8347,-86.2874,76801.0
25305,102693.0,24.4,18661.0,11628.0,11820.0,42.0154,-72.9706,105126.0
85353,57298.0,45.6,13933.0,11016.0,7831.0,36.5076,-96.3684,35853.0
86797,36103.0,37.0,18273.0,7307.0,5189.0,46.3525,-93.02,106155.0
75953,68190.0,32.2,12634.0,11581.0,7683.0,46.9968,-70.7767,139486.0
67458,22621.0,30.6,26751.0,10840.0,3294.0,25.3789,-71.9053,47913.0
30358,81354.0,36.4,1678.0,10553.0,5250.0,44.516,-98.5585,87515.0
13267,68519.0,39.1,18365.0,10370.0,9429.0,24.9424,-108.8097,72945.0
92745,105842.0,33.8,6177.0,17886.0,9680.0,33.1792,-101.8029,54919.0
99588,91223.0,6.7,13872.0,10545.0,9919.0,37.5575,-102.1219,44079.0
48513,40200.0,35.2,14572.0,12199.0,9010.0,27.7025,-108.0749,64540.0
36092,54040.0,20.6,22538.0,11765.0,6921.0,42.6578,-109.1538,95612.0
21338,88017.0,32.9,11539.0,9980.0,8837.0,24.2089,-74.1973,134893.0
10412,96177.0,21.0,21540.0,12318.0,7688.0,28.215,-120.8781,57129.0
17543,105563.0,20.8,9106.0,12261.0,4123.0,38.5199,-85.0209,111665.0
43496,105363.0,47.4,21733.0,12319.0,6683.0,41.8597,-114.8036,104121.0
70692,72762.0,31.8,12628.0,8563.0,11669.0,46.9161,-104.6742,150798.0
99084,84066.0,31.0,15367.0,11176.0,13765.0,41.6374,-121.369,117925.0
54425,107468.0,39.8,13318.0,15041.0,10954.0,40.7945,-109.0716,117894.0
48756,67417.0,31.3,21412.0,11281.0,13631.0,33.8585,-79.6632,121721.0
28888,84493.0,56.0,20439.0,12647.0,9256.0,24.0321,-72.7841,68067.0
45735,66828.0,32.3,17218.0,12668.0,14227.0,27.004,-111.9299,83362.0
57295,61226.0,38.7,9241.0,13670.0,15163.0,37.3639,-97.6507,132775.0
93042,76210.0,44.7,11425.0,14235.0,3800.0,40.8782,-97.2509,36534.0
95999,57811.0,51.0,9857.0,11303.0,9664.0,34.4362,-73.4591,76325.0
27955,71727.0,27.6,3759.0,8355.0,9259.0,42.267,-79.9949,61558.0
47841,49126.0,30.8,21307.0,7125.0,7728.0,37.0466,-94.7284,107863.0
80640,70250.0,47.7,13361.0,16071.0,10476.0,25.8544,-85.4259,84803.0
75510,86210.0,43.1,13308.0,15081.0,9123.0,28.8004,-75.0061,117159.0
44911,60281.0,45.8,22481.0,14597.0,6794.0,45.0,-124.4372,94581.0
69031,75232.0,21.3,12620.0,15245.0,8920.0,42.1228,-101.2295,56355.0
98726,78484.0,50.5,10798.0,11354.0,12614.0,46.369,-71.4727,51907.0
17357,86313.0,27.4,13876.0,9500.0,9548.0,26.9389,-81.3215,101341.0
42479,71661.0,36.9,9337.0,8078.0,10881.0,48.7556,-92.9724,76480.0
71476,102147.0,33.5,16722.0,7643.0,8169.0,29.2352,-93.751,84318.0
54811,22477.0,26.2,13132.0,16849.0,10356.0,24.2945,-104.4816,129908.0
46208,148444.0,20.9,12464.0,10027.0,5372.0,48.9356,-94.2893,125598.0
30150,53222.0,17.6,12030.0,16219.0,7501.0,31.0268,-86.3324,157419.0
81180,85085.0,36.2,14469.0,11252.0,8692.0,40.7005,-100.3166,90272.0
53286,51538.0,19.7,15417.0,9295.0,5171.0,28.4171,-82.865,83815.0
78450,91107.0,23.7,12400.0,7623.0,6509.0,38.5057,-74.1873,114813.0
31352,81914.0,32.8,13206.0,9647.0,9939.0,46.6009,-115.8736,83612.0
65069,58732.0,8.6,14592.0,17673.0,9389.0,32.0045,-98.3587,89436.0
24397,101827.0,42.8,14088.0,7663.0,11419.0,40.7563,-100.9268,92379.0
51555,70901.0,10.9,15155.0,20467.0,7198.0,28.6976,-84.4396,154403.0
56959,88680.0,34.2,11617.0,8638.0,9173.0,39.6199,-110.2578,121273.0
10728,52071.0,35.2,20023.0,15000.0,6984.0,32.4113,-87.2252,124235.0
60517,74228.0,40.4,15484.0,11419.0,11118.0,29.2802,-73.2281,147159.0
76234,125085.0,34.6,12481.0,10718.0,12572.0,31.8296,-100.3302,127160.0
49954,99074.0,55.2,16722.0,6914.0,10450.0,28.471,-71.2501,62022.0
57280,82691.0,37.2,14628.0,11606.0,12184.0,46.5479,-66.4033,126189.0
89459,63777.0,45.5,6331.0,7367.0,9097.0,33.9297,-118.7406,128318.0
26779,76687.0,27.8,16705.0,5274.0,11417.0,30.132,-111.2499,121003.0
73932,79939.0,36.2,9902.0,12478.0,9226.0,35.2102,-68.9276,93895.0
82936,86231.0,50.5,19672.0,9458.0,5925.0,32.0134,-68.4587,113296.0
34466,48083.0,32.6,13791.0,18737.0,9740.0,42.6105,-119.2353,99868.0
46939,91710.0,36.9,18900.0,16000.0,6014.0,48.2805,-124.1151,70274.0
79896,47760.0,44.8,11849.0,18790.0,16017.0,34.9508,-115.4951,76149.0
45270,115778.0,27.6,15350.0,9276.0,7998.0,45.5258,-66.2352,122597.0
69163,55709.0,13.4,21051.0,12545.0,10935.0,38.1466,-114.38,77149.0
92637,82416.0,37.6,13655.0,1517.0,8963.0,27.9309,-95.3497,75141.0
61934,100129.0,44.9,12046.0,10873.0,5299.0,41.2656,-74.9434,120624.0
74895,68690.0,21.5,18275.0,12394.0,3304.0,36.8359,-123.7963,106717.0
42307,83515.0,41.7,18178.0,12616.0,11247.0,40.2652,-89.3352,115976.0
64098,110880.0,41.8,12256.0,11831.0,13648.0,46.2422,-108.6555,61776.0
70921,89110.0,12.3,5073.0,12266.0,6796.0,35.0109,-74.1222,121029.0
15486,83889.0,25.6,11950.0,1147.0,4030.0,46.5294,-108.2758,82070.0
18335,32880.0,31.0,18387.0,13025.0,8025.0,42.7667,-84.4814,70284.0
96900,51657.0,33.2,11125.0,13934.0,6189.0,36.2151,-85.221,85198.0
99112,101173.0,27.6,14945.0,17352.0,7049.0,39.0806,-111.9319,142350.0
21130,89249.0,27.0,11713.0,13475.0,10831.0,32.1395,-122.9468,90660.0
97508,93037.0,51.7,5339.0,11477.0,8849.0,48.5899,-100.8543,162698.0
70566,90885.0,33.9,11623.0,16420.0,6511.0,40.6838,-107.9376,38350.0
76703,107244.0,28.0,18366.0,2571.0,10766.0,25.0962,-77.2703,55002.0
37192,68465.0,34.6,3149.0,9940.0,11001.0,32.1655,-77.7785,139806.0
11062,78012.0,40.4,16261.0,8937.0,7989.0,39.5829,-98.0356,146194.0
94076,49283.0,35.5,9070.0,11862.0,9414.0,25.4083,-89.2158,73991.0
99780,43049.0,32.9,18042.0,3205.0,10562.0,24.5971,-89.3487,102477.0
31545,33906.0,28.5,18572.0,17279.0,10278.0,35.2506,-76.1977,122666.0
31689,52871.0,28.4,14140.0,11001.0,9122.0,32.3173,-99.9249,94442.0
21174,113814.0,29.0,14152.0,13275.0,13298.0,34.9575,-108.7486,105693.0
98461,36182.0,38.4,10968.0,12892.0,10748.0,30.5673,-109.3629,99649.0
19348,67412.0,25.1,8272.0,17050.0,7648.0,28.1179,-93.3647,57544.0
33714,42671.0,38.9,23490.0,4552.0,7666.0,41.2286,-98.5003,88873.0
48102,59976.0,49.1,10675.0,12449.0,7326.0,36.8643,-99.0329,97544.0
84460,79242.0,38.3,22839.0,16585.0,10896.0,29.0039,-119.6229,102444.0
99930,57497.0,31.3,10702.0,11608.0,7132.0,31.9897,-82.6024,48823.0
16801,102242.0,22.0,17626.0,8195.0,7725.0,38.7952,-112.3895,125208.0
82267,113349.0,50.8,9311.0,9584.0,12174.0,25.8057,-113.3797,100729.0
58136,18773.0,23.3,17617.0,10428.0,9575.0,27.6863,-100.6473,70677.0
33625,57925.0,43.5,13372.0,9116.0,12596.0,25.8311,-111.5611,152274.0
92873,76479.0,41.4,13437.0,11389.0,11394.0,44.3079,-90.5524,88325.0
82592,103153.0,32.6,18050.0,18033.0,5470.0,42.8102,-103.0837,92026.0
87052,63644.0,32.4,12654.0,9611.0,8694.0,42.8328,-98.5142,119776.0
54261,74502.0,16.6,7859.0,10049.0,11970.0,41.9081,-93.307,160190.0
11542,46081.0,38.3,18807.0,13839.0,5333.0,40.7346,-112.9914,119771.0
31677,36680.0,41.2,9270.0,11301.0,10259.0,35.9248,-115.8107,123541.0
56732,111135.0,24.1,17583.0,6683.0,8882.0,40.057,-73.0551,72130.0
60343,29398.0,33.4,19865.0,11755.0,3736.0,24.959,-99.4103,102920.0
49081,133215.0,35.4,13123.0,11604.0,9359.0,39.5366,-100.6865,83958.0
72856,93129.0,40.8,20912.0,15903.0,6488.0,43.4469,-122.8989,119957.0
98858,91999.0,35.0,17409.0,8111.0,5497.0,36.509,-95.6194,123902.0
29065,89387.0,18.7,11521.0,15929.0,9027.0,32.9378,-92.304,152250.0
93460,68683.0,29.7,22007.0,11609.0,3207.0,30.9357,-92.0284,36310.0
98092,84802.0,37.2,9292.0,7568.0,6977.0,40.0701,-83.2852,80632.0
64693,70278.0,43.4,13116.0,6765.0,16654.0,41.32,-114.5286,137323.0
36962,88827.0,28.8,13968.0,19738.0,10951.0,45.7742,-110.1188,59190.0
38295,74158.0,56.9,18026.0,11360.0,6356.0,32.5584,-77.1669,119795.0
23807,51241.0,16.1,20577.0,15746.0,13212.0,43.2443,-69.1169,137809.0
52348,53236.0,29.4,20264.0,5168.0,6024.0,38.0339,-116.98,100277.0
36432,50393.0,34.2,16119.0,22551.0,7339.0,46.0709,-95.6387,57523.0
93285,99273.0,33.0,13599.0,15573.0,5553.0,37.1953,-112.3636,96757.0
67854,59564.0,22.7,5870.0,10978.0,9768.0,36.9407,-121.4557,146223.0
50262,27197.0,39.5,8429.0,10775.0,13106.0,38.4469,-105.7953,145272.0
47080,84921.0,38.7,23833.0,14938.0,6003.0,42.7329,-116.5224,105496.0
11324,112863.0,35.5,5820.0,14709.0,2819.0,48.1173,-83.1139,70587.0
45909,94327.0,38.3,11078.0,12730.0,12273.0,25.8391,-93.5102,151488.0
99339,59917.0,30.8,20723.0,12044.0,13661.0,25.3359,-116.5138,125476.0
29870,35330.0,18.8,16049.0,14244.0,3015.0,47.4388,-124.4547,75889.0
44578,71643.0,27.8,19640.0,5033.0,10380.0,37.2469,-77.3187,111709.0
82124,71019.0,36.6,17714.0,10515.0,9680.0,39.3726,-114.6045,108588.0
36790,50770.0,36.6,22348.0,5413.0,6638.0,36.0606,-89.2332,80570.0
35289,88776.0,35.4,16477.0,14418.0,4817.0,26.3414,-105.1216,110361.0
65129,121166.0,40.5,18317.0,9297.0,11975.0,43.2022,-90.4563,132090.0
25485,80557.0,29.2,11379.0,5714.0,9537.0,42.6806,-106.3764,92274.0
54482,79012.0,35.3,17932.0,8825.0,9763.0,31.7926,-119.8706,136195.0
96188,51569.0,40.7,13019.0,12597.0,7135.0,31.656,-111.8459,46194.0
14748,109935.0,34.2,12734.0,11179.0,6594.0,44.946,-113.9045,166718.0
96769,73121.0,22.6,19474.0,7307.0,1635.0,25.8089,-99.7469,104207.0
19435,60526.0,25.4,19508.0,5181.0,8316.0,46.0276,-86.1613,134113.0
13709,76592.0,43.3,23442.0,12296.0,13316.0,30.4165,-109.4354,104898.0
40355,86799.0,48.9,23116.0,9677.0,6329.0,38.8246,-124.2879,72511.0
65771,78480.0,46.8,19587.0,10968.0,4433.0,47.3999,-94.3827,96559.0
67799,105154.0,37.3,6398.0,11361.0,10307.0,40.9531,-89.2602,42251.0
23116,84599.0,23.0,24138.0,13720.0,10860.0,34.3607,-68.1906,123060.0
35470,67901.0,34.9,19590.0,15388.0,7242.0,41.2384,-90.2212,105826.0
52344,85030.0,50.6,11171.0,12586.0,7954.0,32.5995,-97.2008,91129.0
52918,87491.0,41.2,18645.0,10718.0,9792.0,30.9315,-91.1693,121345.0
62224,42591.0,32.9,9814.0,12099.0,8533.0,48.9171,-70.2539,101539.0
49298,103735.0,41.3,18093.0,10643.0,12000.0,42.7698,-76.1257,116949.0
90219,67477.0,22.3,8419.0,5430.0,16312.0,40.118,-105.9443,131406.0
71629,68117.0,28.0,10959.0,16368.0,3873.0,32.8822,-111.002,84914.0
76040,93784.0,24.2,18550.0,15614.0,12689.0,25.229,-109.5046,77108.0
38016,93679.0,39.7,20364.0,19953.0,9316.0,24.7764,-95.2392,47386.0
33960,57479.0,42.1,16627.0,21122.0,13165.0,37.8545,-81.1011,102249.0
43591,95073.0,33.5,13569.0,7296.0,11173.0,43.0508,-95.3101,113870.0
92848,60989.0,26.3,4426.0,10658.0,9183.0,37.4345,-121.0,62035.0
77641,120489.0,34.8,13955.0,22046.0,11280.0,45.0196,-82.3087,142653.0
46395,54295.0,30.1,17667.0,11838.0,7818.0,24.8357,-77.4478,76303.0
32700,80987.0,27.0,13416.0,12977.0,6677.0,33.1688,-107.9196,38487.0
44620,55450.0,38.4,14887.0,5915.0,11433.0,29.9268,-85.8166,144165.0
30559,130567.0,27.4,14072.0,12601.0,6467.0,35.1818,-99.8311,42327.0
71642,44054.0,19.3,13391.0,19728.0,10927.0,25.8094,-72.542,132058.0
86539,88109.0,21.6,15379.0,17147.0,9092.0,47.8533,-75.1317,124323.0
31732,56627.0,19.0,13637.0,9560.0,2012.0,29.5814,-93.9995,112792.0
40354,66147.0,37.5,22216.0,10415.0,7277.0,47.0577,-84.2012,83822.0
23843,86338.0,36.5,3968.0,7476.0,10005.0,34.6473,-72.8824,114781.0
81726,105615.0,36.0,12271.0,8595.0,7782.0,48.6381,-95.7527,131254.0
27640,115585.0,40.9,10649.0,4359.0,1360.0,37.8515,-106.5182,69250.0
62528,36576.0,46.9,16096.0,11661.0,12962.0,47.2708,-80.5337,126906.0
48413,81694.0,29.1,15386.0,18040.0,9508.0,24.1337,-112.0161,129112.0
62638,111487.0,39.1,23111.0,13422.0,10331.0,42.706,-102.0767,107981.0
62736,32867.0,19.2,24756.0,17465.0,7580.0,46.5763,-73.9221,87021.0
78866,82860.0,48.8,11135.0,16293.0,10594.0,27.493,-82.2591,125306.0
29087,74948.0,22.6,15003.0,9813.0,14504.0,26.4031,-101.1752,117739.0
51430,85364.0,27.9,15982.0,8962.0,6795.0,34.6143,-112.3301,70942.0
34504,55692.0,29.0,11011.0,9115.0,14001.0,47.342,-103.9979,90173.0
17114,39110.0,19.7,18142.0,5132.0,10196.0,37.5597,-108.2379,127623.0
88859,27172.0,35.3,13802.0,12129.0,6392.0,37.1864,-114.6107,103371.0
20975,99410.0,37.1,9662.0,382.0,15637.0,27.5282,-81.1434,132150.0
21023,102601.0,33.1,13602.0,14366.0,10175.0,24.0197,-110.1279,90130.0
31447,82567.0,19.6,10012.0,12288.0,11029.0,44.2535,-98.2041,73083.0
33959,61646.0,54.8,20183.0,13886.0,8192.0,26.1894,-102.2343,161842.0
76203,34424.0,40.5,24508.0,16228.0,6611.0,39.8462,-67.0574,48475.0
39703,89084.0,61.3,16224.0,12795.0,9503.0,46.8654,-101.9256,79737.0
19337,47481.0,26.9,15556.0,18526.0,13744.0,29.2163,-120.281,110003.0
56427,57218.0,44.6,15762.0,14488.0,8071.0,40.6318,-119.7003,127667.0
71529,60336.0,42.8,20911.0,8971.0,8920.0,25.9675,-90.1455,117835.0
94665,70062.0,32.1,20803.0,11049.0,13369.0,39.0939,-89.6376,169920.0
41921,56024.0,49.1,14422.0,2955.0,8099.0,28.0983,-100.2932,93648.0
43307,75836.0,30.9,16263.0,8391.0,10531.0,42.3988,-99.5212,74621.0
37355,59455.0,31.4,18263.0,10476.0,11632.0,31.5308,-121.818,94131.0
14835,92534.0,0.3,9312.0,14185.0,8410.0,35.5848,-94.5238,97343.0
30159,100777.0,39.1,21063.0,8999.0,9930.0,38.9858,-95.2204,97134.0
57605,77714.0,21.7,23674.0,7015.0,10983.0,28.2818,-116.1766,73177.0
48088,86566.0,29.5,20825.0,4450.0,7797.0,42.5409,-118.8735,124624.0
88752,127946.0,24.7,8772.0,9614.0,11447.0,31.566,-117.7092,113178.0
65284,45685.0,31.3,5150.0,19803.0,7359.0,40.5593,-119.0393,62814.0
67043,44163.0,39.4,18544.0,13084.0,6975.0,27.9571,-89.0272,128153.0
45547,92375.0,35.1,11199.0,15758.0,4419.0,41.2029,-113.4075,75634.0
92844,123664.0,42.1,16436.0,8400.0,7490.0,27.2047,-110.1656,63098.0
37532,68488.0,47.7,22676.0,5706.0,6553.0,34.6339,-114.7592,100089.0
44349,118171.0,31.3,11715.0,7116.0,7797.0,30.1802,-68.4877,48003.0
55445,77411.0,30.2,13112.0,11611.0,10836.0,42.7094,-74.5776,118642.0
15713,57978.0,44.6,16384.0,4023.0,3823.0,30.5509,-111.4008,12918.0
66178,50233.0,45.4,8512.0,7974.0,3076.0,46.0429,-105.6736,67043.0
59407,90735.0,42.4,11211.0,9655.0,6753.0,46.2955,-112.6163,145773.0
80340,52126.0,25.5,15124.0,6716.0,10384.0,28.911,-95.9793,81303.0
60990,77032.0,39.2,13498.0,3505.0,9867.0,39.3461,-123.843,83806.0
85672,114587.0,36.1,18042.0,13159.0,6705.0,26.1929,-85.3893,137993.0
75545,67330.0,45.5,28830.0,12183.0,12508.0,33.7884,-94.1337,74111.0
94791,107850.0,29.3,15496.0,15116.0,7025.0,41.833,-71.9803,124050.0
68141,44636.0,18.3,10791.0,7558.0,10387.0,40.4856,-115.3008,138557.0
33793,61652.0,41.9,22091.0,15040.0,7912.0,39.6175,-77.5576,112976.0
66570,39821.0,9.4,7056.0,18117.0,6394.0,31.0635,-78.2743,61768.0
47892,76825.0,27.7,8055.0,13049.0,7185.0,33.4506,-117.4963,83343.0
11015,94502.0,24.8,12024.0,9560.0,11202.0,26.5737,-101.485,183455.0
71813,76880.0,24.7,13586.0,12580.0,10083.0,41.9756,-114.961,87344.0
37712,105676.0,27.5,11905.0,9369.0,11904.0,36.5972,-109.9715,191088.0
18415,56271.0,47.2,14842.0,8703.0,10083.0,41.7191,-109.4685,148833.0
72292,80634.0,43.2,16374.0,14733.0,4166.0,30.2236,-92.1821,113932.0
33833,61813.0,32.5,20345.0,11444.0,15343.0,32.111,-100.7268,109421.0
14158,84042.0,46.3,15456.0,16820.0,10126.0,32.3554,-69.0838,83789.0
72680,87593.0,24.4,12190.0,10230.0,10544.0,24.6436,-117.5442,99457.0
30309,89560.0,23.0,20073.0,10635.0,7869.0,32.5262,-67.5522,81736.0
16970,48235.0,43.6,10911.0,9734.0,12340.0,44.0826,-111.3923,96362.0
82474,52756.0,40.8,6837.0,7519.0,5721.0,46.4325,-79.4004,57973.0
96704,57393.0,30.4,21030.0,15258.0,10829.0,36.9555,-105.0008,58448.0
56540,69028.0,23.6,20709.0,20743.0,2761.0,35.3875,-116.5582,141303.0
30384,77180.0,49.6,11039.0,10471.0,11032.0,24.7706,-74.3845,48711.0
28017,92702.0,17.8,13005.0,9278.0,5761.0,45.9801,-106.7772,130024.0
85880,53798.0,29.0,10415.0,9019.0,9831.0,24.3253,-86.1275,44364.0
18702,34975.0,37.3,16633.0,9281.0,13072.0,47.6188,-91.5798,118431.0
10384,128894.0,53.0,23660.0,18599.0,11468.0,36.2304,-97.1664,90172.0
10404,46714.0,38.8,18514.0,9126.0,12673.0,32.5484,-95.7467,138873.0
50943,95908.0,39.8,20179.0,9659.0,12363.0,47.1055,-81.798,89081.0
57926,75782.0,29.3,19099.0,7039.0,7427.0,24.6098,-119.8214,40853.0
39189,81283.0,40.7,14999.0,13175.0,10795.0,38.5356,-85.5773,93222.0
22763,74961.0,36.1,20417.0,11731.0,3825.0,37.7233,-72.1471,104580.0
28384,65379.0,19.1,18725.0,7451.0,6939.0,29.483,-121.5905,99217.0
70100,86599.0,42.9,22197.0,8429.0,13178.0,34.7222,-116.7015,115668.0
19860,64035.0,44.7,12702.0,18132.0,7845.0,40.3066,-82.7187,81128.0
90642,104158.0,43.0,6309.0,12131.0,3396.0,42.1783,-99.2004,60491.0
60612,89211.0,35.3,20226.0,12407.0,15041.0,24.0179,-101.1906,69945.0
33574,89990.0,25.4,16749.0,12423.0,10687.0,47.4213,-116.919,86440.0
33524,62322.0,11.9,13520.0,17579.0,11293.0,28.1131,-95.1006,88888.0
79172,69091.0,36.6,13799.0,7819.0,6059.0,29.8395,-117.5338,171869.0
20916,45302.0,45.8,27773.0,10414.0,9852.0,30.5868,-96.8794,135490.0
14809,66175.0,45.0,11789.0,11324.0,9773.0,24.9455,-79.9467,118609.0
42201,49086.0,43.2,10733.0,5115.0,6536.0,27.0763,-109.7624,111746.0
63330,107827.0,34.3,15426.0,8335.0,8491.0,48.6587,-96.6336,109142.0
23456,76263.0,45.9,20902.0,16187.0,4499.0,31.8804,-66.4711,106976.0
66397,79262.0,44.2,26392.0,15041.0,7960.0,26.8825,-84.4876,103052.0
48765,69371.0,30.8,18287.0,15748.0,11922.0,26.6748,-75.36,102050.0
44816,79939.0,41.8,8648.0,9644.0,6759.0,41.9865,-100.524,35890.0
55106,136622.0,29.6,24854.0,10137.0,14722.0,45.3642,-79.6962,90001.0
63932,67496.0,40.4,14903.0,4848.0,4692.0,30.4238,-122.61,91710.0
27100,58740.0,22.0,10811.0,15728.0,8219.0,24.5227,-117.7482,80128.0
67091,88242.0,22.8,9603.0,16387.0,7031.0,29.5773,-113.0188,85762.0
31949,11857.0,45.6,19182.0,16336.0,8459.0,25.4129,-101.2848,106905.0
80080,76599.0,44.4,16194.0,18416.0,13114.0,26.5849,-75.1011,121153.0
47744,65707.0,41.3,16725.0,13688.0,6047.0,34.7877,-104.5703,107710.0
55543,50192.0,35.9,21433.0,18228.0,7646.0,29.748,-86.3773,122098.0
46187,87694.0,11.1,10989.0,11198.0,10964.0,36.8986,-83.1505,127585.0
17239,76350.0,34.3,21831.0,4932.0,9279.0,30.3373,-90.4152,91159.0
24489,29940.0,39.5,12404.0,15443.0,9526.0,47.5134,-103.9227,114849.0
68017,58837.0,29.7,25820.0,4784.0,6104.0,46.6486,-90.9539,48679.0
71877,2793.0,27.9,17994.0,12681.0,8785.0,38.1702,-104.8063,89894.0
53125,82332.0,49.4,10399.0,15821.0,12395.0,32.8606,-120.0514,82056.0
59922,82082.0,34.4,4873.0,13297.0,4171.0,33.5287,-66.4246,146059.0
42049,55168.0,39.5,19045.0,21113.0,6908.0,34.2963,-117.4962,109204.0
47131,88503.0,42.7,13129.0,4136.0,3553.0,42.1895,-120.7314,58417.0
52944,42938.0,25.0,14222.0,11669.0,10611.0,35.291,-73.1667,119839.0
83963,50837.0,36.9,18831.0,12070.0,12676.0,45.4182,-107.1918,126907.0
34285,85430.0,48.2,20052.0,6624.0,8450.0,47.6024,-86.6325,94671.0
47626,57783.0,53.2,21119.0,7385.0,5983.0,32.3987,-105.5887,117069.0
52808,73434.0,35.4,9126.0,8619.0,6071.0,38.0174,-101.9042,25048.0
98464,60909.0,32.6,22129.0,7601.0,8109.0,26.3764,-109.5353,19496.0
63871,64727.0,37.7,12105.0,11568.0,8097.0,29.0117,-104.7604,64101.0
29198,65819.0,37.4,3719.0,9588.0,11735.0,34.3366,-100.7687,103982.0
29758,57331.0,48.9,9108.0,13272.0,6993.0,29.1551,-82.4955,143190.0
25254,82561.0,25.0,16090.0,14598.0,10305.0,45.914,-94.8194,68201.0
54238,59302.0,32.2,10106.0,14327.0,8084.0,27.9572,-69.3297,74948.0
11252,75392.0,23.8,14560.0,10359.0,6766.0,35.3915,-122.5291,104892.0
49764,56782.0,24.9,16691.0,13138.0,8009.0,39.1425,-95.319,87254.0
87709,36643.0,38.8,14093.0,16141.0,10010.0,41.2966,-90.5307,82770.0
47441,97811.0,43.1,12528.0,13782.0,11745.0,33.5767,-70.7084,85737.0
63682,87488.0,28.5,8747.0,19436.0,8244.0,45.7275,-122.0996,140743.0
69494,132217.0,42.7,15110.0,15929.0,5388.0,38.208,-91.1635,131942.0
91317,48901.0,46.1,4675.0,18874.0,11999.0,34.9877,-74.6358,98479.0
75215,69776.0,54.3,11570.0,2031.0,6305.0,25.681,-110.7263,145763.0
88587,71787.0,35.7,10361.0,12387.0,9782.0,35.6172,-73.2988,115131.0
16949,99734.0,28.6,13803.0,10704.0,8926.0,44.5184,-123.8764,135897.0
65393,62322.0,25.0,13933.0,11500.0,8524.0,39.3635,-81.7852,76188.0
83553,45724.0,24.0,19800.0,8780.0,7539.0,44.8041,-69.9463,82593.0
16941,105195.0,47.5,22917.0,13585.0,10860.0,36.3503,-86.2253,77571.0
35934,67084.0,19.8,9411.0,4767.0,-1746.0,26.9615,-99.0973,100427.0
33386,96966.0,47.2,24964.0,13614.0,12409.0,24.341,-122.352,99364.0
71886,94055.0,26.3,11104.0,8913.0,6262.0,31.5805,-70.7133,111462.0
85745,74253.0,28.1,15863.0,9998.0,10224.0,41.4498,-97.2525,160563.0
93251,70642.0,33.5,17554.0,13754.0,10065.0,43.7565,-123.2892,121942.0
63413,65211.0,28.0,27223.0,12315.0,12825.0,31.3938,-84.3006,85965.0
66800,74620.0,44.3,12289.0,16216.0,9593.0,36.3913,-96.5716,98038.0
52318,96578.0,53.1,6016.0,8122.0,6513.0,34.528,-117.6636,141520.0
80173,55089.0,28.4,22452.0,11677.0,4186.0,34.2631,-112.358,124772.0
80390,77721.0,30.7,10833.0,15555.0,7954.0,29.7837,-121.195,145618.0
62329,47034.0,33.4,13192.0,13445.0,3125.0,27.4093,-91.1167,85845.0
53088,50147.0,40.4,9411.0,13702.0,7115.0,28.9172,-88.3003,77567.0
49811,74227.0,33.5,13206.0,16432.0,8122.0,25.3833,-95.1612,79396.0
65479,25996.0,48.9,10798.0,10375.0,6930.0,28.9533,-76.791,85164.0
95392,126514.0,46.5,18382.0,9533.0,9125.0,24.23,-74.2005,65810.0
97369,45174.0,23.1,15404.0,14304.0,8292.0,39.6815,-88.6782,111226.0
29963,73998.0,40.2,11595.0,11402.0,8017.0,31.9094,-124.2474,108329.0
65123,104205.0,50.2,19979.0,16489.0,1728.0,48.3286,-83.9815,137125.0
83477,53427.0,30.1,16275.0,13479.0,5116.0,28.8429,-100.338,48181.0
24388,17433.0,32.1,5770.0,9507.0,10928.0,32.6457,-91.6321,72261.0
15569,63876.0,29.7,19599.0,13354.0,11413.0,32.946,-86.7042,125224.0
79836,53129.0,29.9,15924.0,8389.0,3484.0,24.2113,-104.336,106517.0
46586,18091.0,18.3,21954.0,15788.0,6556.0,44.9802,-70.8912,104681.0
22015,82122.0,21.7,15620.0,6411.0,12216.0,24.7999,-117.0955,140572.0
55002,80177.0,35.8,11041.0,16888.0,6846.0,47.5045,-85.3808,69546.0
16254,103558.0,50.1,13979.0,13284.0,8666.0,46.3019,-124.7428,75112.0
27144,46979.0,28.9,19020.0,11342.0,13325.0,37.388,-70.4456,75831.0
34214,35022.0,28.6,11146.0,15053.0,7915.0,37.5899,-118.3623,40897.0
90719,64832.0,52.0,12799.0,14045.0,7486.0,40.3444,-119.4018,100581.0
81774,72791.0,23.9,13892.0,17322.0,8529.0,33.6763,-105.3525,86531.0
16090,98034.0,18.4,9253.0,17284.0,14560.0,40.1806,-102.9596,81336.0
21637,110264.0,26.7,11218.0,13409.0,10339.0,25.1192,-112.3563,74255.0
32415,105362.0,28.4,15863.0,8513.0,9057.0,25.3512,-90.4778,100794.0
34071,81914.0,17.5,21012.0,9834.0,7427.0,35.4308,-98.8681,79540.0
68243,94987.0,33.7,16586.0,11713.0,10616.0,37.7406,-122.9836,106904.0
51240,58988.0,44.5,14771.0,16327.0,10979.0,46.1954,-106.1405,111878.0
93807,79210.0,22.1,10844.0,10174.0,5780.0,26.6165,-77.1845,93734.0
43434,45218.0,35.9,20476.0,10508.0,11060.0,44.5662,-84.3076,88951.0
79724,76567.0,39.0,17168.0,19393.0,8547.0,29.2512,-82.2326,104774.0
85697,77216.0,34.2,11466.0,11583.0,9074.0,33.8521,-83.8111,99301.0
38732,118053.0,36.9,19493.0,9461.0,6347.0,31.9151,-106.6526,139535.0
21314,69275.0,37.0,17798.0,15107.0,7800.0,34.0039,-119.1198,109154.0
33954,77251.0,26.9,10932.0,11775.0,5910.0,27.7624,-108.9244,134492.0
67108,80924.0,50.0,14493.0,6442.0,5765.0,36.5893,-75.9247,115318.0
97044,63629.0,47.5,12536.0,16164.0,10131.0,44.0411,-67.1522,57952.0
97505,54938.0,46.9,28168.0,9012.0,7935.0,35.0384,-95.863,80873.0
46668,107470.0,45.1,17659.0,12174.0,5101.0,36.2653,-124.4277,96531.0
33061,50477.0,19.3,15934.0,11727.0,15531.0,45.2192,-116.7374,129203.0
89252,41802.0,44.3,17363.0,12920.0,5626.0,41.6515,-105.9972,155982.0
49749,92007.0,41.6,21896.0,3236.0,12276.0,36.2614,-90.8635,84165.0
26907,103945.0,19.6,14583.0,10660.0,4571.0,30.4424,-120.5695,104731.0
28777,63715.0,32.9,12050.0,16499.0,10370.0,46.1232,-69.3419,124427.0
61745,64099.0,37.8,19221.0,17062.0,8248.0,38.4255,-103.4601,97712.0
91818,82064.0,51.6,14125.0,8035.0,7113.0,29.5287,-71.1575,145994.0
33624,57304.0,42.2,9651.0,15682.0,9590.0,30.728,-78.9492,58116.0
33321,55457.0,26.4,8677.0,8954.0,9187.0,44.0783,-80.4292,122068.0
20488,96990.0,52.0,22646.0,10502.0,6563.0,25.1036,-89.2035,116657.0
32574,90178.0,35.4,15658.0,10712.0,6427.0,48.8023,-88.0198,134474.0
15240,107779.0,32.4,12052.0,12435.0,4278.0,27.2588,-87.3578,102374.0
53221,43685.0,31.7,13828.0,16005.0,9917.0,43.9017,-87.9054,127399.0
20478,62438.0,18.8,19037.0,13058.0,5239.0,33.8694,-92.33,95773.0
65645,82029.0,33.9,13533.0,11495.0,9012.0,36.3054,-66.8016,76178.0
29262,51859.0,40.0,7753.0,15869.0,10777.0,46.0163,-81.7949,70588.0
62796,91042.0,31.1,16629.0,8789.0,9624.0,34.3228,-79.1602,57529.0
14432,105616.0,39.2,21042.0,11691.0,6831.0,37.4373,-73.5247,85920.0
74291,60416.0,26.4,20707.0,15983.0,11726.0,25.2325,-112.2773,111074.0
89104,75965.0,33.6,12203.0,14117.0,7776.0,24.0587,-120.0556,94038.0
69399,111390.0,38.2,21346.0,10135.0,4998.0,30.12,-96.5092,105308.0
89714,119982.0,36.9,16065.0,5948.0,8149.0,41.0146,-94.6692,136668.0
60428,93645.0,18.9,21206.0,13243.0,10760.0,27.0316,-76.0783,87688.0
97731,89836.0,30.6,17868.0,5685.0,6977.0,26.844,-98.8168,171087.0
10302,53657.0,51.8,7392.0,11150.0,11635.0,34.274,-91.3197,119300.0
92558,83980.0,30.1,23734.0,16716.0,6689.0,40.1959,-93.9028,95079.0
10055,88921.0,35.2,15259.0,14387.0,7097.0,41.8018,-122.746,93381.0
18717,69741.0,34.1,17884.0,3905.0,5862.0,28.4613,-88.7023,69929.0
38699,60131.0,50.7,8280.0,12802.0,11051.0,25.9897,-76.1454,96091.0
83686,42968.0,47.9,17527.0,10723.0,8840.0,47.5099,-115.7075,32571.0
77661,31557.0,43.1,20515.0,6905.0,6061.0,30.5167,-89.9344,136057.0
54247,26303.0,25.3,24677.0,13340.0,7811.0,45.3337,-89.977,17448.0
26748,89486.0,38.6,22002.0,10033.0,-213.0,45.5873,-115.3131,100535.0
14621,78692.0,40.7,17771.0,10058.0,11334.0,43.3131,-117.7156,64545.0
25034,62905.0,28.0,7278.0,12496.0,8488.0,28.2208,-67.1769,80360.0
15126,66714.0,26.3,15661.0,9496.0,1781.0,44.545,-101.7706,84576.0
15122,80262.0,52.1,12037.0,12383.0,4630.0,43.2313,-111.5821,154359.0
28030,70886.0,32.0,16175.0,9627.0,7735.0,38.9181,-114.8919,67504.0
92838,41486.0,51.1,8918.0,9846.0,5057.0,32.4301,-85.6115,124196.0
94717,97825.0,45.0,13949.0,15972.0,11380.0,30.5627,-89.0427,132819.0
65658,82603.0,39.1,12414.0,16379.0,10256.0,27.0472,-87.0304,29032.0
48638,81647.0,39.5,12259.0,5165.0,10079.0,36.7439,-119.8076,80633.0
77067,95939.0,21.0,12309.0,14988.0,1187.0,38.6315,-72.2815,147335.0
98869,54659.0,37.1,14321.0,17594.0,7424.0,32.9835,-102.0333,60143.0
44674,105343.0,49.2,16431.0,18230.0,6907.0,35.884,-106.5112,133116.0
45854,71499.0,41.8,2508.0,14082.0,6138.0,33.0879,-97.7207,98100.0
56271,97215.0,36.5,3118.0,7770.0,7754.0,40.0252,-101.9861,97857.0
83688,93361.0,52.1,13307.0,14520.0,5621.0,46.5315,-74.049,98661.0
48518,49030.0,33.1,14011.0,8523.0,9646.0,28.098,-70.1736,110646.0
20267,87573.0,28.8,15946.0,10628.0,11300.0,33.5352,-107.0963,72570.0
11062,83157.0,36.5,11362.0,13532.0,11041.0,27.5217,-74.0278,91880.0
60448,75758.0,42.7,15047.0,8781.0,8586.0,39.6236,-78.8901,109585.0
16229,72641.0,17.8,15633.0,7414.0,14998.0,42.2218,-70.0823,108742.0
66793,72853.0,37.8,11327.0,13863.0,12420.0,47.2978,-110.5007,109907.0
57915,95317.0,43.1,20067.0,19469.0,8695.0,30.9718,-90.9594,76821.0
14632,89448.0,32.3,15885.0,16973.0,7553.0,47.7553,-108.8019,119509.0
13596,75762.0,46.1,17735.0,14829.0,13014.0,25.5816,-76.3784,101581.0
16168,37702.0,41.4,15344.0,15917.0,12023.0,39.0753,-124.6859,51296.0
17561,87361.0,56.4,25518.0,14551.0,4769.0,25.4283,-91.6757,79778.0
83794,93090.0,27.5,17982.0,13800.0,12257.0,46.3444,-104.987,74637.0
92152,132510.0,43.3,12560.0,15594.0,8537.0,37.2452,-105.9617,71089.0
36734,101886.0,24.8,19105.0,6527.0,6417.0,40.7337,-86.9505,87741.0
16371,27521.0,18.8,6812.0,12798.0,3062.0,44.7893,-74.7624,121632.0
36069,76961.0,14.6,15598.0,11676.0,8193.0,27.7578,-89.0575,85267.0
89905,120284.0,40.4,16596.0,12316.0,8963.0,24.9648,-74.6628,105677.0
22910,90589.0,36.8,15655.0,10155.0,13762.0,45.972,-109.3888,101467.0
83479,83216.0,30.2,13331.0,14082.0,11872.0,31.8733,-94.3494,77587.0
87735,97506.0,17.3,9939.0,8728.0,7251.0,27.2245,-98.4183,93202.0
91264,59441.0,28.1,11053.0,9865.0,10168.0,35.7115,-124.313,127325.0
33275,86952.0,35.0,15510.0,9384.0,11479.0,38.9577,-92.1481,104486.0
82274,68738.0,42.9,9432.0,15456.0,9258.0,24.7743,-85.9701,114878.0
91449,74509.0,34.8,23851.0,11953.0,7239.0,30.8724,-90.0771,138209.0
70004,95711.0,37.5,1796.0,10157.0,7403.0,24.82,-81.5595,112542.0
72981,51832.0,31.2,13383.0,10506.0,10156.0,34.5084,-91.291,43131.0
94659,107200.0,52.5,15552.0,12016.0,10239.0,46.3775,-121.0617,104621.0
64553,64430.0,24.8,17537.0,18489.0,8121.0,48.5663,-118.1297,83494.0
58447,81517.0,28.0,10420.0,7054.0,1143.0,39.9262,-89.808,155707.0
44529,39987.0,30.1,20671.0,14702.0,5128.0,28.0409,-108.7762,112963.0
85703,92996.0,40.4,8031.0,13887.0,10859.0,46.6462,-120.3009,80991.0
86090,111163.0,24.6,12169.0,8468.0,2607.0,36.9062,-99.6534,119073.0
27260,62134.0,36.4,18104.0,17867.0,12553.0,27.8437,-92.295,102453.0
13812,47244.0,36.6,20201.0,14157.0,12108.0,47.0432,-105.604,48132.0
38024,81950.0,28.1,7980.0,9969.0,9123.0,42.9367,-82.4944,127279.0
68656,111370.0,38.3,28225.0,4562.0,10794.0,42.2926,-87.0175,87176.0
37285,38754.0,24.9,10513.0,12917.0,10586.0,41.7295,-105.3637,144633.0
11605,47342.0,23.8,8439.0,11821.0,8649.0,29.0085,-80.4625,98499.0
81158,63645.0,36.0,17514.0,7877.0,4878.0,29.2752,-86.727,142979.0
82303,54491.0,18.4,13259.0,7826.0,11902.0,41.2073,-87.3907,116065.0
37139,54570.0,13.6,12520.0,15474.0,13222.0,29.4931,-92.3478,133513.0
87149,22647.0,40.3,17978.0,4177.0,5374.0,34.9668,-124.328,84178.0
66138,89726.0,45.5,7364.0,13257.0,4766.0,43.55,-83.9061,108492.0
86125,83468.0,30.3,6489.0,11250.0,8590.0,43.5988,-102.8135,49145.0
23918,32529.0,28.3,12013.0,13989.0,7121.0,35.3315,-69.386,97524.0
95655,111430.0,45.1,20390.0,10823.0,9435.0,43.8047,-76.7389,53455.0
37446,117027.0,23.5,12230.0,13173.0,12624.0,44.9655,-90.326,68003.0
23046,56227.0,21.4,22996.0,9029.0,2263.0,40.3694,-110.1213,76003.0
34818,104164.0,42.1,21005.0,11803.0,13744.0,29.7106,-112.9807,118399.0
14324,60675.0,35.1,16415.0,13956.0,7780.0,30.8503,-104.9173,95561.0
86323,79528.0,45.6,16699.0,12603.0,10535.0,31.871,-96.8825,98814.0
19111,54106.0,13.6,16410.0,13521.0,10856.0,26.9201,-107.5321,99043.0
48110,130356.0,21.0,15799.0,8288.0,11206.0,30.829,-94.6192,135224.0
26389,67600.0,35.1,13169.0,9637.0,9186.0,29.238,-115.2431,100092.0
51427,78161.0,39.2,13749.0,9707.0,9887.0,35.3832,-67.3149,106629.0
89579,57802.0,43.5,9650.0,10894.0,9867.0,46.7109,-118.6325,81197.0
38746,121533.0,36.7,3950.0,17434.0,7109.0,26.612,-70.0153,134133.0
97886,122165.0,36.6,20520.0,10583.0,3726.0,42.0067,-71.0989,136404.0
10117,115773.0,31.1,15786.0,7426.0,5342.0,41.1821,-94.0037,99673.0
94471,98911.0,50.9,15031.0,14167.0,8687.0,26.3939,-82.2303,79290.0
23234,59380.0,24.0,16992.0,17387.0,6640.0,47.0643,-99.2732,53727.0
63441,95696.0,38.6,10858.0,6955.0,6647.0,38.2118,-87.828,73224.0
10846,74824.0,25.1,9995.0,19891.0,14398.0,33.0931,-104.906,36963.0
20954,107810.0,40.3,13582.0,13661.0,11577.0,42.9135,-107.2316,71612.0
89239,102898.0,24.6,21840.0,16136.0,8244.0,30.4341,-90.8844,112785.0
56514,58768.0,42.4,9156.0,17868.0,11016.0,41.3377,-95.6103,97000.0
98236,98696.0,36.1,1865.0,15890.0,7739.0,24.9928,-90.8074,169473.0
16469,92051.0,52.4,12393.0,11558.0,9332.0,44.9852,-108.087,85379.0
40105,5661.0,32.2,20713.0,16871.0,10325.0,35.2043,-103.3495,87087.0
52101,95023.0,39.2,6337.0,13018.0,7747.0,39.9173,-120.05,131033.0
74323,64205.0,27.2,9099.0,16362.0,6944.0,29.5309,-121.9157,43750.0
68067,52849.0,32.1,16318.0,16800.0,12672.0,40.9268,-110.046,56123.0
59376,53918.0,36.1,27850.0,7636.0,10842.0,43.306,-120.6194,119705.0
55587,71619.0,19.7,8209.0,15177.0,2236.0,35.8303,-118.8773,97191.0
46976,87001.0,20.8,8015.0,11272.0,6996.0,39.4432,-77.0372,97660.0
77584,40863.0,41.0,16693.0,12553.0,6656.0,35.4081,-122.7065,70685.0
88477,79746.0,33.5,21023.0,12508.0,7137.0,46.3523,-86.1224,107486.0
52533,89419.0,29.1,11880.0,12348.0,11587.0,36.4467,-108.9191,76945.0
11828,121545.0,27.6,6893.0,18094.0,9058.0,45.0452,-73.5788,103657.0
11917,48083.0,28.0,17169.0,6534.0,4831.0,44.0338,-96.3855,66641.0
30618,66260.0,36.1,18074.0,5111.0,7850.0,34.2626,-106.971,94302.0
42254,81542.0,39.5,23893.0,4267.0,10625.0,29.7521,-94.4593,159857.0
57362,103685.0,14.1,18285.0,16277.0,8341.0,34.1521,-102.4645,91438.0
30128,67394.0,49.1,19140.0,8906.0,7066.0,44.6554,-91.7062,93222.0
69383,104966.0,48.4,13689.0,12529.0,9994.0,29.6908,-118.2426,91242.0
75545,26566.0,11.7,27208.0,11541.0,13855.0,37.1109,-66.1776,109898.0
92180,43666.0,45.9,13009.0,8454.0,10384.0,44.1524,-99.8922,111871.0
97958,83716.0,45.6,11940.0,15406.0,12903.0,32.8369,-104.4544,105607.0
19865,39729.0,35.0,24048.0,11490.0,7267.0,40.0552,-83.0976,108379.0
12219,45638.0,22.0,7629.0,11049.0,8975.0,30.1408,-103.5299,97167.0
49809,61806.0,45.2,5763.0,12931.0,8914.0,26.732,-75.8368,100977.0
15287,94286.0,32.6,15598.0,14883.0,9356.0,43.8596,-98.198,94065.0
44387,27601.0,40.5,14991.0,8164.0,10322.0,26.4742,-82.5461,44530.0
18512,79257.0,57.2,13861.0,15492.0,6243.0,30.7845,-118.6603,174480.0
11342,100824.0,37.5,19970.0,17799.0,10942.0,45.3777,-75.079,121344.0
73076,70126.0,25.8,10459.0,6296.0,4116.0,32.6617,-81.5926,72453.0
29216,65779.0,31.6,15321.0,13113.0,4993.0,48.3261,-112.5087,107573.0
89767,85044.0,27.1,13199.0,10780.0,15407.0,48.4934,-116.4281,61195.0
36614,70197.0,39.3,10544.0,14797.0,7470.0,30.7069,-106.3388,84306.0
46258,109762.0,26.9,14691.0,7133.0,11189.0,25.0245,-67.4118,57153.0
52078,47215.0,30.3,19263.0,18516.0,14095.0,41.6266,-109.8469,99411.0
93524,73709.0,22.2,25603.0,5568.0,2057.0,35.2747,-98.0885,55129.0
22219,80142.0,33.7,17897.0,11023.0,12379.0,26.5188,-123.2288,111917.0
10235,65539.0,36.8,2446.0,13737.0,10947.0,41.6881,-101.5636,120111.0
52929,3218.0,8.2,14809.0,9255.0,13921.0,24.7794,-91.2921,80558.0
77444,70977.0,37.6,15249.0,8626.0,5455.0,45.7549,-68.7656,104307.0
18567,97504.0,34.5,19681.0,12889.0,13354.0,27.4663,-94.5126,73694.0
80792,94453.0,27.4,15924.0,12311.0,6782.0,27.1828,-76.6727,116883.0
75441,83869.0,55.3,21265.0,12024.0,12164.0,28.3918,-92.7195,75285.0
94555,47553.0,44.6,16958.0,15435.0,8892.0,48.0067,-122.5937,121752.0
83698,84883.0,24.0,22794.0,10422.0,11312.0,41.3292,-106.4145,47846.0
15415,60664.0,43.4,12806.0,13278.0,9147.0,44.0343,-91.0426,68174.0
46159,83837.0,47.4,15722.0,9974.0,3482.0,33.9409,-68.915,64247.0
53925,78038.0,36.3,19133.0,8603.0,-362.0,32.4078,-74.3113,105837.0
15951,50591.0,38.6,12139.0,10861.0,9630.0,29.8621,-111.527,115929.0
97388,52689.0,38.4,11050.0,10005.0,8209.0,36.0162,-112.0135,107741.0
18007,83876.0,14.1,11853.0,10205.0,10195.0,37.7957,-113.1308,88902.0
51832,69472.0,33.1,11254.0,16661.0,8244.0,39.7944,-70.5726,16521.0
68596,53993.0,32.6,17613.0,10984.0,15054.0,30.428,-74.6927,101639.0
40523,51929.0,49.3,5826.0,9348.0,9692.0,47.7164,-79.2819,120779.0
